order_id,product_id,customer_id,quantity,price,discount_pct,discount_amount,order_value,shipping_cost,order_date,shipping_date,shipping_city,sales_channel,payment_method,order_status
18467618,20967,988365,1,131.95,10,13.2,118.75,0.0,2026-06-26,2026-06-27,Budapest,Website,Card,Completed
86361783,51232,270015,1,25.36,0,0.0,25.36,3.63,2025-09-26,2025-10-03,Székesfehérvár,Retail Store,Bank Transfer,Completed
27612508,85983,225293,3,93.47,0,0.0,280.41,0.0,2025-07-25,2025-07-31,Budapest,Website,Google Pay,Completed
80403123,20967,619421,5,129.57,0,0.0,647.85,0.0,2025-01-27,2025-01-29,Budapest,Website,Apple Pay,Completed
92605208,37136,693413,2,48.95,5,4.9,93.0,6.83,2025-08-27,2025-08-28,Budapest,Website,Card,Completed
64218549,26644,160490,3,64.67,0,0.0,194.01,0.0,2025-10-28,2025-10-30,Budapest,Website,Apple Pay,Completed
74606487,20967,652094,1,132.53,0,0.0,132.53,0.0,2025-02-09,2025-02-13,Budapest,Website,Bank Transfer,Completed
98977123,20967,458514,1,131.58,10,13.16,118.42,5.03,2026-08-08,2026-08-08,Debrecen,Website,Card,Completed
37980886,20967,997131,1,128.15,0,0.0,128.15,0.0,2025-11-10,2025-11-11,Szombathely,Website,Apple Pay,Completed
11361269,86989,364783,1,89.5,0,0.0,89.5,4.92,2026-08-26,2026-08-31,Érd,Website,Card,Completed
24755545,45415,698871,3,68.46,0,0.0,205.38,0.0,2025-06-03,2025-06-05,Budapest,Website,Card,Completed
83091566,20967,676533,1,131.75,10,13.18,118.57,0.0,2026-07-07,2026-07-11,Budapest,Website,Card,Completed
14028304,51232,897974,1,24.69,10,2.47,22.22,6.1,2025-05-02,2025-05-03,Szeged,Marketplace,Card,Completed
90477053,49073,895547,5,92.62,15,69.47,393.63,0.0,2025-02-01,2025-02-07,Győr,Website,Card,Completed
42026093,49073,955347,1,89.96,0,0.0,89.96,8.57,2026-08-11,2026-08-11,Budapest,Website,Card,Completed
99736312,39892,355971,2,117.23,15,35.17,199.29,0.0,2025-05-18,2025-05-21,Budapest,Website,Card,Completed
68006294,85983,535303,1,96.38,0,0.0,96.38,7.36,2026-07-12,2026-07-15,Nyíregyháza,Website,Card,Completed
73687614,17471,987761,1,30.68,0,0.0,30.68,7.18,2025-01-10,2025-01-13,Pécs,Website,Card,Completed
63345560,51232,235610,2,25.96,20,10.38,41.54,4.77,2026-05-25,2026-05-29,Budapest,Website,Card,Completed
23486117,45415,507765,1,68.38,10,6.84,61.54,6.26,2026-06-05,2026-06-06,Székesfehérvár,Website,Google Pay,Completed
57609976,23801,258927,1,35.8,0,0.0,35.8,7.08,2025-06-21,2025-06-23,Sopron,Website,PayPal,Completed
55885190,51232,574494,2,24.6,0,0.0,49.2,4.53,2025-04-13,2025-04-18,Győr,Marketplace,PayPal,Completed
87566078,85983,830998,1,98.11,10,9.81,88.3,0.0,2026-01-02,,Tatabánya,Mobile App,PayPal,Cancelled
98552498,49073,439918,1,90.94,5,4.55,86.39,4.92,2026-05-27,2026-05-28,Budapest,Website,Card,Completed
85806121,51232,731977,2,25.49,0,0.0,50.98,6.15,2025-10-06,2025-10-11,Budapest,Mobile App,PayPal,Completed
46879218,86989,963120,1,92.82,0,0.0,92.82,8.63,2025-06-08,2025-06-09,Debrecen,Website,Apple Pay,Returned
93713167,23801,356196,1,36.37,5,1.82,34.55,5.66,2025-12-23,2025-12-26,Pécs,Mobile App,Card,Completed
26375689,49073,309026,2,92.37,20,36.95,147.79,0.0,2025-05-16,2025-05-17,Győr,Mobile App,Card,Completed
42220088,49073,409141,1,89.41,5,4.47,84.94,7.48,2025-07-01,2025-07-07,Budapest,Mobile App,PayPal,Completed
62169930,45415,293412,1,69.99,0,0.0,69.99,6.34,2025-12-11,2025-12-13,Budapest,Website,Cash on Delivery,Completed
30577436,37136,564433,4,48.69,5,9.74,185.02,0.0,2025-12-25,2025-12-30,Pécs,Website,Card,Completed
86604265,49073,157771,1,90.18,25,22.55,67.63,7.21,2026-05-19,2026-05-20,Miskolc,Website,Cash on Delivery,Completed
46289471,20967,159275,1,132.45,15,19.87,112.58,0.0,2026-07-21,2026-07-25,Győr,Website,Google Pay,Completed
29599579,85983,276421,1,95.49,15,14.32,81.17,8.74,2025-07-22,2025-07-26,Pécs,Website,Cash on Delivery,Completed
98075932,15378,410187,2,177.61,0,0.0,355.22,7.02,2026-05-15,2026-05-17,Debrecen,Mobile App,Card,Completed
75536397,37136,367402,1,51.43,0,0.0,51.43,8.88,2025-11-09,2025-11-12,Érd,Marketplace,Card,Completed
93226081,23801,793973,1,35.58,5,1.78,33.8,7.51,2025-04-18,2025-04-19,Budapest,Retail Store,Bank Transfer,Completed
67547297,20967,344064,5,130.91,20,130.91,523.64,0.0,2026-05-01,2026-05-04,Budapest,Website,PayPal,Completed
67542502,85983,317927,2,96.68,0,0.0,193.36,0.0,2025-05-27,2025-05-29,Budapest,Mobile App,Card,Completed
11774088,37136,677707,1,48.66,25,12.16,36.5,3.94,2026-06-24,2026-06-26,Veszprém,Retail Store,Card,Completed
79139491,85983,981714,2,96.61,10,19.32,173.9,6.31,2025-03-03,2025-03-07,Budapest,Marketplace,Card,Completed
64382513,49073,604418,1,93.41,0,0.0,93.41,3.84,2025-08-13,2025-08-18,Budapest,Marketplace,Card,Completed
79104687,23801,909482,1,34.19,0,0.0,34.19,8.13,2026-06-02,2026-06-04,Budapest,Website,Card,Completed
41112997,51232,879641,1,24.99,0,0.0,24.99,5.53,2025-12-27,2026-01-01,Sopron,Marketplace,Apple Pay,Completed
13966200,51232,634320,1,25.27,10,2.53,22.74,5.59,2025-01-18,2025-01-19,Székesfehérvár,Website,Card,Completed
30620789,20967,582813,2,133.96,0,0.0,267.92,0.0,2025-06-22,2025-06-25,Eger,Website,Card,Completed
39701424,77262,424475,1,108.72,10,10.87,97.85,5.73,2025-08-18,2025-08-19,Budapest,Mobile App,Card,Completed
60549537,51232,651683,3,25.42,0,0.0,76.26,7.6,2026-03-25,2026-03-27,Kecskemét,Website,Apple Pay,Completed
33926112,45415,987171,2,70.9,0,0.0,141.8,4.93,2025-06-09,2025-06-12,Budapest,Website,Apple Pay,Completed
77271509,49073,234812,1,90.5,0,0.0,90.5,6.08,2025-03-29,2025-03-31,Sopron,Website,Card,Completed
29902434,45415,113826,1,68.44,0,0.0,68.44,6.42,2026-01-28,2026-01-29,Érd,Website,Card,Completed
50119417,86989,392883,1,90.73,10,9.07,81.66,6.34,2025-11-28,2025-12-04,Miskolc,Mobile App,Apple Pay,Completed
86726695,15378,818074,2,185.42,0,0.0,370.84,0.0,2025-04-04,2025-04-10,Győr,Mobile App,Card,Completed
92028283,51232,969188,1,25.08,0,0.0,25.08,8.67,2025-12-20,2025-12-26,Debrecen,Website,Apple Pay,Completed
95577861,37136,540731,2,51.09,15,15.33,86.85,7.03,2026-03-23,2026-03-26,Pécs,Mobile App,Card,Completed
91272381,45415,377165,1,68.23,10,6.82,61.41,4.44,2026-03-19,2026-03-21,Debrecen,Mobile App,Apple Pay,Returned
75518986,85983,935764,1,95.02,5,4.75,90.27,8.24,2026-08-26,2026-09-01,Pécs,Mobile App,Card,Completed
22241642,45415,831619,1,68.23,10,6.82,61.41,4.24,2025-12-01,2025-12-02,Budapest,Mobile App,Google Pay,Completed
62550055,39892,983662,1,122.18,0,0.0,122.18,4.51,2025-04-30,2025-05-01,Budapest,Website,Card,Completed
15362397,86989,255988,1,88.17,5,4.41,83.76,4.05,2025-02-03,2025-02-06,Budapest,Mobile App,PayPal,Completed
97045609,26644,561211,1,66.25,0,0.0,66.25,6.1,2026-06-22,2026-06-24,Pécs,Mobile App,Card,Completed
52281969,86989,136738,2,88.3,10,17.66,158.94,0.0,2025-03-22,2025-03-27,Szeged,Website,PayPal,Completed
77826168,51232,203142,1,24.95,0,0.0,24.95,5.54,2026-06-18,2026-06-20,Kecskemét,Marketplace,Card,Completed
70654076,26644,309026,5,67.44,0,0.0,337.2,0.0,2025-10-15,,Székesfehérvár,Marketplace,Bank Transfer,Cancelled
74882153,26644,516223,2,67.31,0,0.0,134.62,0.0,2026-03-21,2026-03-22,Nyíregyháza,Mobile App,Bank Transfer,Completed
71422953,45415,382406,1,70.43,10,7.04,63.39,4.42,2025-01-18,2025-01-22,Eger,Website,Card,Completed
22113984,45415,999110,1,68.93,10,6.89,62.04,6.61,2025-08-15,2025-08-20,Kecskemét,Mobile App,Card,Completed
24062541,45415,278681,1,71.05,0,0.0,71.05,5.13,2025-08-28,2025-08-31,Budapest,Website,Card,Completed
22110365,45415,819202,1,69.65,0,0.0,69.65,3.88,2025-06-09,2025-06-11,Győr,Mobile App,Card,Completed
23118359,26644,112951,1,64.35,25,16.09,48.26,5.75,2025-12-03,2025-12-06,Budapest,Retail Store,Card,Completed
45257173,86989,720701,1,93.2,15,13.98,79.22,6.38,2026-08-27,2026-09-02,Budapest,Mobile App,Bank Transfer,Completed
12878167,72384,121057,2,60.46,10,12.09,108.83,0.0,2025-06-28,2025-06-29,Tatabánya,Retail Store,PayPal,Completed
77716440,86989,476304,1,92.31,20,18.46,73.85,3.81,2026-06-16,2026-06-19,Sopron,Marketplace,Apple Pay,Completed
83428049,51232,669829,2,25.98,0,0.0,51.96,4.05,2025-12-07,2025-12-11,Győr,Mobile App,Cash on Delivery,Completed
85947287,51232,223994,1,25.88,0,0.0,25.88,5.98,2026-01-29,2026-02-01,Debrecen,Website,Google Pay,Completed
15822067,39892,467200,1,119.38,15,17.91,101.47,0.0,2025-01-08,2025-01-09,Budapest,Website,Card,Completed
74711634,49073,447431,1,90.14,20,18.03,72.11,3.74,2026-02-05,2026-02-08,Pécs,Website,Card,Completed
92659626,23801,895377,1,34.15,0,0.0,34.15,6.08,2025-08-06,2025-08-11,Budapest,Marketplace,Card,Completed
81788831,77262,339217,1,108.54,0,0.0,108.54,0.0,2025-02-25,2025-02-27,Budapest,Website,Card,Completed
34023718,15378,532068,1,179.4,0,0.0,179.4,6.84,2025-05-22,2025-05-27,Budapest,Website,PayPal,Completed
56786314,45415,202806,4,70.79,5,14.16,269.0,7.78,2025-05-08,2025-05-11,Kecskemét,Website,Card,Completed
83928761,20967,467427,2,126.29,0,0.0,252.58,0.0,2025-12-10,2025-12-12,Budapest,Retail Store,Card,Completed
28890382,23801,969470,2,35.28,25,17.64,52.92,8.87,2025-11-21,2025-11-23,Székesfehérvár,Website,Cash on Delivery,Completed
86775453,51232,670478,2,24.26,10,4.85,43.67,7.64,2026-04-02,2026-04-04,Budapest,Website,Card,Completed
84346332,86989,878074,1,91.66,0,0.0,91.66,4.34,2025-05-28,2025-05-31,Budapest,Mobile App,PayPal,Completed
48190240,45415,619259,1,70.79,10,7.08,63.71,8.87,2025-12-17,2025-12-19,Nyíregyháza,Marketplace,Card,Completed
53575639,72384,549022,1,60.0,0,0.0,60.0,3.94,2025-10-21,2025-10-27,Érd,Marketplace,Card,Completed
49133942,86989,653573,2,90.68,5,9.07,172.29,0.0,2025-09-14,,Debrecen,Website,Google Pay,Cancelled
91780259,37136,113826,2,50.27,0,0.0,100.54,4.34,2025-11-01,2025-11-04,Miskolc,Mobile App,Apple Pay,Completed
11424281,15378,380978,2,182.77,10,36.55,328.99,0.0,2025-08-10,2025-08-13,Budapest,Marketplace,Apple Pay,Completed
20901246,49073,364843,2,93.28,10,18.66,167.9,0.0,2026-03-24,2026-03-26,Debrecen,Mobile App,Card,Completed
53140854,45415,130851,2,70.39,10,14.08,126.7,0.0,2026-02-17,2026-02-19,Nyíregyháza,Website,Google Pay,Completed
72893647,77262,749402,4,113.45,10,45.38,408.42,0.0,2026-06-01,2026-06-02,Miskolc,Website,Google Pay,Completed
77517810,85983,297289,1,94.8,0,0.0,94.8,8.28,2025-08-15,2025-08-19,Miskolc,Retail Store,Apple Pay,Completed
61733347,51232,955615,1,24.72,15,3.71,21.01,8.99,2026-05-02,2026-05-04,Szeged,Website,PayPal,Completed
69778242,86989,702862,1,93.12,10,9.31,83.81,3.52,2025-11-11,2025-11-12,Sopron,Mobile App,Card,Completed
58036760,20967,696491,1,127.48,5,6.37,121.11,0.0,2026-08-21,2026-08-22,Kecskemét,Website,Card,Completed
16561882,20967,651916,1,129.0,0,0.0,129.0,0.0,2025-05-12,2025-05-14,Kecskemét,Website,Cash on Delivery,Completed
99409820,26644,897895,2,67.53,5,6.75,128.31,4.42,2026-04-06,2026-04-07,Nyíregyháza,Retail Store,Card,Completed
13112517,51232,527580,3,25.6,10,7.68,69.12,7.0,2026-05-19,2026-05-21,Szeged,Website,Bank Transfer,Completed
72184999,45415,700815,1,68.27,10,6.83,61.44,4.92,2025-06-21,2025-06-23,Budapest,Marketplace,Card,Returned
93088547,85983,948623,1,94.92,0,0.0,94.92,5.45,2025-12-25,2025-12-27,Érd,Marketplace,Card,Completed
89295561,95437,133884,1,55.17,0,0.0,55.17,8.15,2026-01-02,2026-01-06,Miskolc,Mobile App,Card,Completed
27095900,45415,339301,1,72.54,15,10.88,61.66,8.24,2026-04-24,2026-04-25,Veszprém,Mobile App,Cash on Delivery,Returned
52645442,17471,338479,1,29.8,25,7.45,22.35,6.1,2025-10-09,2025-10-10,Nyíregyháza,Mobile App,Apple Pay,Completed
52111402,20967,590914,1,130.07,0,0.0,130.07,7.34,2026-05-08,2026-05-09,Miskolc,Mobile App,Card,Completed
26882662,86989,176185,1,93.32,0,0.0,93.32,4.17,2025-06-30,2025-07-04,Győr,Website,Cash on Delivery,Completed
15990444,51232,303890,1,25.23,0,0.0,25.23,5.49,2025-04-26,2025-04-27,Miskolc,Website,Apple Pay,Completed
57576439,15378,169345,1,186.37,0,0.0,186.37,0.0,2025-06-16,2025-06-20,Sopron,Marketplace,Card,Completed
90858081,49073,409271,2,92.63,15,27.79,157.47,0.0,2025-08-24,2025-08-30,Szeged,Website,Card,Completed
21341386,39892,370716,2,122.66,0,0.0,245.32,0.0,2025-10-09,2025-10-13,Miskolc,Website,Apple Pay,Completed
61794850,45415,876245,1,71.24,20,14.25,56.99,5.55,2025-12-31,2026-01-05,Győr,Marketplace,Bank Transfer,Completed
56849702,26644,718697,3,64.17,0,0.0,192.51,0.0,2025-12-27,2025-12-27,Debrecen,Retail Store,Card,Completed
49491294,86989,824419,2,87.84,10,17.57,158.11,0.0,2026-05-05,2026-05-07,Sopron,Retail Store,Card,Completed
98378449,85983,654545,1,95.64,20,19.13,76.51,7.2,2026-04-27,2026-04-28,Nyíregyháza,Website,PayPal,Completed
62580442,85983,886023,2,97.33,0,0.0,194.66,7.51,2026-03-18,2026-03-20,Budapest,Website,Google Pay,Completed
25823940,20967,895377,2,126.93,0,0.0,253.86,0.0,2026-07-13,2026-07-15,Nyíregyháza,Website,Bank Transfer,Completed
84712442,26644,818074,1,66.78,20,13.36,53.42,7.48,2025-10-24,2025-10-25,Eger,Mobile App,Cash on Delivery,Completed
35151594,86989,609567,2,90.21,0,0.0,180.42,0.0,2026-04-12,2026-04-16,Budapest,Mobile App,Card,Completed
58465927,86989,385992,1,89.22,5,4.46,84.76,5.68,2025-02-08,2025-02-13,Budapest,Website,Card,Completed
65580626,86989,535672,1,87.98,0,0.0,87.98,8.26,2026-05-29,2026-05-30,Nyíregyháza,Website,Apple Pay,Completed
26697554,85983,467427,1,96.95,5,4.85,92.1,5.39,2025-07-08,2025-07-09,Budapest,Retail Store,Cash on Delivery,Completed
20984932,77262,468932,1,110.5,5,5.53,104.97,0.0,2025-11-26,2025-11-28,Budapest,Website,Apple Pay,Completed
51926330,86989,891733,2,87.79,0,0.0,175.58,0.0,2026-03-26,2026-03-28,Budapest,Website,Card,Returned
14574381,51232,136738,1,24.27,10,2.43,21.84,6.38,2025-12-10,2025-12-14,Budapest,Website,Card,Completed
43716445,20967,331790,2,134.56,0,0.0,269.12,0.0,2026-08-14,2026-08-17,Budapest,Marketplace,Apple Pay,Completed
87010148,85983,771770,2,92.34,20,36.94,147.74,0.0,2025-11-29,2025-12-03,Debrecen,Website,Google Pay,Completed
69057231,26644,687791,1,65.18,0,0.0,65.18,8.37,2025-02-26,2025-03-01,Budapest,Website,Card,Completed
96171382,45415,598008,2,72.53,0,0.0,145.06,0.0,2025-07-05,2025-07-10,Budapest,Website,Card,Completed
98805626,51232,464357,1,25.88,0,0.0,25.88,3.69,2026-01-01,2026-01-03,Tatabánya,Website,Card,Completed
45650713,39892,878074,1,118.07,0,0.0,118.07,0.0,2025-01-09,2025-01-12,Budapest,Mobile App,Card,Completed
85677355,85983,461587,1,93.79,0,0.0,93.79,7.32,2025-03-09,2025-03-10,Budapest,Mobile App,Cash on Delivery,Completed
41900473,45415,761366,1,69.96,0,0.0,69.96,8.46,2026-04-17,2026-04-18,Pécs,Mobile App,PayPal,Completed
94400109,45415,475851,2,72.79,0,0.0,145.58,0.0,2025-06-30,2025-06-30,Budapest,Marketplace,PayPal,Completed
62097887,51232,548154,3,24.25,0,0.0,72.75,7.63,2025-10-12,2025-10-15,Budapest,Mobile App,Card,Completed
71664720,45415,585763,1,69.43,0,0.0,69.43,4.04,2025-05-26,2025-05-28,Győr,Website,Bank Transfer,Completed
65463867,15378,999670,2,180.14,20,72.06,288.22,0.0,2025-07-28,2025-07-30,Veszprém,Mobile App,Card,Completed
30867345,37136,649042,1,49.49,15,7.42,42.07,7.87,2026-01-11,2026-01-15,Budapest,Website,Card,Completed
38313402,15378,724022,1,179.24,25,44.81,134.43,0.0,2025-11-17,2025-11-20,Eger,Marketplace,Google Pay,Completed
95037672,86989,242339,1,91.66,20,18.33,73.33,4.04,2025-11-05,2025-11-06,Budapest,Marketplace,Apple Pay,Completed
65905211,17471,300525,1,30.17,10,3.02,27.15,4.41,2025-02-07,2025-02-10,Eger,Website,PayPal,Completed
68771345,85983,561211,1,93.14,0,0.0,93.14,6.0,2025-09-17,2025-09-20,Sopron,Mobile App,Card,Completed
36861718,86989,842351,1,91.76,5,4.59,87.17,4.61,2026-01-14,2026-01-17,Pécs,Website,Bank Transfer,Completed
65839423,17471,264437,1,29.2,25,7.3,21.9,7.93,2025-04-30,2025-05-03,Budapest,Marketplace,Card,Completed
40163360,17471,224896,1,31.0,5,1.55,29.45,6.66,2026-03-18,2026-03-19,Budapest,Mobile App,Card,Completed
63804680,45415,176185,4,69.92,5,13.98,265.7,0.0,2025-06-17,2025-06-20,Budapest,Marketplace,Card,Completed
67085208,49073,666900,2,88.54,10,17.71,159.37,0.0,2025-08-15,2025-08-21,Veszprém,Website,Card,Completed
74954164,37136,690172,1,50.71,20,10.14,40.57,4.37,2026-06-23,2026-06-23,Győr,Retail Store,Apple Pay,Completed
67210137,20967,909182,1,126.48,10,12.65,113.83,0.0,2025-09-10,,Kecskemét,Website,Apple Pay,Cancelled
99280920,49073,962627,1,89.39,0,0.0,89.39,3.6,2025-05-22,2025-05-22,Budapest,Website,PayPal,Completed
42132729,39892,415978,1,122.24,0,0.0,122.24,6.6,2026-06-24,2026-06-28,Győr,Website,Card,Completed
10184845,85983,258927,2,95.32,0,0.0,190.64,0.0,2025-10-19,2025-10-21,Budapest,Website,PayPal,Completed
58164698,86989,855875,1,90.63,10,9.06,81.57,3.94,2025-02-01,2025-02-04,Budapest,Mobile App,Cash on Delivery,Completed
21182399,23801,532068,1,35.63,5,1.78,33.85,3.93,2026-04-27,2026-04-29,Budapest,Website,Card,Returned
57506193,45415,935888,3,72.33,0,0.0,216.99,0.0,2025-04-24,2025-04-27,Budapest,Marketplace,Card,Completed
32797108,45415,234664,1,72.12,0,0.0,72.12,7.02,2025-10-06,2025-10-10,Veszprém,Website,Card,Completed
25058520,15378,901875,1,176.8,15,26.52,150.28,0.0,2026-08-29,2026-08-31,Érd,Marketplace,PayPal,Completed
35149675,20967,316571,4,132.51,5,26.5,503.54,0.0,2025-07-01,2025-07-07,Tatabánya,Marketplace,Cash on Delivery,Completed
68696581,86989,790563,1,91.89,5,4.59,87.3,5.58,2025-05-05,2025-05-07,Kecskemét,Website,Card,Returned
26482828,49073,342121,4,89.12,10,35.65,320.83,0.0,2026-08-09,2026-08-11,Miskolc,Website,PayPal,Completed
38114186,15378,562237,3,178.21,0,0.0,534.63,4.04,2025-04-08,2025-04-10,Sopron,Marketplace,Google Pay,Completed
32606223,86989,795686,1,87.37,5,4.37,83.0,8.48,2025-11-27,2025-11-30,Miskolc,Marketplace,Cash on Delivery,Completed
41942617,77262,951536,1,110.56,0,0.0,110.56,0.0,2025-07-23,2025-07-24,Budapest,Mobile App,Card,Completed
15383648,72384,651916,1,59.7,5,2.99,56.71,6.28,2026-05-29,2026-05-31,Budapest,Retail Store,Card,Completed
20353104,20967,281868,1,129.17,10,12.92,116.25,0.0,2025-11-20,2025-11-25,Győr,Marketplace,Cash on Delivery,Completed
25549167,85983,330720,3,96.45,5,14.47,274.88,0.0,2026-05-24,2026-05-25,Budapest,Website,PayPal,Completed
91840646,86989,564160,4,92.4,15,55.44,314.16,0.0,2025-04-28,2025-05-03,Szombathely,Website,Card,Completed
93068370,86989,566714,1,91.25,0,0.0,91.25,7.41,2025-07-18,2025-07-21,Szeged,Website,PayPal,Completed
56696509,15378,355971,2,183.2,15,54.96,311.44,0.0,2026-01-09,2026-01-11,Miskolc,Website,Google Pay,Completed
98790210,85983,284218,2,97.77,0,0.0,195.54,6.15,2025-08-10,2025-08-11,Budapest,Website,Card,Completed
31546826,51232,855875,1,24.88,10,2.49,22.39,6.43,2026-05-18,2026-05-18,Budapest,Mobile App,Bank Transfer,Completed
34404883,95437,253752,1,54.84,5,2.74,52.1,8.7,2026-06-10,2026-06-11,Kecskemét,Website,Cash on Delivery,Completed
63639640,86989,732852,1,91.52,0,0.0,91.52,6.82,2026-06-10,2026-06-13,Szombathely,Website,Card,Completed
70955721,95437,590914,1,53.56,0,0.0,53.56,3.91,2026-04-14,2026-04-18,Budapest,Website,Card,Completed
41868030,20967,522684,1,134.12,20,26.82,107.3,0.0,2025-09-14,2025-09-20,Debrecen,Marketplace,Card,Completed
34025881,85983,830998,1,96.11,0,0.0,96.11,7.97,2026-04-23,2026-04-24,Tatabánya,Mobile App,Bank Transfer,Completed
99894242,17471,731851,2,29.86,20,11.94,47.78,8.38,2025-12-29,2025-12-30,Pécs,Mobile App,Card,Completed
43249878,86989,108130,1,90.9,5,4.55,86.35,5.93,2025-06-06,2025-06-13,Érd,Website,Bank Transfer,Completed
79615416,51232,130865,1,25.01,5,1.25,23.76,4.34,2026-03-11,2026-03-13,Debrecen,Mobile App,Card,Completed
94048212,23801,613733,1,36.08,10,3.61,32.47,7.57,2025-10-11,2025-10-13,Szeged,Marketplace,Card,Completed
52156047,86989,232420,3,92.56,0,0.0,277.68,0.0,2025-02-17,2025-02-18,Debrecen,Website,Card,Completed
79647128,23801,349637,1,36.28,5,1.81,34.47,4.29,2025-05-17,2025-05-23,Sopron,Mobile App,Card,Completed
56443279,49073,947649,1,90.08,10,9.01,81.07,5.22,2026-03-23,2026-03-25,Szombathely,Marketplace,Google Pay,Completed
72748013,45415,339217,2,67.93,15,20.38,115.48,6.67,2025-01-03,2025-01-05,Nyíregyháza,Mobile App,Card,Completed
51078648,15378,459675,1,185.32,10,18.53,166.79,0.0,2025-05-14,2025-05-18,Miskolc,Website,Bank Transfer,Completed
86022062,49073,948623,1,88.44,0,0.0,88.44,7.43,2025-10-21,2025-10-24,Budapest,Website,Card,Completed
58063376,72384,350251,1,60.28,0,0.0,60.28,8.06,2025-09-13,2025-09-16,Budapest,Website,Card,Completed
68781931,23801,289020,2,34.84,0,0.0,69.68,8.36,2025-11-13,2025-11-16,Debrecen,Website,Card,Completed
90783118,51232,436047,2,25.53,10,5.11,45.95,8.01,2025-04-22,2025-04-27,Budapest,Marketplace,PayPal,Completed
81508574,51232,184904,1,25.11,20,5.02,20.09,6.14,2025-12-05,2025-12-11,Budapest,Website,Card,Completed
81457357,15378,646402,1,186.75,0,0.0,186.75,0.0,2025-02-08,2025-02-11,Budapest,Website,Cash on Delivery,Completed
78357945,17471,382406,1,29.53,20,5.91,23.62,5.25,2025-05-07,2025-05-09,Budapest,Website,Cash on Delivery,Completed
12523507,49073,964696,1,88.35,5,4.42,83.93,8.91,2025-11-16,2025-11-17,Sopron,Retail Store,Card,Completed
59837535,49073,977931,1,91.35,0,0.0,91.35,8.29,2025-10-27,2025-11-02,Kecskemét,Website,PayPal,Completed
54713472,86989,645743,1,91.38,0,0.0,91.38,8.19,2025-09-23,2025-09-27,Budapest,Website,PayPal,Completed
52433826,45415,185190,1,71.37,15,10.71,60.66,6.78,2025-04-02,2025-04-08,Budapest,Website,Card,Completed
49248476,85983,677707,2,94.06,0,0.0,188.12,0.0,2026-08-04,2026-08-07,Budapest,Mobile App,PayPal,Completed
66414515,20967,588136,1,126.15,0,0.0,126.15,0.0,2025-08-31,2025-09-04,Budapest,Retail Store,Apple Pay,Completed
24053418,95437,156003,2,55.67,0,0.0,111.34,0.0,2026-05-21,,Győr,Mobile App,Card,Cancelled
71474305,51232,701933,1,25.29,15,3.79,21.5,8.36,2026-07-07,2026-07-11,Győr,Mobile App,Cash on Delivery,Completed
38366471,45415,722757,2,71.19,20,28.48,113.9,0.0,2025-09-20,2025-09-22,Debrecen,Website,Apple Pay,Returned
87594502,45415,172231,2,72.69,5,7.27,138.11,0.0,2026-05-23,2026-05-26,Budapest,Mobile App,Card,Completed
10324622,49073,945366,1,90.19,25,22.55,67.64,7.49,2025-10-10,2025-10-11,Kecskemét,Retail Store,Google Pay,Completed
44089376,20967,933091,2,131.77,10,26.35,237.19,0.0,2025-08-12,2025-08-14,Budapest,Website,PayPal,Completed
84513307,86989,133884,1,90.94,5,4.55,86.39,7.81,2025-11-25,2025-11-27,Debrecen,Mobile App,Cash on Delivery,Completed
22611179,51232,240777,2,25.06,0,0.0,50.12,5.3,2025-08-15,2025-08-17,Érd,Marketplace,Google Pay,Completed
28306465,86989,555067,1,91.91,0,0.0,91.91,4.72,2025-07-02,2025-07-04,Érd,Website,Google Pay,Completed
85549932,17471,948623,1,30.66,0,0.0,30.66,8.85,2025-10-27,2025-10-30,Székesfehérvár,Website,PayPal,Completed
66714035,20967,517374,1,130.48,0,0.0,130.48,0.0,2025-04-02,2025-04-03,Debrecen,Website,Cash on Delivery,Completed
41276780,95437,506816,3,54.56,0,0.0,163.68,0.0,2025-04-18,2025-04-25,Nyíregyháza,Website,Card,Completed
26121656,77262,565115,4,108.04,0,0.0,432.16,0.0,2025-11-17,2025-11-19,Debrecen,Mobile App,Apple Pay,Completed
80097144,85983,131071,1,94.63,15,14.19,80.44,4.68,2026-08-17,2026-08-20,Budapest,Mobile App,Card,Completed
94506660,20967,180008,2,133.54,10,26.71,240.37,5.68,2025-05-27,2025-05-31,Szeged,Website,Card,Completed
82151200,86989,130851,1,91.39,0,0.0,91.39,4.67,2026-06-10,2026-06-11,Budapest,Mobile App,Card,Completed
75704147,26644,385992,3,65.73,5,9.86,187.33,0.0,2025-10-08,2025-10-10,Érd,Website,Bank Transfer,Completed
21468534,15378,925808,2,176.25,15,52.88,299.62,0.0,2025-08-19,2025-08-23,Nyíregyháza,Website,Google Pay,Completed
25935802,39892,231868,1,121.76,20,24.35,97.41,6.37,2025-03-18,2025-03-20,Budapest,Website,Bank Transfer,Completed
52279590,49073,445644,1,89.59,0,0.0,89.59,7.7,2025-12-17,2025-12-23,Veszprém,Retail Store,PayPal,Completed
92428536,39892,229479,4,122.77,0,0.0,491.08,0.0,2026-05-21,2026-05-23,Székesfehérvár,Mobile App,Apple Pay,Completed
27625722,86989,797683,1,87.62,10,8.76,78.86,5.67,2025-07-15,2025-07-18,Kecskemét,Website,Apple Pay,Completed
18795702,51232,982137,1,25.03,10,2.5,22.53,4.84,2025-09-04,2025-09-06,Székesfehérvár,Website,PayPal,Completed
13406561,23801,914352,1,35.97,0,0.0,35.97,7.66,2026-01-14,2026-01-17,Budapest,Mobile App,Cash on Delivery,Completed
43480460,72384,580956,1,59.18,20,11.84,47.34,6.63,2025-07-30,2025-08-01,Szeged,Retail Store,Card,Completed
40285166,51232,632380,3,25.05,10,7.52,67.63,4.75,2026-04-16,2026-04-19,Nyíregyháza,Mobile App,Apple Pay,Completed
55992500,86989,558494,1,91.49,5,4.57,86.92,7.59,2025-12-21,2025-12-22,Székesfehérvár,Website,Card,Completed
12044078,95437,813258,1,54.6,0,0.0,54.6,5.74,2025-12-19,2025-12-22,Debrecen,Website,Card,Returned
71085136,86989,184516,1,92.1,20,18.42,73.68,5.19,2025-09-10,2025-09-12,Debrecen,Marketplace,Card,Returned
78032878,45415,210299,1,69.09,5,3.45,65.64,4.97,2025-06-09,2025-06-12,Budapest,Website,Card,Completed
27041976,20967,176185,1,133.29,0,0.0,133.29,0.0,2025-03-29,2025-04-04,Sopron,Retail Store,Card,Returned
76797604,85983,714564,1,94.48,25,23.62,70.86,4.6,2025-12-12,2025-12-14,Budapest,Mobile App,Apple Pay,Completed
78148780,51232,559367,1,25.12,5,1.26,23.86,8.78,2025-01-04,2025-01-07,Budapest,Mobile App,Card,Completed
71992650,85983,613733,1,92.56,20,18.51,74.05,5.92,2025-04-10,2025-04-12,Miskolc,Website,PayPal,Completed
32251850,72384,665068,1,60.66,0,0.0,60.66,8.22,2025-06-29,2025-07-04,Budapest,Website,Cash on Delivery,Completed
31020142,77262,157689,1,109.75,0,0.0,109.75,0.0,2025-05-14,2025-05-20,Miskolc,Website,Bank Transfer,Completed
37392932,49073,716284,1,88.55,25,22.14,66.41,8.37,2026-01-05,2026-01-11,Szeged,Marketplace,Card,Completed
30637045,23801,675038,1,35.61,10,3.56,32.05,6.93,2025-02-24,2025-02-26,Budapest,Website,Bank Transfer,Completed
30749355,45415,246653,1,71.34,0,0.0,71.34,3.74,2025-08-18,2025-08-20,Szeged,Retail Store,PayPal,Completed
11393763,20967,872025,1,134.86,10,13.49,121.37,0.0,2025-11-02,2025-11-06,Budapest,Marketplace,PayPal,Completed
32646434,26644,420184,1,66.32,0,0.0,66.32,5.25,2026-08-24,2026-08-27,Szeged,Website,Apple Pay,Completed
58463448,51232,982129,1,24.44,0,0.0,24.44,6.87,2025-04-20,2025-04-22,Nyíregyháza,Mobile App,Card,Completed
27562728,86989,374088,1,87.52,20,17.5,70.02,7.56,2026-05-24,2026-05-27,Kecskemét,Marketplace,Card,Completed
81802174,37136,718697,1,48.52,25,12.13,36.39,6.79,2025-06-23,2025-06-25,Budapest,Website,Card,Completed
34330689,86989,690172,1,91.42,15,13.71,77.71,3.72,2025-09-02,2025-09-04,Szombathely,Website,Apple Pay,Returned
45261196,86989,562736,2,87.69,0,0.0,175.38,0.0,2025-05-02,2025-05-06,Szeged,Website,Card,Completed
45788637,45415,486133,1,69.18,20,13.84,55.34,4.3,2026-08-04,2026-08-07,Pécs,Website,Card,Completed
35376383,72384,210299,1,59.27,0,0.0,59.27,6.44,2026-02-11,2026-02-13,Budapest,Website,Card,Completed
58415213,72384,718307,1,62.24,25,15.56,46.68,5.95,2025-01-26,2025-01-28,Székesfehérvár,Website,Card,Completed
19000470,17471,226609,1,30.39,10,3.04,27.35,0.0,2025-06-12,,Érd,Marketplace,Bank Transfer,Cancelled
21304849,26644,157689,1,65.49,0,0.0,65.49,5.04,2026-04-18,2026-04-22,Győr,Website,Card,Completed
76177222,17471,763962,2,29.3,0,0.0,58.6,5.72,2026-04-21,2026-04-24,Szeged,Website,Card,Completed
60030906,23801,243780,1,35.54,15,5.33,30.21,6.25,2026-02-09,2026-02-14,Szeged,Website,Card,Completed
92943786,45415,839861,1,72.16,0,0.0,72.16,6.4,2025-06-20,2025-06-21,Budapest,Website,Card,Completed
15129640,20967,273306,2,133.88,15,40.16,227.6,0.0,2025-04-19,2025-04-21,Sopron,Website,Cash on Delivery,Completed
56375415,51232,219553,1,25.09,25,6.27,18.82,3.53,2025-03-25,2025-03-26,Szombathely,Website,Card,Completed
66203967,39892,339188,3,124.23,5,18.63,354.06,0.0,2026-05-21,2026-05-23,Budapest,Marketplace,Card,Completed
83788092,86989,951479,1,90.25,0,0.0,90.25,7.93,2026-05-18,2026-05-24,Budapest,Website,Card,Completed
76087828,20967,575474,1,126.22,0,0.0,126.22,0.0,2025-11-07,2025-11-08,Budapest,Website,Card,Completed
68850683,85983,654545,1,95.33,10,9.53,85.8,4.72,2026-03-12,2026-03-14,Budapest,Marketplace,Card,Completed
12636327,77262,447236,3,111.17,5,16.68,316.83,0.0,2025-10-23,2025-10-23,Szeged,Retail Store,PayPal,Completed
53971696,39892,121775,3,118.31,10,35.49,319.44,3.87,2026-05-11,2026-05-16,Budapest,Website,Card,Completed
51214717,20967,795686,1,128.6,0,0.0,128.6,0.0,2026-01-07,2026-01-13,Miskolc,Mobile App,Bank Transfer,Completed
89954935,15378,693413,2,181.54,10,36.31,326.77,0.0,2025-05-24,2025-05-28,Eger,Website,Cash on Delivery,Completed
37858924,72384,121775,2,58.21,0,0.0,116.42,0.0,2025-06-07,2025-06-09,Budapest,Website,Google Pay,Completed
89212796,15378,495352,1,178.46,10,17.85,160.61,7.7,2025-09-23,2025-09-29,Debrecen,Marketplace,Card,Completed
81110526,86989,676533,1,92.19,10,9.22,82.97,5.32,2025-05-07,2025-05-11,Budapest,Website,Google Pay,Completed
32783530,95437,188293,1,54.71,0,0.0,54.71,3.73,2025-04-11,2025-04-14,Budapest,Website,Cash on Delivery,Completed
24892568,49073,364843,1,93.49,0,0.0,93.49,5.21,2026-06-24,2026-06-26,Győr,Mobile App,Cash on Delivery,Completed
17649407,77262,431429,4,111.33,20,89.06,356.26,0.0,2025-09-23,2025-09-27,Győr,Website,Card,Completed
32242529,17471,823480,1,30.92,0,0.0,30.92,7.42,2025-12-11,2025-12-12,Budapest,Mobile App,Bank Transfer,Completed
87703563,45415,522684,3,71.19,5,10.68,202.89,5.95,2025-10-26,2025-10-28,Budapest,Website,Card,Completed
79607817,39892,380978,1,116.78,5,5.84,110.94,0.0,2025-02-01,2025-02-03,Veszprém,Website,Apple Pay,Completed
85948374,86989,384280,1,88.55,25,22.14,66.41,7.09,2025-08-05,2025-08-07,Miskolc,Website,Card,Completed
66440168,49073,974369,2,91.91,25,45.95,137.87,0.0,2026-05-04,2026-05-06,Eger,Mobile App,PayPal,Completed
95452499,20967,374088,1,134.35,5,6.72,127.63,0.0,2025-10-07,2025-10-09,Győr,Website,PayPal,Completed
72649352,45415,155052,2,69.36,0,0.0,138.72,4.43,2026-08-18,2026-08-24,Szeged,Website,Card,Completed
79213973,85983,434635,1,92.27,0,0.0,92.27,7.16,2025-11-02,2025-11-04,Budapest,Website,Card,Completed
32936416,86989,805017,1,87.32,20,17.46,69.86,6.34,2025-12-23,2025-12-26,Veszprém,Website,Card,Completed
88318416,77262,902953,1,108.4,20,21.68,86.72,5.88,2026-02-10,2026-02-13,Szeged,Website,Cash on Delivery,Returned
87399220,51232,466554,1,24.84,0,0.0,24.84,7.37,2025-05-15,2025-05-16,Székesfehérvár,Website,PayPal,Completed
56145028,20967,976375,1,130.19,0,0.0,130.19,0.0,2026-03-08,2026-03-13,Debrecen,Website,Bank Transfer,Completed
64943889,86989,765675,1,90.54,0,0.0,90.54,6.68,2025-05-12,2025-05-15,Nyíregyháza,Mobile App,Card,Completed
62601088,15378,726907,1,183.69,10,18.37,165.32,0.0,2025-06-18,2025-06-23,Debrecen,Retail Store,Card,Completed
17333336,85983,763962,2,92.52,0,0.0,185.04,0.0,2026-05-13,2026-05-15,Budapest,Marketplace,PayPal,Completed
17206909,49073,157771,1,89.02,0,0.0,89.02,5.25,2025-04-27,2025-04-30,Budapest,Website,Apple Pay,Completed
33008004,72384,702862,1,62.32,10,6.23,56.09,5.54,2025-08-23,2025-08-26,Szeged,Website,PayPal,Completed
27739317,45415,141390,2,70.09,10,14.02,126.16,0.0,2026-07-14,2026-07-17,Debrecen,Website,Card,Completed
26042949,17471,951536,1,30.94,15,4.64,26.3,8.12,2025-03-08,2025-03-11,Budapest,Mobile App,Card,Completed
60847824,39892,473542,1,120.78,0,0.0,120.78,6.85,2025-11-29,2025-11-30,Eger,Website,Apple Pay,Completed
81803029,45415,136539,1,71.63,15,10.74,60.89,0.0,2025-12-31,,Budapest,Retail Store,Card,Cancelled
46886360,15378,566341,1,181.1,0,0.0,181.1,0.0,2026-03-01,2026-03-06,Budapest,Marketplace,Card,Completed
37561254,85983,104603,1,93.13,0,0.0,93.13,0.0,2026-03-06,,Szombathely,Website,Card,Cancelled
24291640,72384,826279,1,60.04,25,15.01,45.03,5.63,2025-01-18,2025-01-18,Kecskemét,Website,Card,Returned
72529514,86989,394169,1,90.57,0,0.0,90.57,5.54,2025-05-26,2025-05-28,Budapest,Website,PayPal,Completed
96445643,37136,274812,1,49.76,0,0.0,49.76,8.59,2025-12-20,2025-12-23,Szeged,Website,Card,Completed
15371517,86989,318717,1,91.37,15,13.71,77.66,8.8,2025-11-07,2025-11-09,Tatabánya,Mobile App,Card,Completed
25220966,86989,586787,3,91.83,0,0.0,275.49,0.0,2026-04-15,2026-04-21,Szeged,Mobile App,Bank Transfer,Completed
35135450,26644,130755,2,63.9,5,6.39,121.41,0.0,2025-12-25,2025-12-27,Győr,Website,Card,Completed
76891658,85983,415978,1,97.69,20,19.54,78.15,4.4,2025-12-09,2025-12-10,Budapest,Website,Bank Transfer,Completed
97076446,37136,254929,1,48.69,25,12.17,36.52,5.29,2026-08-12,2026-08-14,Szombathely,Website,Bank Transfer,Returned
26164889,15378,179132,1,176.52,20,35.3,141.22,0.0,2025-12-30,2026-01-04,Érd,Website,PayPal,Completed
32489297,51232,370716,1,25.81,0,0.0,25.81,6.61,2025-05-22,2025-05-23,Budapest,Website,Apple Pay,Completed
93107362,23801,338479,1,35.92,0,0.0,35.92,7.2,2026-05-31,2026-05-31,Budapest,Mobile App,Apple Pay,Completed
69870648,77262,666900,1,109.31,10,10.93,98.38,5.26,2025-11-09,2025-11-11,Szeged,Marketplace,Card,Completed
43795112,85983,588136,1,92.21,0,0.0,92.21,6.96,2025-07-28,2025-08-02,Kecskemét,Website,Apple Pay,Completed
70033436,86989,507728,1,88.29,15,13.24,75.05,6.39,2025-12-21,2025-12-24,Budapest,Mobile App,Card,Completed
77007127,86989,931265,2,93.44,5,9.34,177.54,0.0,2025-09-10,2025-09-11,Budapest,Website,Apple Pay,Returned
85534850,26644,767221,1,64.04,20,12.81,51.23,8.13,2025-12-29,2025-12-31,Érd,Retail Store,Card,Completed
95335566,39892,380978,1,118.73,0,0.0,118.73,0.0,2025-10-02,2025-10-06,Budapest,Website,Apple Pay,Completed
93892500,85983,383578,1,97.14,15,14.57,82.57,4.52,2026-04-23,2026-04-25,Budapest,Mobile App,Apple Pay,Completed
59888422,86989,233736,4,87.34,0,0.0,349.36,7.41,2026-02-23,2026-02-25,Budapest,Website,Apple Pay,Completed
92847280,86989,659705,1,89.75,10,8.97,80.78,8.41,2025-03-08,2025-03-14,Budapest,Website,Card,Completed
33165786,15378,384280,2,186.95,10,37.39,336.51,6.56,2025-01-09,2025-01-11,Budapest,Marketplace,Cash on Delivery,Completed
94679456,45415,639159,2,72.05,0,0.0,144.1,0.0,2025-03-02,2025-03-04,Szeged,Website,Card,Completed
17549855,39892,263625,2,123.59,10,24.72,222.46,0.0,2026-08-02,2026-08-03,Debrecen,Website,Card,Completed
62701967,86989,443562,1,93.23,0,0.0,93.23,3.49,2026-06-08,2026-06-13,Debrecen,Marketplace,Cash on Delivery,Completed
47534157,17471,316143,2,29.26,0,0.0,58.52,3.5,2025-10-16,2025-10-18,Budapest,Mobile App,Card,Returned
17664416,86989,449032,1,93.09,0,0.0,93.09,5.83,2025-11-14,2025-11-16,Győr,Mobile App,Card,Completed
70745753,77262,133982,1,109.74,10,10.97,98.77,4.17,2025-05-16,2025-05-19,Győr,Mobile App,Google Pay,Completed
33385581,26644,864524,1,66.92,20,13.38,53.54,8.07,2025-04-21,2025-04-24,Kecskemét,Website,Cash on Delivery,Completed
66344347,20967,794821,3,126.24,20,75.74,302.98,0.0,2026-05-25,2026-05-26,Budapest,Website,Card,Completed
48240044,39892,976375,1,116.76,10,11.68,105.08,0.0,2026-02-14,2026-02-17,Pécs,Website,Google Pay,Completed
53923556,15378,775999,1,181.25,15,27.19,154.06,0.0,2025-10-26,2025-11-01,Nyíregyháza,Website,Cash on Delivery,Completed
13445739,20967,628419,2,129.96,10,25.99,233.93,0.0,2026-03-29,2026-03-31,Kecskemét,Mobile App,Card,Completed
71721775,20967,155052,2,127.27,25,63.63,190.91,0.0,2025-09-02,2025-09-03,Debrecen,Website,Card,Completed
99993597,45415,619259,1,71.18,15,10.68,60.5,4.13,2026-08-14,2026-08-15,Pécs,Website,Cash on Delivery,Completed
45378925,45415,776749,1,68.48,10,6.85,61.63,5.91,2025-01-31,2025-02-04,Veszprém,Mobile App,Cash on Delivery,Returned
30344079,86989,967844,2,91.1,15,27.33,154.87,0.0,2025-04-27,2025-04-28,Szeged,Retail Store,Bank Transfer,Completed
42918762,85983,221103,1,95.52,0,0.0,95.52,6.46,2026-01-02,2026-01-09,Érd,Marketplace,Card,Completed
25542256,37136,363865,2,48.77,15,14.63,82.91,4.42,2025-11-27,2025-11-28,Székesfehérvár,Marketplace,Cash on Delivery,Completed
41151501,86989,188293,1,89.13,15,13.37,75.76,8.48,2025-01-26,2025-01-27,Debrecen,Mobile App,Bank Transfer,Completed
84273300,45415,349351,3,72.63,10,21.79,196.1,0.0,2025-09-23,2025-09-26,Budapest,Marketplace,Bank Transfer,Completed
93674490,51232,613733,1,25.47,15,3.82,21.65,8.62,2026-08-28,2026-08-30,Sopron,Website,Card,Completed
10679948,45415,758443,1,69.25,25,17.31,51.94,7.99,2026-05-23,2026-05-24,Budapest,Website,Google Pay,Completed
23510068,45415,436305,1,68.8,0,0.0,68.8,6.55,2025-04-10,2025-04-10,Budapest,Marketplace,Card,Completed
10469851,95437,145189,3,54.34,20,32.6,130.42,0.0,2026-04-23,2026-04-24,Budapest,Retail Store,PayPal,Completed
27601463,85983,852199,1,96.88,0,0.0,96.88,7.28,2025-11-11,2025-11-11,Győr,Website,Card,Completed
54703918,15378,993904,1,182.52,0,0.0,182.52,0.0,2025-11-19,2025-11-20,Miskolc,Marketplace,Apple Pay,Completed
34884760,23801,239960,1,34.27,5,1.71,32.56,7.93,2026-01-14,2026-01-18,Budapest,Mobile App,Card,Completed
23606035,72384,582813,1,62.12,10,6.21,55.91,7.86,2025-06-09,2025-06-13,Budapest,Website,PayPal,Completed
17284383,95437,559340,2,54.67,20,21.87,87.47,6.69,2025-11-05,2025-11-10,Szeged,Website,Apple Pay,Completed
43310379,45415,352680,2,72.15,15,21.64,122.66,0.0,2025-09-19,,Budapest,Website,Google Pay,Cancelled
36082282,15378,934270,1,179.92,0,0.0,179.92,0.0,2026-05-11,2026-05-13,Debrecen,Website,Card,Completed
22312513,49073,364783,2,87.99,25,43.99,131.99,5.6,2025-11-29,2025-11-30,Szeged,Retail Store,Bank Transfer,Completed
52412140,17471,860165,1,29.51,10,2.95,26.56,3.78,2025-11-03,2025-11-05,Kecskemét,Mobile App,Card,Completed
72642766,49073,339188,1,87.88,0,0.0,87.88,4.8,2026-06-18,2026-06-25,Budapest,Mobile App,Card,Returned
26227138,51232,722251,3,25.9,0,0.0,77.7,5.41,2026-07-19,2026-07-22,Budapest,Website,Bank Transfer,Completed
90968064,20967,255503,2,127.78,10,25.56,230.0,0.0,2025-09-20,2025-09-21,Budapest,Website,Card,Completed
83418819,45415,839861,1,71.83,5,3.59,68.24,8.16,2026-03-22,2026-03-24,Szeged,Mobile App,Card,Completed
53159786,51232,416187,2,24.32,5,2.43,46.21,5.41,2025-04-16,2025-04-18,Budapest,Marketplace,PayPal,Completed
56073531,86989,981714,1,91.22,0,0.0,91.22,7.8,2025-04-03,2025-04-04,Szombathely,Marketplace,Google Pay,Completed
77616642,72384,193706,1,62.03,20,12.41,49.62,7.67,2026-05-04,2026-05-06,Érd,Website,Card,Completed
65622939,86989,305422,1,90.07,0,0.0,90.07,8.54,2025-03-08,2025-03-11,Veszprém,Website,Apple Pay,Completed
23384900,20967,145710,1,129.01,10,12.9,116.11,0.0,2025-07-23,2025-07-29,Veszprém,Mobile App,Card,Completed
23218458,86989,920885,2,91.31,10,18.26,164.36,0.0,2026-02-28,2026-03-02,Miskolc,Website,Card,Completed
54598890,20967,473921,2,126.74,20,50.7,202.78,7.15,2025-01-26,2025-01-29,Budapest,Website,Cash on Delivery,Completed
72123995,95437,463618,1,56.41,10,5.64,50.77,3.97,2025-05-20,2025-05-21,Budapest,Website,Google Pay,Completed
29839389,51232,381603,2,25.73,5,2.57,48.89,4.65,2026-07-19,2026-07-24,Nyíregyháza,Website,Card,Completed
60770132,85983,570776,1,95.84,0,0.0,95.84,5.77,2025-03-16,2025-03-18,Budapest,Website,Bank Transfer,Completed
46806724,86989,991220,1,89.22,0,0.0,89.22,3.63,2026-03-25,2026-03-29,Budapest,Website,Card,Completed
40267366,39892,117761,1,119.95,15,17.99,101.96,4.32,2025-03-06,2025-03-13,Debrecen,Website,Card,Completed
29282036,20967,510037,2,131.69,0,0.0,263.38,0.0,2026-05-15,2026-05-16,Győr,Website,Card,Completed
19357854,15378,330720,1,181.15,0,0.0,181.15,3.72,2025-08-16,2025-08-19,Budapest,Mobile App,Card,Completed
73451671,26644,226609,1,63.5,20,12.7,50.8,5.96,2026-06-03,2026-06-04,Kecskemét,Website,Card,Completed
66036550,85983,834893,1,94.15,20,18.83,75.32,7.51,2025-06-28,2025-07-05,Miskolc,Website,Bank Transfer,Completed
57786066,45415,982129,1,71.75,0,0.0,71.75,6.21,2025-10-28,2025-10-30,Budapest,Mobile App,Card,Completed
46586992,45415,422257,1,71.83,0,0.0,71.83,6.77,2026-01-01,2026-01-07,Budapest,Marketplace,Card,Completed
11325207,51232,559335,3,24.56,5,3.68,70.0,5.96,2025-09-12,2025-09-13,Szeged,Marketplace,Google Pay,Completed
80322648,15378,130755,1,185.54,0,0.0,185.54,0.0,2025-05-25,2025-05-29,Miskolc,Mobile App,Card,Completed
92169994,45415,255988,2,68.2,0,0.0,136.4,4.1,2026-08-07,2026-08-09,Budapest,Website,PayPal,Completed
29694184,49073,491341,1,92.66,5,4.63,88.03,7.81,2026-04-10,2026-04-12,Budapest,Mobile App,Card,Completed
73796842,86989,920885,1,89.35,15,13.4,75.95,5.42,2026-06-04,2026-06-05,Pécs,Mobile App,Bank Transfer,Completed
86261522,15378,979755,1,184.35,0,0.0,184.35,0.0,2026-07-18,2026-07-19,Miskolc,Website,Cash on Delivery,Completed
19269966,37136,252737,1,49.98,0,0.0,49.98,7.21,2026-05-24,2026-05-25,Budapest,Mobile App,Card,Completed
48875742,86989,151291,1,88.8,0,0.0,88.8,4.94,2025-10-22,2025-10-28,Miskolc,Website,Bank Transfer,Completed
27807097,86989,174469,1,88.23,0,0.0,88.23,7.55,2026-05-17,2026-05-20,Székesfehérvár,Marketplace,Card,Completed
69681286,86989,932611,1,89.63,10,8.96,80.67,7.46,2025-01-02,2025-01-06,Tatabánya,Marketplace,Card,Completed
53472176,95437,390271,1,53.8,0,0.0,53.8,7.23,2025-07-08,2025-07-10,Budapest,Mobile App,PayPal,Completed
14107875,23801,437828,1,36.09,0,0.0,36.09,0.0,2025-09-27,,Kecskemét,Website,Bank Transfer,Cancelled
56108918,23801,909182,1,35.02,15,5.25,29.77,5.46,2025-09-29,2025-10-06,Debrecen,Website,Bank Transfer,Completed
27354292,72384,805042,1,61.08,20,12.22,48.86,4.64,2025-09-13,2025-09-14,Pécs,Retail Store,Card,Completed
27188950,45415,651916,2,68.89,0,0.0,137.78,4.34,2025-08-15,2025-08-16,Budapest,Website,Card,Completed
20430857,17471,719758,3,30.54,10,9.16,82.46,6.21,2025-04-24,2025-04-24,Miskolc,Marketplace,PayPal,Completed
15126121,20967,718307,1,133.9,15,20.09,113.81,0.0,2025-04-01,2025-04-04,Budapest,Website,Card,Completed
77140218,72384,235610,2,61.29,0,0.0,122.58,0.0,2025-07-03,2025-07-09,Budapest,Mobile App,Apple Pay,Completed
93668664,85983,145710,2,96.25,0,0.0,192.5,0.0,2026-01-10,2026-01-12,Győr,Retail Store,Card,Completed
38784339,72384,585877,2,61.32,0,0.0,122.64,3.77,2025-05-17,2025-05-22,Budapest,Website,Card,Returned
29742854,45415,856887,2,72.77,0,0.0,145.54,0.0,2026-08-13,2026-08-15,Budapest,Website,PayPal,Completed
98808661,15378,740779,4,186.53,15,111.92,634.2,0.0,2026-07-08,2026-07-10,Pécs,Website,Bank Transfer,Completed
51991303,86989,232381,1,88.59,10,8.86,79.73,8.85,2025-12-22,2025-12-24,Pécs,Mobile App,PayPal,Completed
67974998,86989,675038,1,88.94,0,0.0,88.94,7.39,2026-01-07,2026-01-10,Érd,Retail Store,Card,Completed
52367910,20967,218368,1,126.96,0,0.0,126.96,0.0,2025-02-09,2025-02-15,Debrecen,Website,Card,Completed
72810290,86989,824419,1,91.93,20,18.39,73.54,4.69,2025-05-20,2025-05-25,Szeged,Website,Cash on Delivery,Completed
64223527,51232,726907,2,25.67,15,7.7,43.64,3.9,2026-02-26,2026-03-01,Miskolc,Website,Card,Completed
84956949,45415,911893,1,71.94,20,14.39,57.55,6.08,2026-01-10,2026-01-14,Debrecen,Mobile App,PayPal,Completed
29543623,77262,805042,2,114.03,10,22.81,205.25,0.0,2026-07-09,2026-07-13,Budapest,Website,Apple Pay,Completed
84819755,85983,415978,2,96.43,10,19.29,173.57,0.0,2026-06-01,2026-06-02,Győr,Marketplace,Card,Completed
11093446,72384,681976,1,58.3,10,5.83,52.47,5.89,2025-11-11,2025-11-13,Debrecen,Website,Apple Pay,Completed
78705032,72384,309408,2,61.99,0,0.0,123.98,0.0,2025-11-30,2025-12-04,Pécs,Mobile App,Apple Pay,Completed
29912712,23801,131071,1,35.09,0,0.0,35.09,7.09,2025-11-28,2025-11-29,Budapest,Website,Google Pay,Completed
90174575,23801,384280,1,34.21,10,3.42,30.79,6.18,2025-02-03,2025-02-09,Nyíregyháza,Website,Card,Completed
78507848,72384,502600,1,59.41,5,2.97,56.44,4.61,2025-04-03,2025-04-05,Tatabánya,Mobile App,Card,Completed
64187942,45415,786233,1,70.77,0,0.0,70.77,6.53,2026-01-17,2026-01-19,Pécs,Mobile App,Card,Completed
84533076,37136,951536,4,49.3,0,0.0,197.2,0.0,2025-10-21,2025-10-24,Győr,Website,Card,Completed
83402736,86989,235610,1,93.07,0,0.0,93.07,8.44,2025-08-29,2025-09-01,Debrecen,Marketplace,Card,Completed
94889611,45415,731977,3,70.36,10,21.11,189.97,0.0,2026-01-26,2026-01-28,Székesfehérvár,Website,Card,Completed
56859919,45415,805017,1,71.57,0,0.0,71.57,6.21,2026-05-03,2026-05-04,Budapest,Website,PayPal,Completed
12154148,45415,586787,2,71.72,10,14.34,129.1,0.0,2025-11-26,2025-12-02,Budapest,Marketplace,Card,Completed
44154835,86989,346105,1,88.38,5,4.42,83.96,4.74,2026-06-24,2026-06-27,Budapest,Website,Apple Pay,Completed
86780051,49073,339301,1,88.09,0,0.0,88.09,7.88,2025-05-05,2025-05-12,Debrecen,Website,Card,Completed
69805863,23801,118165,4,34.29,0,0.0,137.16,0.0,2026-05-16,2026-05-19,Budapest,Mobile App,Card,Completed
85532599,49073,512953,1,88.17,0,0.0,88.17,4.63,2026-03-17,2026-03-20,Budapest,Website,Bank Transfer,Completed
31297054,51232,495352,2,25.17,15,7.55,42.79,4.82,2025-09-13,2025-09-17,Győr,Retail Store,Card,Completed
73349704,49073,174469,2,89.65,20,35.86,143.44,0.0,2025-12-23,2025-12-23,Pécs,Website,Cash on Delivery,Completed
55345772,17471,383864,1,29.77,20,5.95,23.82,4.8,2026-04-03,2026-04-06,Nyíregyháza,Mobile App,Card,Completed
60166399,15378,369405,1,185.24,5,9.26,175.98,0.0,2025-03-01,2025-03-05,Kecskemét,Mobile App,Google Pay,Completed
59374082,51232,303890,1,25.14,0,0.0,25.14,4.51,2025-09-26,2025-10-03,Szeged,Mobile App,Google Pay,Completed
77213245,86989,292036,1,87.67,15,13.15,74.52,7.79,2025-04-14,2025-04-20,Budapest,Marketplace,Google Pay,Completed
69711704,39892,852244,1,116.57,10,11.66,104.91,0.0,2025-06-29,2025-07-01,Budapest,Mobile App,Card,Completed
91436265,95437,393046,1,54.92,0,0.0,54.92,5.28,2026-01-04,2026-01-09,Érd,Website,Cash on Delivery,Completed
67950689,45415,121775,1,70.73,5,3.54,67.19,8.54,2026-05-11,2026-05-12,Pécs,Retail Store,Bank Transfer,Completed
75963405,26644,118165,2,63.42,0,0.0,126.84,0.0,2025-01-17,2025-01-18,Budapest,Mobile App,Apple Pay,Completed
31346411,51232,316947,1,24.91,0,0.0,24.91,5.32,2026-04-21,2026-04-23,Miskolc,Marketplace,Card,Completed
84811406,51232,349637,1,25.11,5,1.26,23.85,4.19,2026-02-02,2026-02-07,Budapest,Website,Bank Transfer,Completed
69193099,95437,630843,1,55.7,0,0.0,55.7,5.08,2026-07-19,2026-07-20,Budapest,Website,Card,Completed
79506771,72384,672817,2,60.91,0,0.0,121.82,4.2,2025-04-26,2025-04-29,Debrecen,Mobile App,Card,Completed
95457970,45415,771770,1,71.89,15,10.78,61.11,5.89,2026-07-07,2026-07-08,Kecskemét,Website,Card,Completed
34479004,45415,252737,1,72.59,0,0.0,72.59,6.41,2026-05-25,2026-05-27,Pécs,Website,Card,Completed
32726682,85983,239098,3,98.51,0,0.0,295.53,0.0,2025-11-05,2025-11-09,Szeged,Retail Store,Apple Pay,Completed
55331620,39892,592973,1,117.96,20,23.59,94.37,4.59,2025-12-26,2025-12-28,Érd,Website,Card,Completed
46209450,85983,693300,1,92.3,0,0.0,92.3,8.02,2026-04-07,2026-04-08,Debrecen,Website,Card,Completed
76228293,86989,665068,1,88.23,0,0.0,88.23,6.27,2025-11-05,2025-11-06,Budapest,Mobile App,Cash on Delivery,Completed
88001946,23801,494349,1,34.83,0,0.0,34.83,5.63,2026-07-28,2026-07-31,Tatabánya,Mobile App,Card,Returned
61231510,86989,902953,1,93.42,15,14.01,79.41,3.77,2026-06-15,2026-06-18,Budapest,Website,Apple Pay,Completed
20864752,51232,361637,3,24.42,0,0.0,73.26,5.27,2025-03-11,2025-03-16,Szeged,Mobile App,Apple Pay,Completed
20912495,45415,794821,1,72.57,20,14.51,58.06,6.45,2025-05-11,2025-05-12,Szeged,Website,Google Pay,Completed
21449449,45415,846380,1,70.85,10,7.08,63.77,5.51,2025-02-11,2025-02-16,Budapest,Mobile App,Card,Completed
24441634,39892,806207,1,117.56,0,0.0,117.56,0.0,2025-03-14,2025-03-20,Budapest,Mobile App,Apple Pay,Completed
67863260,15378,797683,1,177.11,0,0.0,177.11,0.0,2025-07-10,2025-07-15,Pécs,Website,Apple Pay,Completed
65535175,77262,420184,2,108.59,0,0.0,217.18,6.03,2026-08-23,2026-08-25,Debrecen,Mobile App,Card,Completed
61210663,86989,990676,1,92.06,0,0.0,92.06,8.18,2026-01-22,2026-01-23,Székesfehérvár,Website,Card,Completed
26603781,49073,876834,1,91.2,0,0.0,91.2,5.03,2025-10-18,2025-10-22,Debrecen,Marketplace,Google Pay,Completed
58606772,51232,821868,1,25.27,10,2.53,22.74,8.97,2025-06-22,2025-06-23,Szeged,Website,PayPal,Completed
11814679,72384,131161,2,60.8,0,0.0,121.6,0.0,2025-10-26,2025-10-30,Budapest,Marketplace,Cash on Delivery,Completed
93829765,45415,223989,1,72.35,15,10.85,61.5,0.0,2025-04-06,,Győr,Marketplace,Card,Cancelled
23250903,37136,867215,1,48.64,15,7.3,41.34,4.43,2026-07-07,2026-07-10,Győr,Website,PayPal,Completed
31276470,20967,118165,1,128.51,0,0.0,128.51,5.17,2026-08-22,2026-08-23,Veszprém,Marketplace,Google Pay,Completed
31872741,45415,920885,2,70.24,10,14.05,126.43,0.0,2026-04-11,2026-04-13,Tatabánya,Mobile App,Card,Completed
34782938,15378,301238,1,184.62,0,0.0,184.62,0.0,2025-11-05,2025-11-06,Debrecen,Mobile App,Google Pay,Completed
68602228,85983,360554,1,98.14,0,0.0,98.14,5.53,2026-04-10,2026-04-12,Szeged,Mobile App,Card,Completed
28037012,49073,224896,1,88.18,0,0.0,88.18,3.58,2025-02-18,2025-02-20,Debrecen,Website,PayPal,Completed
72759387,86989,896458,1,87.31,5,4.37,82.94,8.03,2026-08-01,2026-08-04,Székesfehérvár,Website,Card,Completed
94196782,26644,519033,3,63.2,15,28.44,161.16,0.0,2025-05-20,2025-05-25,Szeged,Website,Bank Transfer,Completed
45896153,45415,605620,1,71.24,0,0.0,71.24,3.62,2025-12-29,2026-01-03,Budapest,Mobile App,Apple Pay,Completed
54329536,17471,999670,2,29.23,15,8.77,49.69,7.33,2026-02-01,2026-02-02,Kecskemét,Website,PayPal,Completed
96648035,86989,348650,1,89.33,0,0.0,89.33,7.37,2026-08-27,2026-08-30,Miskolc,Marketplace,Card,Completed
22535709,51232,649042,2,25.6,10,5.12,46.08,6.55,2025-12-31,2026-01-02,Debrecen,Website,Card,Completed
83153606,72384,654495,2,59.47,5,5.95,112.99,0.0,2025-10-14,2025-10-15,Szeged,Website,Card,Completed
60254364,85983,510037,1,95.04,0,0.0,95.04,0.0,2025-10-17,,Nyíregyháza,Mobile App,Card,Cancelled
96531491,95437,726907,1,56.8,15,8.52,48.28,0.0,2025-05-05,,Sopron,Website,Card,Cancelled
24975976,86989,881600,1,90.98,15,13.65,77.33,7.2,2025-11-08,2025-11-09,Kecskemét,Website,Card,Completed
97446556,86989,394169,1,92.95,0,0.0,92.95,0.0,2026-06-29,,Budapest,Website,PayPal,Cancelled
88640336,26644,394169,1,64.57,0,0.0,64.57,8.92,2025-09-10,2025-09-12,Pécs,Website,Card,Completed
93334533,15378,376228,2,180.07,0,0.0,360.14,4.31,2026-08-22,2026-08-23,Budapest,Website,Apple Pay,Returned
94806015,23801,651916,1,35.64,0,0.0,35.64,3.64,2025-07-17,2025-07-22,Nyíregyháza,Website,Google Pay,Completed
93613569,45415,935367,1,69.1,0,0.0,69.1,0.0,2025-09-02,,Budapest,Website,Google Pay,Cancelled
13946707,23801,940740,1,34.3,5,1.71,32.59,6.35,2025-01-15,2025-01-16,Pécs,Mobile App,PayPal,Completed
66112204,20967,588076,1,127.58,0,0.0,127.58,0.0,2026-03-28,2026-03-29,Debrecen,Retail Store,Card,Completed
14902130,37136,763962,1,49.55,0,0.0,49.55,5.83,2025-07-16,2025-07-20,Székesfehérvár,Website,Apple Pay,Completed
31376562,20967,923489,1,132.78,0,0.0,132.78,0.0,2025-09-08,2025-09-09,Szombathely,Website,Card,Completed
66748537,23801,940400,2,35.23,10,7.05,63.41,4.33,2025-10-28,2025-10-31,Nyíregyháza,Website,Cash on Delivery,Returned
74206470,85983,124512,1,95.67,0,0.0,95.67,6.63,2026-04-27,2026-04-30,Budapest,Marketplace,Card,Completed
87073475,15378,189263,1,175.92,0,0.0,175.92,0.0,2025-10-19,2025-10-20,Érd,Marketplace,Google Pay,Completed
50308593,49073,176185,1,89.05,10,8.9,80.15,6.82,2025-07-07,2025-07-09,Győr,Marketplace,Card,Completed
22752077,86989,855803,1,87.43,0,0.0,87.43,8.92,2025-02-14,2025-02-20,Kecskemét,Mobile App,Card,Completed
14736066,26644,468932,1,63.29,0,0.0,63.29,4.4,2026-06-01,2026-06-03,Győr,Website,PayPal,Completed
57646591,45415,859502,1,72.0,25,18.0,54.0,3.84,2025-07-22,2025-07-22,Budapest,Website,Card,Completed
15347396,39892,381603,1,124.63,10,12.46,112.17,0.0,2025-11-20,2025-11-23,Budapest,Website,Card,Completed
10406298,15378,185190,3,174.68,0,0.0,524.04,0.0,2026-02-10,2026-02-14,Pécs,Mobile App,Card,Completed
64831785,86989,174469,2,92.16,15,27.65,156.67,0.0,2025-01-25,2025-01-31,Miskolc,Website,Bank Transfer,Completed
50815358,23801,512953,2,34.61,20,13.84,55.38,6.71,2025-08-22,2025-08-24,Debrecen,Website,PayPal,Completed
14196593,39892,473434,1,117.73,0,0.0,117.73,6.22,2026-03-06,2026-03-07,Szombathely,Website,Card,Completed
25220023,86989,987171,3,92.2,5,13.83,262.77,5.26,2025-12-24,2025-12-25,Nyíregyháza,Retail Store,PayPal,Completed
84070493,26644,519033,2,65.32,10,13.06,117.58,0.0,2026-03-24,2026-03-30,Nyíregyháza,Website,Card,Completed
77381563,49073,363865,1,92.53,25,23.13,69.4,5.77,2026-07-30,2026-08-01,Budapest,Website,Card,Returned
32680993,95437,275241,1,56.83,0,0.0,56.83,4.59,2026-05-13,2026-05-15,Budapest,Mobile App,PayPal,Completed
45634443,77262,635847,1,107.05,0,0.0,107.05,0.0,2025-04-10,2025-04-13,Szombathely,Mobile App,Cash on Delivery,Completed
17933924,72384,219582,2,60.79,0,0.0,121.58,0.0,2026-02-06,2026-02-09,Pécs,Website,Card,Completed
49772781,23801,761079,2,34.11,0,0.0,68.22,7.83,2026-02-06,2026-02-07,Győr,Marketplace,Cash on Delivery,Completed
35270540,86989,726842,4,89.38,0,0.0,357.52,3.89,2026-04-25,2026-04-27,Budapest,Mobile App,Card,Completed
78945592,86989,751202,1,93.05,0,0.0,93.05,7.66,2025-10-29,2025-11-02,Székesfehérvár,Mobile App,Google Pay,Completed
47015780,23801,467348,1,34.32,0,0.0,34.32,7.48,2025-05-13,2025-05-16,Budapest,Website,Card,Completed
18625964,45415,945366,1,70.68,0,0.0,70.68,7.77,2025-08-15,2025-08-17,Budapest,Mobile App,Apple Pay,Completed
39878214,23801,223994,1,36.12,0,0.0,36.12,5.7,2025-02-14,2025-02-18,Győr,Website,Apple Pay,Completed
93886918,77262,255503,2,107.93,5,10.79,205.07,0.0,2025-05-21,2025-05-25,Pécs,Website,Apple Pay,Completed
68197737,51232,453524,1,24.54,5,1.23,23.31,5.12,2025-12-13,2025-12-16,Pécs,Website,Apple Pay,Completed
83366336,86989,607258,1,89.64,5,4.48,85.16,7.34,2026-07-31,2026-07-31,Pécs,Retail Store,Apple Pay,Completed
59598566,72384,852199,1,61.46,5,3.07,58.39,6.39,2026-01-31,2026-02-03,Nyíregyháza,Marketplace,Card,Completed
55656811,51232,930581,1,24.43,5,1.22,23.21,5.26,2026-01-19,2026-01-22,Szombathely,Marketplace,PayPal,Completed
15051431,86989,859177,1,89.54,5,4.48,85.06,4.85,2026-03-07,2026-03-10,Budapest,Website,Google Pay,Completed
89333490,51232,722251,2,25.22,0,0.0,50.44,3.72,2026-06-14,2026-06-17,Pécs,Mobile App,Cash on Delivery,Completed
64043539,51232,391290,2,25.36,10,5.07,45.65,7.95,2026-02-04,2026-02-06,Nyíregyháza,Website,Card,Completed
27464151,37136,463618,3,49.86,10,14.96,134.62,0.0,2025-07-19,2025-07-22,Budapest,Website,Google Pay,Completed
60239904,85983,635847,1,92.69,0,0.0,92.69,6.82,2026-02-16,2026-02-19,Kecskemét,Website,Card,Completed
25745743,49073,180008,1,91.06,5,4.55,86.51,8.32,2025-01-16,2025-01-19,Debrecen,Marketplace,Card,Completed
15698004,86989,516826,1,90.52,5,4.53,85.99,3.62,2025-08-31,2025-09-06,Szeged,Website,Card,Completed
97038170,20967,379921,1,128.18,0,0.0,128.18,0.0,2025-03-04,2025-03-09,Budapest,Marketplace,Card,Completed
74725926,23801,242339,2,34.25,5,3.43,65.07,6.07,2025-08-04,2025-08-10,Nyíregyháza,Mobile App,Card,Completed
80839162,51232,957301,2,24.62,0,0.0,49.24,5.85,2026-01-27,2026-02-01,Budapest,Website,PayPal,Completed
53168384,39892,683728,2,118.93,5,11.89,225.97,0.0,2025-10-07,,Nyíregyháza,Website,Card,Cancelled
83321000,86989,925669,2,87.35,0,0.0,174.7,0.0,2025-09-07,2025-09-10,Szombathely,Mobile App,Bank Transfer,Completed
26828179,51232,300237,1,25.27,0,0.0,25.27,6.94,2025-03-11,2025-03-13,Veszprém,Website,Card,Completed
66058500,23801,638431,1,35.74,10,3.57,32.17,3.87,2025-11-12,2025-11-14,Budapest,Marketplace,PayPal,Completed
58465752,86989,393046,1,91.47,10,9.15,82.32,4.49,2026-06-08,2026-06-10,Budapest,Website,Cash on Delivery,Completed
15595329,45415,574494,2,69.09,0,0.0,138.18,0.0,2025-02-27,2025-03-02,Érd,Website,Card,Completed
64882249,51232,460259,1,24.55,5,1.23,23.32,4.36,2025-08-04,2025-08-05,Budapest,Retail Store,Cash on Delivery,Completed
87908005,86989,331790,2,89.14,20,35.66,142.62,0.0,2025-08-13,2025-08-19,Győr,Mobile App,PayPal,Returned
79528975,15378,379921,1,174.61,15,26.19,148.42,0.0,2025-12-24,2025-12-26,Veszprém,Website,Card,Completed
59956038,85983,920885,1,96.71,20,19.34,77.37,4.75,2025-12-20,2025-12-22,Budapest,Mobile App,Cash on Delivery,Completed
98323406,85983,855803,1,93.18,5,4.66,88.52,6.69,2026-08-07,2026-08-08,Debrecen,Mobile App,PayPal,Completed
41409948,37136,831619,1,51.13,5,2.56,48.57,6.55,2026-02-08,2026-02-09,Budapest,Website,Card,Completed
26207077,86989,355191,1,89.07,0,0.0,89.07,5.36,2025-02-02,2025-02-04,Budapest,Mobile App,Bank Transfer,Completed
69631439,77262,130851,1,111.3,0,0.0,111.3,0.0,2025-01-28,2025-01-29,Debrecen,Mobile App,Card,Completed
56185877,95437,223989,1,55.2,20,11.04,44.16,4.94,2026-04-02,2026-04-03,Debrecen,Website,Card,Completed
24178497,45415,346016,1,71.81,0,0.0,71.81,8.76,2026-07-21,2026-07-25,Budapest,Mobile App,Bank Transfer,Completed
74430442,45415,652521,1,71.97,20,14.39,57.58,7.01,2025-04-05,2025-04-08,Budapest,Mobile App,Bank Transfer,Completed
19575551,23801,494016,1,34.04,5,1.7,32.34,6.93,2025-05-27,2025-05-28,Veszprém,Website,Bank Transfer,Returned
32881781,23801,476304,1,35.28,15,5.29,29.99,4.28,2025-12-21,2025-12-23,Debrecen,Website,Card,Completed
68314124,86989,806207,1,89.23,10,8.92,80.31,7.83,2025-06-29,2025-07-04,Veszprém,Mobile App,Bank Transfer,Completed
91837889,85983,824419,1,97.55,0,0.0,97.55,6.47,2025-07-28,2025-07-28,Érd,Retail Store,Card,Completed
80224214,17471,180008,1,29.54,0,0.0,29.54,6.6,2026-08-07,2026-08-07,Miskolc,Website,PayPal,Completed
11618946,86989,558050,1,89.95,0,0.0,89.95,4.69,2025-10-27,2025-10-31,Sopron,Website,Card,Completed
42750975,49073,126979,1,89.73,25,22.43,67.3,7.61,2026-01-01,2026-01-03,Kecskemét,Website,Card,Completed
83425019,86989,751202,1,92.12,0,0.0,92.12,6.84,2025-09-08,2025-09-13,Sopron,Marketplace,Apple Pay,Completed
73666673,51232,693300,1,25.51,10,2.55,22.96,8.94,2026-06-20,2026-06-22,Veszprém,Retail Store,Card,Completed
52926895,49073,540499,1,87.32,0,0.0,87.32,7.42,2026-08-23,2026-08-29,Pécs,Website,Card,Completed
80885747,86989,129550,1,88.82,0,0.0,88.82,8.73,2026-05-12,2026-05-18,Eger,Marketplace,Google Pay,Completed
43138651,26644,355217,1,64.7,0,0.0,64.7,6.25,2025-12-16,2025-12-20,Kecskemét,Retail Store,Card,Completed
37377618,15378,437828,1,185.36,0,0.0,185.36,4.15,2026-02-04,2026-02-07,Győr,Website,Cash on Delivery,Completed
93532915,86989,172877,1,90.57,0,0.0,90.57,6.69,2026-04-06,2026-04-09,Budapest,Website,Card,Completed
35871032,86989,585763,2,92.89,15,27.87,157.91,0.0,2025-05-17,2025-05-22,Győr,Website,PayPal,Completed
48942390,15378,318717,3,181.87,5,27.28,518.33,7.26,2025-02-09,2025-02-13,Eger,Mobile App,Card,Completed
42497972,49073,983105,2,91.58,20,36.63,146.53,0.0,2025-05-11,2025-05-13,Kecskemét,Website,Bank Transfer,Completed
98133870,20967,951536,1,132.09,15,19.81,112.28,0.0,2025-06-14,2025-06-17,Szombathely,Website,Bank Transfer,Completed
89800786,45415,519033,1,68.14,15,10.22,57.92,5.53,2026-01-31,2026-02-02,Budapest,Website,Google Pay,Completed
31039129,20967,983662,1,134.1,5,6.71,127.39,0.0,2026-01-01,2026-01-04,Székesfehérvár,Marketplace,Google Pay,Completed
28085636,45415,271009,2,69.55,0,0.0,139.1,4.16,2026-08-31,2026-09-06,Veszprém,Retail Store,PayPal,Completed
81713240,45415,561211,1,72.38,5,3.62,68.76,5.94,2025-12-11,2025-12-13,Budapest,Retail Store,Card,Completed
95131180,15378,559367,1,176.01,5,8.8,167.21,0.0,2025-07-19,2025-07-23,Székesfehérvár,Mobile App,Card,Completed
89252006,95437,315645,1,54.12,10,5.41,48.71,3.92,2026-01-12,2026-01-16,Tatabánya,Mobile App,Card,Completed
17505176,37136,292036,5,51.9,0,0.0,259.5,0.0,2025-01-09,2025-01-10,Budapest,Website,Card,Completed
97153488,23801,349351,1,34.15,0,0.0,34.15,6.07,2025-08-10,2025-08-12,Miskolc,Website,Card,Completed
86118749,20967,604173,1,129.45,10,12.95,116.5,0.0,2026-01-13,2026-01-14,Budapest,Website,PayPal,Completed
20439378,95437,876408,2,56.07,10,11.21,100.93,0.0,2025-03-23,2025-03-26,Székesfehérvár,Website,Cash on Delivery,Completed
53729582,85983,540731,1,93.99,10,9.4,84.59,8.7,2025-10-29,2025-10-30,Pécs,Marketplace,Bank Transfer,Completed
11056268,85983,356432,1,94.78,0,0.0,94.78,8.22,2025-11-28,2025-12-01,Szeged,Marketplace,Apple Pay,Completed
14878839,86989,926759,1,91.52,10,9.15,82.37,5.93,2025-06-09,2025-06-14,Nyíregyháza,Website,Card,Completed
99001916,86989,127995,1,87.45,20,17.49,69.96,5.03,2025-10-26,2025-10-27,Székesfehérvár,Mobile App,Card,Completed
37507805,86989,193706,1,89.01,0,0.0,89.01,5.6,2025-05-19,2025-05-22,Győr,Website,PayPal,Completed
80354392,45415,211474,2,70.28,0,0.0,140.56,0.0,2025-02-24,2025-02-28,Budapest,Website,Card,Completed
49291609,51232,118165,2,24.95,20,9.98,39.92,3.87,2025-02-27,2025-03-04,Székesfehérvár,Website,Cash on Delivery,Completed
47247484,86989,360082,1,93.21,0,0.0,93.21,5.07,2026-03-05,2026-03-10,Debrecen,Website,Apple Pay,Completed
70769480,49073,931265,1,91.78,0,0.0,91.78,6.71,2025-03-05,2025-03-06,Tatabánya,Mobile App,Google Pay,Returned
11341194,37136,983138,1,49.86,0,0.0,49.86,5.08,2025-10-07,2025-10-11,Eger,Website,Card,Completed
28665561,85983,867215,2,92.31,20,36.92,147.7,0.0,2026-03-23,2026-03-27,Veszprém,Mobile App,PayPal,Completed
74877819,26644,535672,2,65.85,0,0.0,131.7,7.08,2025-06-22,2025-06-24,Budapest,Marketplace,Card,Completed
33147023,15378,472199,1,176.53,10,17.65,158.88,0.0,2025-12-29,2025-12-31,Budapest,Website,Apple Pay,Completed
21615047,45415,893047,1,68.83,0,0.0,68.83,6.93,2025-08-25,2025-08-29,Budapest,Retail Store,Card,Completed
42387890,37136,117761,2,51.66,0,0.0,103.32,0.0,2026-01-01,2026-01-02,Budapest,Retail Store,Google Pay,Completed
66812662,72384,264437,2,61.67,0,0.0,123.34,0.0,2026-05-22,2026-05-27,Budapest,Mobile App,Card,Completed
72090075,37136,116230,2,51.75,0,0.0,103.5,0.0,2026-05-27,2026-05-30,Budapest,Marketplace,Card,Completed
67687893,95437,592973,1,56.01,5,2.8,53.21,4.64,2025-09-09,2025-09-10,Szeged,Website,Apple Pay,Completed
56181138,45415,756899,2,71.12,15,21.34,120.9,4.99,2026-01-24,2026-01-29,Budapest,Website,Apple Pay,Returned
76075874,85983,444004,1,93.91,5,4.7,89.21,7.61,2025-03-02,2025-03-05,Budapest,Marketplace,PayPal,Completed
31682008,39892,935367,1,116.82,15,17.52,99.3,8.1,2026-04-28,2026-05-01,Szeged,Website,Cash on Delivery,Completed
38417034,95437,261662,1,53.78,20,10.76,43.02,8.1,2025-06-01,2025-06-03,Budapest,Mobile App,Apple Pay,Completed
97117761,20967,977931,3,131.53,0,0.0,394.59,4.34,2025-12-30,2025-12-31,Budapest,Mobile App,Card,Completed
17535792,51232,936563,1,24.85,5,1.24,23.61,6.13,2025-07-19,2025-07-26,Budapest,Website,Card,Completed
55094921,86989,635847,1,87.32,0,0.0,87.32,5.04,2026-02-01,2026-02-02,Budapest,Website,Apple Pay,Completed
33374407,26644,385097,2,67.39,0,0.0,134.78,0.0,2025-06-25,2025-07-01,Budapest,Website,Card,Completed
63703425,20967,635014,3,128.8,20,77.28,309.12,0.0,2025-01-09,2025-01-11,Sopron,Marketplace,Card,Completed
96509136,37136,519033,2,49.74,15,14.92,84.56,7.38,2026-02-18,2026-02-20,Székesfehérvár,Website,Card,Completed
37590749,49073,124512,1,91.8,10,9.18,82.62,8.34,2026-01-20,2026-01-26,Pécs,Website,Cash on Delivery,Completed
74664952,51232,448104,1,25.47,10,2.55,22.92,5.62,2025-03-12,2025-03-15,Budapest,Marketplace,Card,Completed
76101424,49073,725794,1,89.05,5,4.45,84.6,8.55,2026-04-26,2026-05-01,Budapest,Marketplace,Apple Pay,Completed
61090517,95437,930569,2,55.96,10,11.19,100.73,0.0,2025-04-21,2025-04-22,Debrecen,Marketplace,Card,Completed
16993731,86989,541640,4,90.82,0,0.0,363.28,0.0,2025-09-01,2025-09-04,Sopron,Website,Google Pay,Completed
87347641,72384,228457,1,60.88,5,3.04,57.84,7.06,2025-12-11,2025-12-13,Budapest,Marketplace,Apple Pay,Completed
94521050,49073,999110,1,88.33,25,22.08,66.25,4.03,2025-05-11,2025-05-12,Székesfehérvár,Website,Apple Pay,Completed
67203861,51232,329638,1,25.08,0,0.0,25.08,8.74,2026-01-15,2026-01-17,Tatabánya,Mobile App,Card,Returned
71361325,51232,860165,2,25.62,10,5.12,46.12,5.08,2025-10-11,2025-10-15,Szeged,Mobile App,Card,Completed
26054662,45415,263625,2,70.76,15,21.23,120.29,5.34,2025-10-19,2025-10-22,Budapest,Website,Cash on Delivery,Completed
23442995,85983,605291,1,94.63,0,0.0,94.63,8.58,2026-03-06,2026-03-09,Budapest,Mobile App,Card,Returned
62301326,15378,479585,1,177.05,25,44.26,132.79,0.0,2025-09-14,2025-09-14,Pécs,Website,Card,Completed
53893094,86989,406345,1,88.77,0,0.0,88.77,6.13,2025-03-14,2025-03-15,Győr,Mobile App,PayPal,Completed
34151131,86989,831619,1,92.51,0,0.0,92.51,5.56,2026-05-23,2026-05-25,Győr,Website,Card,Completed
16095715,20967,618831,1,130.15,0,0.0,130.15,0.0,2025-08-09,2025-08-11,Budapest,Mobile App,Cash on Delivery,Returned
61546234,85983,795656,1,95.48,5,4.77,90.71,4.01,2025-09-24,2025-09-29,Budapest,Marketplace,Card,Completed
98448817,26644,758443,1,63.76,10,6.38,57.38,4.86,2026-08-29,2026-09-01,Budapest,Website,Card,Completed
66450440,86989,549022,1,88.02,0,0.0,88.02,7.24,2025-12-16,2025-12-22,Budapest,Mobile App,Card,Completed
24630555,85983,434476,1,96.81,5,4.84,91.97,0.0,2026-02-13,,Budapest,Website,Card,Cancelled
75529080,72384,850325,1,58.34,10,5.83,52.51,5.91,2025-12-07,2025-12-10,Budapest,Retail Store,Apple Pay,Completed
36434335,23801,475851,1,34.29,5,1.71,32.58,8.23,2025-12-11,2025-12-13,Győr,Marketplace,Bank Transfer,Completed
36544238,86989,797683,2,89.86,0,0.0,179.72,0.0,2025-09-08,2025-09-12,Debrecen,Mobile App,Cash on Delivery,Completed
90341578,45415,134178,1,69.49,0,0.0,69.49,3.72,2025-02-23,2025-02-25,Budapest,Marketplace,Cash on Delivery,Completed
59156986,86989,160843,1,93.12,0,0.0,93.12,0.0,2026-02-03,,Budapest,Marketplace,PayPal,Cancelled
58681285,51232,246653,1,25.82,0,0.0,25.82,4.28,2025-09-01,2025-09-06,Miskolc,Website,Apple Pay,Completed
33751805,39892,317927,1,119.34,10,11.93,107.41,7.2,2026-01-06,2026-01-07,Győr,Website,Card,Completed
85124388,37136,276421,1,50.47,25,12.62,37.85,6.31,2026-05-12,2026-05-13,Budapest,Mobile App,Cash on Delivery,Completed
19730818,51232,635847,1,25.3,5,1.27,24.03,0.0,2025-06-20,,Érd,Website,Card,Cancelled
95445211,72384,585763,1,59.67,0,0.0,59.67,4.51,2025-04-28,2025-04-30,Budapest,Website,Google Pay,Completed
84655279,23801,283302,1,34.46,15,5.17,29.29,6.59,2026-03-31,2026-04-05,Veszprém,Website,Card,Completed
39084471,95437,305196,1,56.94,5,2.85,54.09,4.71,2026-02-03,2026-02-03,Pécs,Retail Store,Card,Completed
68403496,17471,332217,1,29.4,0,0.0,29.4,0.0,2026-03-01,,Budapest,Website,Card,Cancelled
85337513,51232,942270,1,25.07,0,0.0,25.07,7.25,2025-12-03,2025-12-07,Szeged,Mobile App,Card,Completed
71862033,37136,569983,1,49.53,25,12.38,37.15,6.94,2026-02-12,2026-02-16,Győr,Retail Store,Apple Pay,Completed
17524817,20967,635847,1,131.67,10,13.17,118.5,0.0,2026-02-08,2026-02-10,Budapest,Mobile App,Card,Completed
71284098,72384,496240,3,60.86,0,0.0,182.58,0.0,2026-06-28,2026-07-01,Debrecen,Website,Card,Completed
31169397,20967,856887,2,130.38,0,0.0,260.76,0.0,2026-07-10,2026-07-11,Kecskemét,Retail Store,Card,Completed
57623824,86989,258927,1,91.51,0,0.0,91.51,0.0,2025-05-17,,Budapest,Website,Card,Cancelled
52548069,86989,151291,1,89.89,20,17.98,71.91,3.84,2025-10-24,2025-10-25,Győr,Marketplace,Card,Completed
71391682,20967,446765,1,130.51,0,0.0,130.51,0.0,2025-02-02,2025-02-07,Szombathely,Retail Store,Bank Transfer,Completed
30284126,85983,234000,1,98.75,0,0.0,98.75,8.66,2025-03-24,2025-03-27,Kecskemét,Mobile App,PayPal,Completed
34778441,37136,119090,1,48.79,0,0.0,48.79,4.6,2025-07-01,2025-07-04,Nyíregyháza,Website,Google Pay,Completed
28075688,49073,601412,2,93.15,5,9.32,176.98,0.0,2025-07-29,2025-07-31,Budapest,Mobile App,Card,Completed
37880070,23801,924438,1,35.01,0,0.0,35.01,4.78,2025-11-04,2025-11-05,Kecskemét,Mobile App,Apple Pay,Completed
19746810,45415,275072,1,70.46,20,14.09,56.37,5.04,2025-03-17,2025-03-20,Miskolc,Mobile App,Card,Completed
78531060,23801,969188,1,35.99,15,5.4,30.59,7.14,2026-06-30,2026-07-02,Budapest,Marketplace,Card,Completed
37152246,26644,309026,1,63.21,0,0.0,63.21,8.85,2026-02-14,2026-02-17,Debrecen,Website,Card,Completed
11806017,15378,337197,4,179.9,10,71.96,647.64,0.0,2025-10-10,2025-10-11,Budapest,Retail Store,Card,Completed
60203115,15378,923787,1,184.78,5,9.24,175.54,0.0,2026-02-19,2026-02-24,Budapest,Website,Card,Completed
15892189,15378,507765,2,176.29,15,52.89,299.69,0.0,2026-06-11,2026-06-15,Pécs,Mobile App,Card,Completed
67101127,86989,676533,3,88.84,10,26.65,239.87,0.0,2025-02-22,2025-02-24,Tatabánya,Mobile App,Google Pay,Completed
32912722,15378,299858,1,178.37,0,0.0,178.37,0.0,2026-02-03,2026-02-04,Budapest,Marketplace,Google Pay,Completed
80635726,39892,934270,2,122.83,10,24.57,221.09,0.0,2025-12-21,2025-12-24,Sopron,Website,Apple Pay,Completed
86470374,20967,261662,3,132.24,10,39.67,357.05,0.0,2025-01-24,2025-01-28,Pécs,Mobile App,Card,Returned
36831221,51232,911893,2,25.84,10,5.17,46.51,5.74,2026-05-05,2026-05-12,Szeged,Mobile App,Card,Completed
31261235,77262,575829,3,110.85,0,0.0,332.55,5.68,2026-07-09,2026-07-10,Szeged,Marketplace,Google Pay,Completed
53686652,86989,896458,2,92.9,0,0.0,185.8,0.0,2025-09-25,2025-09-29,Budapest,Mobile App,Card,Completed
57894601,20967,681073,1,132.68,5,6.63,126.05,4.94,2025-12-01,2025-12-04,Budapest,Website,Card,Completed
81855070,86989,254709,1,87.42,10,8.74,78.68,7.46,2026-06-27,2026-07-03,Budapest,Mobile App,Card,Completed
17915877,51232,233736,1,25.8,5,1.29,24.51,5.91,2025-06-11,2025-06-14,Pécs,Website,Card,Completed
64793101,49073,906071,1,91.17,0,0.0,91.17,3.58,2026-06-26,2026-06-30,Budapest,Website,Apple Pay,Completed
90215622,45415,384280,1,72.72,0,0.0,72.72,6.09,2025-12-06,2025-12-08,Debrecen,Website,Card,Completed
21882787,95437,251635,3,56.68,0,0.0,170.04,0.0,2025-10-13,2025-10-16,Budapest,Website,Card,Completed
49659801,51232,233768,1,24.85,0,0.0,24.85,6.25,2025-05-15,2025-05-17,Budapest,Marketplace,Card,Completed
86264000,20967,790563,1,129.87,25,32.47,97.4,8.86,2025-09-25,2025-09-26,Debrecen,Website,Card,Completed
91255935,86989,543130,1,92.11,0,0.0,92.11,7.92,2025-08-08,2025-08-11,Székesfehérvár,Website,Google Pay,Completed
46092444,15378,458528,2,180.25,0,0.0,360.5,0.0,2025-03-31,2025-04-01,Budapest,Website,Card,Completed
66136378,37136,463618,1,49.0,0,0.0,49.0,5.71,2025-06-10,2025-06-12,Debrecen,Mobile App,Google Pay,Completed
73036919,45415,884413,1,71.19,0,0.0,71.19,7.25,2026-07-13,2026-07-15,Szombathely,Website,PayPal,Completed
25428352,20967,352947,1,130.0,5,6.5,123.5,4.56,2025-04-06,2025-04-13,Győr,Mobile App,Card,Completed
27346692,86989,676533,1,92.39,0,0.0,92.39,8.47,2025-11-21,2025-11-26,Budapest,Website,Bank Transfer,Completed
24613212,49073,275072,3,88.57,15,39.86,225.85,0.0,2026-05-24,2026-05-26,Pécs,Marketplace,Card,Completed
38443521,51232,935264,2,25.87,10,5.17,46.57,4.39,2025-04-18,2025-04-22,Budapest,Marketplace,Bank Transfer,Completed
86792445,72384,437828,1,60.79,10,6.08,54.71,4.22,2025-11-17,2025-11-22,Budapest,Website,Card,Completed
27399851,86989,714564,1,88.39,0,0.0,88.39,4.84,2025-07-08,2025-07-10,Pécs,Website,Cash on Delivery,Completed
94434498,45415,528354,1,72.71,20,14.54,58.17,8.15,2026-07-09,2026-07-11,Miskolc,Website,Bank Transfer,Completed
31670884,85983,693413,1,96.18,0,0.0,96.18,3.98,2025-01-19,2025-01-21,Pécs,Mobile App,Apple Pay,Completed
89325326,77262,967844,1,112.07,0,0.0,112.07,4.52,2026-04-21,2026-04-23,Győr,Website,Card,Returned
96494767,86989,575829,1,93.22,0,0.0,93.22,5.56,2026-07-09,2026-07-14,Szeged,Mobile App,Card,Completed
50777116,86989,920297,1,89.09,0,0.0,89.09,7.66,2026-05-12,2026-05-13,Szeged,Mobile App,Bank Transfer,Completed
31383740,51232,274680,1,25.02,20,5.0,20.02,8.37,2026-01-10,2026-01-11,Debrecen,Website,Google Pay,Completed
14753314,20967,654545,1,133.08,0,0.0,133.08,0.0,2025-11-15,2025-11-18,Miskolc,Website,Bank Transfer,Completed
18938768,86989,722757,1,91.76,10,9.18,82.58,5.93,2026-07-22,2026-07-25,Budapest,Website,Apple Pay,Completed
54768950,51232,625329,1,25.8,15,3.87,21.93,4.16,2025-06-12,2025-06-15,Budapest,Marketplace,Card,Completed
30809244,85983,937208,1,95.89,0,0.0,95.89,8.26,2025-02-10,2025-02-10,Budapest,Website,Card,Completed
18837707,45415,756899,1,71.8,0,0.0,71.8,7.92,2025-08-03,2025-08-04,Debrecen,Website,PayPal,Completed
90963349,20967,349300,1,131.24,0,0.0,131.24,6.13,2025-10-21,2025-10-23,Budapest,Website,PayPal,Completed
42852593,85983,410187,1,93.12,20,18.62,74.5,7.98,2026-04-09,2026-04-10,Szeged,Retail Store,Apple Pay,Completed
42866257,23801,673116,1,35.34,0,0.0,35.34,3.77,2025-03-24,2025-03-30,Veszprém,Retail Store,PayPal,Completed
96237737,77262,731851,1,114.34,0,0.0,114.34,0.0,2026-04-22,2026-04-27,Sopron,Website,Card,Completed
38915151,45415,374088,1,68.77,0,0.0,68.77,7.45,2026-04-01,2026-04-03,Debrecen,Website,Google Pay,Completed
42952790,45415,813258,5,71.14,10,35.57,320.13,0.0,2025-10-27,2025-11-02,Budapest,Website,Apple Pay,Completed
76922397,86989,255503,1,93.4,0,0.0,93.4,6.96,2026-07-01,2026-07-04,Budapest,Mobile App,Cash on Delivery,Completed
32652803,37136,487480,2,48.86,10,9.77,87.95,4.18,2026-08-13,2026-08-16,Budapest,Website,Card,Completed
55190735,23801,472199,1,36.36,10,3.64,32.72,7.62,2026-08-20,2026-08-22,Budapest,Website,Bank Transfer,Completed
85317964,95437,227202,1,55.31,0,0.0,55.31,8.8,2026-01-12,2026-01-17,Székesfehérvár,Website,Card,Completed
51379591,15378,666900,1,176.38,0,0.0,176.38,0.0,2025-06-24,2025-06-25,Pécs,Mobile App,Card,Completed
74156911,23801,458514,1,34.59,0,0.0,34.59,8.37,2025-10-13,2025-10-17,Szeged,Mobile App,Card,Completed
66831640,51232,988380,2,24.58,0,0.0,49.16,5.05,2026-05-18,2026-05-20,Miskolc,Marketplace,PayPal,Completed
27326441,39892,388501,2,118.61,0,0.0,237.22,0.0,2025-03-05,2025-03-10,Eger,Website,Google Pay,Completed
84074997,72384,853113,1,60.88,0,0.0,60.88,4.72,2025-06-02,2025-06-03,Székesfehérvár,Marketplace,Card,Completed
97880430,86989,219553,2,91.44,0,0.0,182.88,4.07,2026-08-26,2026-08-28,Budapest,Mobile App,Apple Pay,Completed
25154901,86989,665068,2,91.23,15,27.37,155.09,0.0,2025-03-18,2025-03-21,Budapest,Retail Store,Bank Transfer,Returned
40577951,51232,990676,1,24.91,0,0.0,24.91,5.32,2026-08-12,2026-08-15,Debrecen,Mobile App,Bank Transfer,Completed
54646183,77262,236297,1,111.85,5,5.59,106.26,0.0,2025-12-05,2025-12-08,Pécs,Website,Card,Completed
54212893,49073,830998,1,93.56,15,14.03,79.53,4.79,2025-05-02,2025-05-04,Kecskemét,Mobile App,Card,Completed
39546410,15378,318337,1,186.01,10,18.6,167.41,0.0,2025-05-29,2025-06-01,Pécs,Website,Google Pay,Completed
91851445,95437,409271,1,54.06,20,10.81,43.25,6.52,2025-04-07,2025-04-09,Debrecen,Website,Card,Completed
77619692,20967,379755,1,135.0,25,33.75,101.25,0.0,2025-11-24,2025-11-27,Budapest,Website,Card,Completed
88890364,23801,761524,2,34.65,0,0.0,69.3,3.67,2025-06-23,2025-06-28,Kecskemét,Website,Card,Completed
44051213,86989,570776,1,90.66,0,0.0,90.66,5.29,2025-11-10,2025-11-12,Budapest,Mobile App,Card,Completed
81452713,72384,883490,1,58.48,20,11.7,46.78,7.19,2025-12-08,2025-12-13,Budapest,Marketplace,Cash on Delivery,Completed
33272740,37136,872081,2,49.53,10,9.91,89.15,8.79,2026-04-19,2026-04-25,Szeged,Website,Card,Completed
28907160,23801,528354,3,36.29,0,0.0,108.87,0.0,2025-11-13,2025-11-19,Budapest,Retail Store,Card,Completed
29381493,15378,526711,3,184.89,0,0.0,554.67,0.0,2025-06-09,2025-06-11,Budapest,Website,Card,Completed
88121787,45415,698871,1,70.51,0,0.0,70.51,6.7,2025-05-31,2025-06-02,Budapest,Retail Store,Card,Completed
97908681,77262,355217,1,110.54,20,22.11,88.43,6.95,2026-01-23,2026-01-25,Kecskemét,Mobile App,Card,Completed
63690261,39892,541640,1,122.82,0,0.0,122.82,0.0,2026-02-15,2026-02-16,Eger,Retail Store,Google Pay,Completed
86341701,45415,373080,1,69.85,0,0.0,69.85,6.2,2025-02-19,2025-02-22,Kecskemét,Website,Card,Completed
34347442,17471,731977,1,29.55,0,0.0,29.55,6.58,2025-02-04,2025-02-07,Debrecen,Website,Apple Pay,Completed
18572146,45415,645743,1,67.94,0,0.0,67.94,6.27,2026-08-19,2026-08-21,Budapest,Marketplace,PayPal,Completed
28471404,23801,346105,1,34.62,0,0.0,34.62,7.15,2026-05-23,2026-05-25,Pécs,Mobile App,PayPal,Completed
11429565,20967,955580,2,135.01,0,0.0,270.02,0.0,2025-01-10,2025-01-12,Debrecen,Website,Card,Completed
66437606,15378,258927,1,177.08,20,35.42,141.66,0.0,2025-07-29,2025-07-30,Budapest,Website,Card,Completed
13998828,49073,955580,1,87.49,10,8.75,78.74,6.96,2025-05-12,2025-05-14,Miskolc,Retail Store,Google Pay,Completed
62576147,86989,171304,1,93.18,0,0.0,93.18,7.54,2026-01-14,2026-01-19,Budapest,Website,PayPal,Completed
97499474,95437,521093,1,53.6,15,8.04,45.56,4.05,2026-05-19,2026-05-23,Szombathely,Marketplace,Card,Completed
67585149,15378,220405,1,175.42,10,17.54,157.88,0.0,2026-05-08,2026-05-11,Budapest,Website,Apple Pay,Completed
35497815,85983,964696,1,96.61,5,4.83,91.78,5.04,2026-03-30,2026-03-31,Budapest,Mobile App,Card,Completed
65685941,72384,639159,2,61.18,5,6.12,116.24,0.0,2026-01-19,2026-01-23,Eger,Mobile App,PayPal,Completed
80532792,51232,896458,1,25.26,0,0.0,25.26,8.7,2025-12-22,2025-12-28,Eger,Website,Card,Completed
94106268,86989,505313,2,88.89,0,0.0,177.78,0.0,2025-12-02,2025-12-04,Veszprém,Mobile App,Google Pay,Completed
34623070,20967,982828,1,131.14,5,6.56,124.58,0.0,2026-01-22,2026-01-24,Pécs,Marketplace,Google Pay,Completed
85930264,49073,508469,1,88.0,10,8.8,79.2,0.0,2025-11-13,,Miskolc,Marketplace,Card,Cancelled
59542116,23801,899680,1,34.07,10,3.41,30.66,8.48,2025-06-23,2025-06-28,Budapest,Website,PayPal,Completed
43229233,86989,235610,1,93.0,10,9.3,83.7,0.0,2025-05-06,,Székesfehérvár,Marketplace,Card,Cancelled
96576158,17471,133913,5,29.81,0,0.0,149.05,0.0,2026-05-24,2026-05-25,Érd,Website,Card,Completed
50271069,20967,716284,2,135.07,5,13.51,256.63,0.0,2025-04-30,2025-05-05,Budapest,Retail Store,Card,Completed
12015620,86989,223989,1,91.79,5,4.59,87.2,7.12,2025-12-30,2026-01-01,Budapest,Website,Card,Completed
79145753,45415,990107,1,71.08,5,3.55,67.53,4.43,2026-07-01,2026-07-03,Miskolc,Website,Card,Completed
93612657,45415,988365,1,69.77,0,0.0,69.77,7.43,2025-07-24,2025-07-28,Nyíregyháza,Mobile App,Google Pay,Completed
32273839,20967,207344,1,132.77,0,0.0,132.77,4.32,2025-01-04,2025-01-07,Győr,Website,Card,Completed
97146602,86989,172954,1,87.34,0,0.0,87.34,4.88,2025-11-25,2025-11-30,Pécs,Marketplace,Card,Completed
62666972,51232,384544,1,25.9,0,0.0,25.9,6.41,2025-09-09,2025-09-11,Győr,Website,Google Pay,Completed
92005438,85983,355971,3,92.8,0,0.0,278.4,0.0,2025-10-22,2025-10-24,Budapest,Website,Apple Pay,Completed
37147183,20967,142381,3,126.63,10,37.99,341.9,0.0,2025-03-13,2025-03-18,Szombathely,Website,Card,Completed
25101574,77262,805017,1,108.93,10,10.89,98.04,6.28,2025-05-07,2025-05-10,Eger,Mobile App,Card,Completed
35324967,17471,933151,1,30.59,0,0.0,30.59,8.73,2025-01-02,2025-01-08,Budapest,Website,Card,Completed
71255528,86989,588076,1,93.42,10,9.34,84.08,8.87,2025-08-04,2025-08-05,Szeged,Website,PayPal,Completed
31122022,77262,473332,2,112.51,0,0.0,225.02,0.0,2026-01-19,2026-01-21,Szeged,Mobile App,PayPal,Completed
35906996,72384,137875,1,61.63,0,0.0,61.63,6.24,2025-08-04,2025-08-09,Székesfehérvár,Mobile App,Cash on Delivery,Completed
29125984,86989,487192,2,91.56,5,9.16,173.96,0.0,2025-03-08,2025-03-15,Budapest,Website,Google Pay,Completed
31192921,37136,387737,2,49.26,5,4.93,93.59,8.36,2026-06-08,2026-06-10,Miskolc,Website,Google Pay,Completed
53799884,17471,232899,2,30.4,0,0.0,60.8,7.9,2025-09-30,2025-10-05,Budapest,Retail Store,Apple Pay,Returned
30976475,86989,745242,1,89.22,0,0.0,89.22,6.6,2026-04-05,2026-04-09,Kecskemét,Mobile App,Apple Pay,Completed
88102852,20967,356176,1,126.45,20,25.29,101.16,0.0,2025-10-24,2025-10-26,Székesfehérvár,Website,Apple Pay,Completed
63365473,23801,232899,1,34.33,10,3.43,30.9,5.37,2025-05-17,2025-05-23,Szeged,Website,Google Pay,Completed
36268687,85983,696491,2,95.45,0,0.0,190.9,5.93,2025-05-31,2025-06-07,Budapest,Website,Card,Completed
74229100,49073,570828,1,88.12,0,0.0,88.12,6.99,2025-12-03,2025-12-05,Szeged,Marketplace,Bank Transfer,Completed
76618797,17471,749436,1,29.77,0,0.0,29.77,7.45,2026-06-11,2026-06-12,Budapest,Website,Card,Completed
53651048,23801,897974,1,34.94,10,3.49,31.45,6.7,2025-10-19,2025-10-21,Sopron,Website,Card,Completed
54459045,51232,681157,2,25.16,0,0.0,50.32,6.56,2025-08-23,2025-08-25,Kecskemét,Website,Card,Completed
37503489,20967,165410,1,131.78,5,6.59,125.19,0.0,2025-11-21,2025-11-22,Budapest,Retail Store,Card,Completed
41169463,77262,363865,1,107.04,0,0.0,107.04,5.41,2025-09-11,2025-09-16,Győr,Marketplace,Card,Completed
57646090,49073,232554,1,93.06,0,0.0,93.06,8.59,2025-01-11,2025-01-14,Budapest,Mobile App,Apple Pay,Completed
70097126,15378,718697,1,174.75,10,17.48,157.27,0.0,2026-08-02,2026-08-04,Veszprém,Website,Cash on Delivery,Completed
91879292,20967,628458,1,133.79,15,20.07,113.72,7.42,2026-03-19,2026-03-21,Székesfehérvár,Marketplace,Bank Transfer,Completed
14946284,49073,926629,1,88.14,0,0.0,88.14,8.4,2025-07-29,2025-07-31,Debrecen,Mobile App,Card,Completed
30640516,77262,141390,3,111.93,0,0.0,335.79,4.66,2025-04-05,2025-04-09,Budapest,Retail Store,Apple Pay,Completed
16636012,51232,897974,2,25.5,0,0.0,51.0,6.16,2026-03-13,2026-03-19,Budapest,Website,Google Pay,Completed
56729939,23801,983662,2,35.96,0,0.0,71.92,3.79,2026-03-01,2026-03-06,Veszprém,Marketplace,Bank Transfer,Completed
91817772,49073,696502,1,90.95,10,9.1,81.85,5.57,2026-08-24,2026-08-28,Szeged,Mobile App,Card,Completed
35584781,15378,446765,1,184.75,0,0.0,184.75,6.33,2025-07-20,2025-07-24,Budapest,Mobile App,Bank Transfer,Completed
51631059,15378,136738,4,181.31,0,0.0,725.24,0.0,2025-02-06,2025-02-08,Eger,Website,Apple Pay,Completed
93716938,77262,909482,3,110.69,0,0.0,332.07,0.0,2025-09-02,2025-09-03,Érd,Mobile App,Bank Transfer,Completed
37792579,86989,676533,1,91.77,10,9.18,82.59,5.87,2025-11-16,2025-11-22,Nyíregyháza,Website,Card,Completed
91431717,51232,226609,1,24.74,5,1.24,23.5,4.12,2025-09-25,2025-09-28,Debrecen,Mobile App,Card,Completed
48867822,15378,232420,2,184.24,15,55.27,313.21,7.66,2026-02-06,2026-02-08,Kecskemét,Mobile App,Bank Transfer,Completed
74076711,45415,749402,1,70.71,0,0.0,70.71,8.78,2026-01-14,2026-01-15,Budapest,Mobile App,Google Pay,Returned
94396270,72384,831619,1,60.89,0,0.0,60.89,5.71,2025-03-14,2025-03-15,Székesfehérvár,Website,Bank Transfer,Completed
11397737,85983,889915,1,98.15,10,9.82,88.33,5.66,2026-03-18,2026-03-20,Érd,Retail Store,Apple Pay,Completed
24230481,26644,467348,4,66.17,10,26.47,238.21,0.0,2025-09-15,2025-09-21,Budapest,Mobile App,Apple Pay,Completed
72492908,85983,672153,2,98.38,0,0.0,196.76,6.38,2026-06-04,2026-06-07,Budapest,Retail Store,Card,Completed
82114969,95437,505234,1,53.97,0,0.0,53.97,8.23,2025-03-08,2025-03-11,Nyíregyháza,Website,PayPal,Completed
41549786,15378,457915,2,181.38,0,0.0,362.76,0.0,2026-04-17,2026-04-19,Budapest,Mobile App,Bank Transfer,Completed
86594274,15378,826279,2,177.28,15,53.18,301.38,0.0,2025-07-11,2025-07-12,Szombathely,Website,Card,Completed
57760900,15378,884413,1,180.67,10,18.07,162.6,0.0,2025-09-23,2025-09-25,Szombathely,Website,Cash on Delivery,Returned
13068664,49073,505313,2,91.57,15,27.47,155.67,0.0,2026-03-01,2026-03-07,Kecskemét,Website,Card,Completed
41615034,37136,394169,1,50.14,10,5.01,45.13,3.57,2026-04-07,2026-04-09,Kecskemét,Website,Card,Completed
78872282,51232,979755,3,25.89,0,0.0,77.67,8.59,2025-12-06,2025-12-09,Pécs,Website,Cash on Delivery,Completed
88602092,17471,942270,1,29.44,5,1.47,27.97,7.55,2026-03-01,2026-03-07,Érd,Mobile App,PayPal,Completed
21785972,51232,526711,1,24.71,25,6.18,18.53,5.76,2025-12-14,2025-12-16,Szeged,Website,Apple Pay,Completed
70657911,20967,565115,1,127.67,15,19.15,108.52,6.2,2025-01-02,2025-01-08,Pécs,Website,PayPal,Completed
24310406,39892,852557,1,117.81,0,0.0,117.81,0.0,2025-11-08,2025-11-12,Budapest,Website,Card,Completed
14553451,85983,116230,1,98.15,0,0.0,98.15,4.32,2025-10-05,2025-10-07,Budapest,Website,Bank Transfer,Completed
73793727,45415,636282,1,68.71,0,0.0,68.71,6.55,2025-05-18,2025-05-19,Debrecen,Mobile App,Apple Pay,Completed
99706534,86989,771027,1,90.27,20,18.05,72.22,8.41,2025-09-24,2025-09-26,Szeged,Website,Card,Returned
36144331,77262,276421,1,110.81,0,0.0,110.81,0.0,2025-04-10,2025-04-15,Szeged,Website,PayPal,Completed
32035327,39892,986489,1,123.78,5,6.19,117.59,0.0,2026-08-27,2026-08-29,Budapest,Retail Store,PayPal,Completed
63427878,77262,301238,1,106.77,5,5.34,101.43,0.0,2025-01-01,2025-01-03,Budapest,Mobile App,Card,Returned
91082659,45415,356176,1,68.44,15,10.27,58.17,8.23,2025-06-17,2025-06-19,Budapest,Website,Bank Transfer,Completed
96470921,23801,703806,2,35.48,10,7.1,63.86,3.73,2025-10-17,2025-10-20,Budapest,Website,Apple Pay,Completed
47004811,20967,896153,1,127.28,0,0.0,127.28,5.11,2025-12-13,2025-12-16,Budapest,Mobile App,Cash on Delivery,Completed
74246256,86989,160843,1,90.4,15,13.56,76.84,4.84,2026-01-13,2026-01-14,Budapest,Retail Store,Card,Completed
97286020,77262,541640,2,110.1,0,0.0,220.2,0.0,2026-06-26,2026-06-29,Budapest,Retail Store,Bank Transfer,Completed
67215604,49073,681073,2,88.09,0,0.0,176.18,0.0,2026-04-18,2026-04-23,Pécs,Website,Apple Pay,Completed
89251219,51232,566834,2,24.69,0,0.0,49.38,8.93,2025-03-27,2025-03-30,Pécs,Marketplace,Cash on Delivery,Completed
21585447,85983,731296,1,95.2,5,4.76,90.44,5.99,2026-05-11,2026-05-16,Győr,Website,Card,Completed
35239004,39892,385097,1,120.54,5,6.03,114.51,0.0,2026-03-19,2026-03-20,Budapest,Website,Card,Completed
23059089,51232,370400,1,24.28,10,2.43,21.85,5.48,2025-04-15,2025-04-18,Győr,Website,Apple Pay,Completed
95375202,51232,163679,2,25.39,0,0.0,50.78,8.21,2026-01-13,2026-01-15,Budapest,Website,Google Pay,Completed
72431201,45415,486133,1,69.2,0,0.0,69.2,6.01,2025-07-10,2025-07-12,Szeged,Website,Card,Completed
12344618,51232,424475,1,25.85,25,6.46,19.39,5.04,2026-04-27,2026-04-28,Miskolc,Marketplace,Card,Completed
83810542,20967,549646,4,130.4,0,0.0,521.6,4.01,2026-03-17,2026-03-22,Budapest,Website,Bank Transfer,Completed
50667613,86989,117761,1,92.01,5,4.6,87.41,4.06,2026-02-16,2026-02-22,Budapest,Mobile App,Apple Pay,Completed
23488427,86989,203142,1,91.65,0,0.0,91.65,6.03,2025-01-10,2025-01-13,Győr,Website,Card,Completed
31081260,85983,171600,3,93.53,0,0.0,280.59,0.0,2026-02-06,2026-02-11,Budapest,Retail Store,Card,Completed
84321328,15378,371154,2,186.99,10,37.4,336.58,0.0,2025-06-11,2025-06-13,Budapest,Website,Card,Completed
42119792,23801,397141,1,35.58,0,0.0,35.58,7.22,2025-11-11,2025-11-13,Nyíregyháza,Website,Card,Completed
28653670,15378,471810,1,183.62,0,0.0,183.62,0.0,2025-09-22,2025-09-23,Budapest,Website,Google Pay,Completed
37312957,45415,993904,1,69.18,0,0.0,69.18,5.33,2025-09-28,2025-09-30,Nyíregyháza,Website,Card,Completed
80244865,85983,376126,1,95.78,25,23.95,71.83,6.93,2025-12-12,2025-12-16,Nyíregyháza,Marketplace,Card,Completed
70266214,51232,486940,1,24.93,25,6.23,18.7,5.98,2025-07-11,2025-07-13,Pécs,Mobile App,Card,Completed
27948877,15378,706912,1,178.49,15,26.77,151.72,0.0,2026-05-05,2026-05-11,Pécs,Mobile App,Google Pay,Completed
37332527,39892,643252,1,123.08,10,12.31,110.77,0.0,2026-03-07,2026-03-09,Kecskemét,Mobile App,Apple Pay,Completed
71377880,20967,566714,1,131.35,0,0.0,131.35,0.0,2026-03-02,2026-03-03,Budapest,Mobile App,Bank Transfer,Completed
53911902,86989,588076,1,89.14,15,13.37,75.77,4.35,2025-08-17,2025-08-19,Budapest,Website,Card,Completed
57252671,49073,234000,1,90.8,20,18.16,72.64,6.19,2025-10-23,2025-10-26,Kecskemét,Marketplace,Card,Completed
14784888,26644,992933,1,63.71,10,6.37,57.34,6.02,2026-05-25,2026-05-30,Budapest,Website,Bank Transfer,Completed
68042474,49073,720346,2,90.84,15,27.25,154.43,6.4,2026-05-26,2026-06-02,Budapest,Website,PayPal,Completed
20493081,15378,876408,1,178.41,0,0.0,178.41,0.0,2026-05-28,2026-05-30,Tatabánya,Website,Card,Completed
23584573,23801,168678,1,36.11,10,3.61,32.5,8.94,2025-12-29,2026-01-01,Budapest,Marketplace,Bank Transfer,Completed
50242451,20967,909182,1,134.71,0,0.0,134.71,0.0,2026-04-28,2026-04-30,Budapest,Website,Card,Completed
19633181,15378,213981,2,182.77,0,0.0,365.54,0.0,2025-01-14,2025-01-17,Budapest,Website,Card,Completed
50205884,72384,635847,2,61.94,0,0.0,123.88,6.03,2026-04-28,2026-04-29,Székesfehérvár,Website,Google Pay,Completed
10366816,45415,512953,1,71.81,0,0.0,71.81,8.08,2025-05-20,2025-05-23,Budapest,Website,Apple Pay,Completed
36963830,86989,360082,1,88.36,10,8.84,79.52,5.18,2026-08-08,2026-08-09,Budapest,Mobile App,Card,Completed
35807941,86989,339301,1,92.11,0,0.0,92.11,6.65,2026-02-08,2026-02-12,Eger,Mobile App,Bank Transfer,Completed
53323203,51232,924438,1,24.34,10,2.43,21.91,5.17,2025-11-30,2025-12-06,Tatabánya,Retail Store,Bank Transfer,Completed
38108845,45415,582813,2,70.71,0,0.0,141.42,0.0,2025-05-01,2025-05-03,Debrecen,Mobile App,Google Pay,Completed
42316361,15378,385097,1,179.86,0,0.0,179.86,0.0,2025-11-21,2025-11-23,Sopron,Website,Cash on Delivery,Completed
82810466,72384,133884,2,60.12,0,0.0,120.24,0.0,2026-01-24,2026-01-27,Érd,Website,Bank Transfer,Completed
20041728,49073,846380,1,89.96,0,0.0,89.96,7.93,2026-06-01,2026-06-03,Budapest,Marketplace,Card,Completed
52652358,49073,705908,3,88.63,5,13.29,252.6,0.0,2025-01-10,2025-01-13,Székesfehérvár,Marketplace,Apple Pay,Completed
11521553,45415,699727,1,69.33,0,0.0,69.33,7.21,2026-04-21,2026-04-23,Debrecen,Website,PayPal,Completed
95622094,86989,405002,1,88.13,0,0.0,88.13,5.61,2026-07-09,2026-07-13,Pécs,Retail Store,Card,Completed
81360980,49073,886816,3,87.3,0,0.0,261.9,0.0,2025-06-02,2025-06-04,Miskolc,Website,Cash on Delivery,Completed
21567430,15378,377165,1,186.47,0,0.0,186.47,0.0,2026-01-22,2026-01-29,Szeged,Website,Apple Pay,Completed
73728164,15378,496240,2,184.42,0,0.0,368.84,0.0,2025-12-05,,Budapest,Marketplace,Apple Pay,Cancelled
97610750,20967,160490,4,126.26,0,0.0,505.04,0.0,2026-08-29,2026-09-02,Kecskemét,Website,Bank Transfer,Completed
53519774,86989,389860,2,88.24,5,8.82,167.66,0.0,2025-01-24,2025-01-26,Miskolc,Marketplace,PayPal,Returned
36394628,51232,730051,1,24.77,20,4.95,19.82,4.89,2025-07-17,2025-07-18,Sopron,Retail Store,Apple Pay,Completed
25245809,15378,383864,1,181.68,0,0.0,181.68,0.0,2026-04-08,2026-04-13,Nyíregyháza,Marketplace,Bank Transfer,Completed
97271089,17471,720701,1,29.3,0,0.0,29.3,5.72,2026-07-13,2026-07-15,Miskolc,Marketplace,PayPal,Completed
26191569,37136,963349,1,49.35,0,0.0,49.35,8.02,2025-03-03,2025-03-05,Győr,Mobile App,Card,Completed
33310321,72384,158847,2,59.85,15,17.95,101.75,0.0,2026-05-07,2026-05-10,Budapest,Website,Card,Completed
93263970,72384,536315,1,61.45,10,6.15,55.3,4.19,2026-08-15,2026-08-19,Győr,Website,Card,Completed
63649854,86989,558050,1,87.55,10,8.76,78.79,4.56,2025-03-31,2025-03-31,Budapest,Website,Card,Completed
72494053,15378,447431,1,183.52,0,0.0,183.52,0.0,2025-10-20,2025-10-21,Miskolc,Website,Cash on Delivery,Completed
65891312,37136,562736,1,51.51,0,0.0,51.51,3.89,2026-08-03,2026-08-05,Szombathely,Website,Card,Completed
63031642,23801,604832,1,34.0,25,8.5,25.5,3.79,2025-02-24,2025-03-02,Budapest,Website,Card,Completed
58512608,45415,869144,2,68.92,0,0.0,137.84,5.97,2025-10-05,2025-10-07,Szeged,Website,Card,Completed
64562607,49073,249326,1,92.39,0,0.0,92.39,8.04,2026-05-25,2026-05-29,Debrecen,Mobile App,Cash on Delivery,Completed
24130204,77262,855314,2,110.19,0,0.0,220.38,7.7,2025-12-30,2025-12-31,Eger,Marketplace,PayPal,Completed
40508885,86989,672817,1,91.67,0,0.0,91.67,3.94,2026-03-08,2026-03-10,Eger,Website,Apple Pay,Completed
57004937,26644,751773,1,67.16,0,0.0,67.16,6.95,2026-04-06,2026-04-07,Budapest,Retail Store,Card,Completed
72498539,26644,846380,1,65.0,0,0.0,65.0,7.52,2025-04-26,2025-04-27,Budapest,Mobile App,Card,Completed
27799748,86989,251672,1,92.56,5,4.63,87.93,8.05,2025-08-21,2025-08-23,Szeged,Mobile App,Cash on Delivery,Completed
89184847,37136,930581,1,49.9,10,4.99,44.91,4.19,2025-11-12,2025-11-13,Budapest,Website,Apple Pay,Completed
73473860,86989,272393,1,93.22,0,0.0,93.22,5.89,2025-06-30,2025-07-06,Budapest,Marketplace,Apple Pay,Completed
76944703,49073,300237,1,88.29,0,0.0,88.29,7.34,2025-09-25,2025-09-27,Miskolc,Website,Cash on Delivery,Returned
47871261,37136,961543,1,49.98,10,5.0,44.98,7.65,2025-05-27,2025-06-01,Debrecen,Website,Cash on Delivery,Completed
53139618,72384,548154,3,61.54,5,9.23,175.39,7.43,2026-04-22,2026-04-26,Székesfehérvár,Marketplace,Cash on Delivery,Completed
44675166,37136,510037,1,48.75,20,9.75,39.0,4.49,2025-06-29,2025-07-02,Kecskemét,Website,Card,Completed
82187300,95437,467348,1,56.38,0,0.0,56.38,3.58,2026-05-12,2026-05-13,Érd,Website,PayPal,Completed
18051479,95437,397141,1,56.96,0,0.0,56.96,7.82,2025-04-07,2025-04-08,Pécs,Mobile App,Bank Transfer,Completed
21009629,39892,252214,1,117.85,0,0.0,117.85,0.0,2026-02-07,2026-02-12,Veszprém,Website,Card,Completed
69946731,23801,653573,1,35.17,10,3.52,31.65,7.28,2025-06-20,2025-06-21,Nyíregyháza,Mobile App,Apple Pay,Completed
14206115,45415,793973,1,69.24,0,0.0,69.24,7.62,2025-09-22,2025-09-24,Budapest,Marketplace,Apple Pay,Completed
94713196,26644,981714,1,65.66,0,0.0,65.66,7.49,2025-05-01,2025-05-05,Budapest,Mobile App,Apple Pay,Returned
80053465,77262,381875,2,111.39,15,33.42,189.36,4.41,2025-12-02,2025-12-06,Budapest,Website,Google Pay,Completed
38898268,86989,677929,1,91.65,0,0.0,91.65,7.35,2025-07-23,2025-07-25,Szeged,Mobile App,Apple Pay,Completed
98579698,86989,393046,1,92.54,0,0.0,92.54,6.04,2026-01-08,2026-01-10,Kecskemét,Website,Apple Pay,Completed
10304226,77262,147724,1,109.1,10,10.91,98.19,4.29,2026-05-31,2026-06-05,Kecskemét,Website,Cash on Delivery,Completed
95767828,45415,255988,1,71.66,15,10.75,60.91,4.98,2026-03-10,2026-03-15,Budapest,Mobile App,Card,Completed
40096534,49073,415521,1,92.11,0,0.0,92.11,6.16,2026-04-05,2026-04-06,Veszprém,Website,Card,Completed
16403455,86989,227343,1,90.89,0,0.0,90.89,8.2,2025-04-29,2025-05-02,Debrecen,Website,Apple Pay,Completed
48829877,49073,115516,2,92.56,0,0.0,185.12,0.0,2026-08-07,2026-08-10,Miskolc,Marketplace,PayPal,Completed
64620492,37136,420184,1,50.19,0,0.0,50.19,4.11,2025-01-07,2025-01-10,Szeged,Mobile App,Cash on Delivery,Completed
77607947,45415,914352,1,71.21,0,0.0,71.21,8.83,2026-05-04,2026-05-08,Nyíregyháza,Website,Google Pay,Completed
56616791,15378,717981,1,181.56,0,0.0,181.56,0.0,2026-05-01,2026-05-06,Székesfehérvár,Website,Card,Completed
69525024,72384,453528,1,59.45,0,0.0,59.45,0.0,2026-05-10,,Kecskemét,Marketplace,Apple Pay,Cancelled
49411933,77262,530168,3,109.72,0,0.0,329.16,0.0,2025-03-28,2025-03-30,Budapest,Retail Store,Apple Pay,Completed
99418021,39892,866323,1,120.53,0,0.0,120.53,0.0,2026-06-28,2026-07-01,Pécs,Website,Card,Completed
21712322,37136,655289,1,51.86,5,2.59,49.27,7.06,2025-12-09,2025-12-13,Győr,Mobile App,Card,Completed
80059488,51232,221103,1,25.52,0,0.0,25.52,4.58,2026-07-28,2026-08-04,Budapest,Mobile App,Card,Completed
81401446,45415,996035,1,72.75,5,3.64,69.11,8.57,2025-07-08,2025-07-10,Nyíregyháza,Mobile App,Card,Completed
89734449,51232,681157,1,24.29,0,0.0,24.29,7.12,2025-07-29,2025-07-30,Kecskemét,Mobile App,Card,Completed
56262258,95437,394169,1,56.38,15,8.46,47.92,4.99,2025-07-07,2025-07-08,Szeged,Website,Card,Completed
49961209,51232,215512,3,25.29,0,0.0,75.87,8.57,2026-06-19,2026-06-20,Debrecen,Website,Card,Completed
67035830,45415,136539,1,71.69,0,0.0,71.69,6.44,2025-09-11,2025-09-16,Budapest,Website,Card,Returned
42502895,77262,951536,2,106.74,0,0.0,213.48,0.0,2025-11-04,2025-11-04,Budapest,Marketplace,Card,Completed
15267652,85983,415521,3,93.48,5,14.02,266.42,5.18,2026-04-27,2026-04-30,Budapest,Website,Apple Pay,Completed
65396500,45415,652521,1,68.71,0,0.0,68.71,8.12,2026-06-23,2026-06-25,Debrecen,Website,Apple Pay,Completed
89317082,45415,174469,1,70.86,5,3.54,67.32,6.94,2026-08-21,2026-08-23,Miskolc,Website,Apple Pay,Completed
26972176,23801,329638,1,34.99,0,0.0,34.99,8.6,2026-08-19,2026-08-21,Szeged,Mobile App,Card,Completed
49649760,86989,699727,2,88.27,0,0.0,176.54,0.0,2026-01-31,2026-02-04,Kecskemét,Mobile App,Apple Pay,Completed
16926131,37136,517374,3,50.24,10,15.07,135.65,0.0,2026-08-16,2026-08-18,Debrecen,Marketplace,Card,Completed
88790758,15378,990107,1,183.05,10,18.31,164.74,0.0,2025-12-08,2025-12-09,Eger,Retail Store,Card,Completed
42252268,23801,188801,1,36.22,20,7.24,28.98,4.02,2026-05-14,2026-05-16,Budapest,Marketplace,Card,Completed
29676288,26644,130865,1,65.46,10,6.55,58.91,7.71,2026-02-14,2026-02-16,Budapest,Retail Store,Apple Pay,Completed
22212105,86989,340538,1,87.65,5,4.38,83.27,6.11,2026-07-02,2026-07-03,Debrecen,Mobile App,Apple Pay,Completed
73466093,95437,219553,2,55.06,20,22.02,88.1,6.8,2025-02-24,2025-02-26,Tatabánya,Retail Store,Card,Completed
87156944,20967,714879,2,129.29,0,0.0,258.58,0.0,2025-03-06,2025-03-09,Tatabánya,Retail Store,Apple Pay,Completed
72126097,85983,249326,1,94.73,5,4.74,89.99,6.45,2026-08-26,2026-08-28,Budapest,Website,PayPal,Completed
76708378,51232,740779,1,25.28,5,1.26,24.02,5.5,2025-06-15,2025-06-17,Nyíregyháza,Website,Card,Completed
80833462,49073,475851,1,91.61,0,0.0,91.61,6.1,2026-05-14,2026-05-17,Budapest,Website,Card,Completed
93779574,15378,261662,1,184.26,15,27.64,156.62,7.64,2025-04-04,2025-04-09,Szeged,Website,Card,Completed
57484061,20967,998760,1,126.25,0,0.0,126.25,0.0,2026-02-12,2026-02-19,Budapest,Mobile App,Card,Completed
63287885,77262,317060,2,109.42,10,21.88,196.96,0.0,2025-09-17,2025-09-19,Budapest,Marketplace,Card,Completed
44144280,23801,652521,2,35.74,5,3.57,67.91,6.55,2025-05-05,2025-05-08,Miskolc,Marketplace,Card,Completed
46058145,20967,270015,1,131.11,0,0.0,131.11,0.0,2025-10-14,2025-10-19,Nyíregyháza,Marketplace,Card,Returned
43943732,45415,475546,1,68.81,15,10.32,58.49,7.52,2025-12-17,2025-12-19,Debrecen,Website,Card,Completed
29797430,85983,487192,1,95.92,5,4.8,91.12,5.88,2025-03-08,2025-03-10,Budapest,Website,Bank Transfer,Completed
25771880,39892,604418,4,123.28,0,0.0,493.12,0.0,2025-10-30,2025-11-01,Budapest,Mobile App,Card,Completed
32445213,20967,160490,3,133.28,15,59.98,339.86,5.0,2026-04-04,2026-04-05,Budapest,Mobile App,Card,Completed
86032648,72384,168678,1,58.93,0,0.0,58.93,3.57,2026-06-14,2026-06-18,Pécs,Website,PayPal,Completed
63545646,85983,540731,2,94.08,10,18.82,169.34,0.0,2026-02-20,,Budapest,Mobile App,Google Pay,Cancelled
12250012,49073,618831,2,88.31,15,26.49,150.13,0.0,2026-04-12,2026-04-13,Szeged,Website,Card,Completed
21471998,15378,317060,1,181.51,5,9.08,172.43,5.06,2025-04-07,2025-04-09,Székesfehérvár,Retail Store,Apple Pay,Completed
57584601,23801,505234,1,35.72,10,3.57,32.15,8.96,2025-06-01,2025-06-04,Debrecen,Website,PayPal,Completed
25979682,77262,475095,1,111.5,0,0.0,111.5,0.0,2025-02-13,2025-02-14,Miskolc,Mobile App,Bank Transfer,Completed
15625296,37136,232381,3,48.53,10,14.56,131.03,0.0,2025-09-28,2025-10-02,Szeged,Retail Store,Card,Completed
53256495,37136,116230,1,51.86,0,0.0,51.86,6.85,2025-04-17,2025-04-19,Szeged,Mobile App,Google Pay,Completed
12853634,17471,385992,1,29.45,5,1.47,27.98,5.33,2026-02-10,2026-02-12,Budapest,Retail Store,Bank Transfer,Completed
57441304,86989,771770,1,87.59,5,4.38,83.21,6.43,2026-01-28,2026-01-30,Budapest,Website,Card,Completed
33294783,26644,776749,1,64.73,5,3.24,61.49,5.24,2025-03-12,2025-03-18,Budapest,Marketplace,Google Pay,Completed
62067476,72384,654545,3,61.57,0,0.0,184.71,4.82,2025-06-02,2025-06-05,Budapest,Website,Card,Completed
41110894,51232,842068,2,24.55,0,0.0,49.1,3.73,2025-11-20,2025-11-24,Budapest,Retail Store,Apple Pay,Completed
14872040,15378,983138,2,185.81,15,55.74,315.88,0.0,2025-03-04,2025-03-06,Miskolc,Website,Card,Returned
26841295,15378,316803,1,181.23,10,18.12,163.11,0.0,2025-11-28,2025-12-01,Székesfehérvár,Website,PayPal,Completed
85173862,77262,790563,1,109.95,0,0.0,109.95,0.0,2025-11-21,2025-11-24,Szombathely,Website,Card,Completed
67675218,85983,495871,2,98.18,5,9.82,186.54,0.0,2026-05-25,2026-05-27,Szeged,Marketplace,Card,Completed
66311030,49073,376097,1,89.34,25,22.34,67.0,5.44,2026-03-21,2026-03-22,Budapest,Retail Store,Cash on Delivery,Completed
31570098,95437,797683,4,55.5,0,0.0,222.0,0.0,2026-07-19,2026-07-25,Budapest,Mobile App,Card,Completed
62929870,85983,305196,1,92.6,0,0.0,92.6,7.5,2025-05-02,2025-05-05,Pécs,Mobile App,PayPal,Completed
76849891,51232,183056,1,24.55,5,1.23,23.32,6.96,2026-07-15,2026-07-18,Érd,Mobile App,Card,Completed
81146213,95437,405002,1,54.21,15,8.13,46.08,6.02,2026-07-24,2026-07-25,Miskolc,Mobile App,Card,Completed
80643548,49073,247968,3,87.78,0,0.0,263.34,4.46,2025-10-07,2025-10-10,Budapest,Marketplace,Card,Completed
72825649,77262,917585,1,109.29,0,0.0,109.29,0.0,2026-06-06,2026-06-08,Budapest,Website,Card,Completed
98251672,51232,494349,1,25.03,20,5.01,20.02,8.82,2025-12-02,2025-12-05,Székesfehérvár,Website,PayPal,Completed
96716661,51232,775999,2,25.93,0,0.0,51.86,4.45,2025-08-05,2025-08-08,Budapest,Retail Store,Card,Completed
63588371,20967,548154,1,126.73,5,6.34,120.39,0.0,2026-08-02,2026-08-05,Debrecen,Website,Cash on Delivery,Completed
12329122,26644,885670,1,66.22,0,0.0,66.22,8.0,2026-06-01,2026-06-05,Debrecen,Mobile App,Card,Completed
71342044,72384,698871,1,62.06,20,12.41,49.65,4.73,2025-02-20,2025-02-25,Budapest,Mobile App,Card,Completed
51076706,15378,741127,1,187.04,0,0.0,187.04,0.0,2025-04-21,2025-04-23,Kecskemét,Marketplace,Card,Completed
94595569,15378,367402,2,175.84,0,0.0,351.68,6.23,2025-08-04,2025-08-06,Pécs,Website,PayPal,Completed
24382284,15378,615507,1,179.69,10,17.97,161.72,0.0,2025-07-27,2025-07-29,Szeged,Mobile App,Cash on Delivery,Completed
20222360,85983,283302,1,94.01,0,0.0,94.01,7.92,2025-07-19,2025-07-20,Eger,Website,Card,Completed
97552798,37136,859568,1,50.93,0,0.0,50.93,8.91,2026-01-31,2026-02-02,Budapest,Website,Google Pay,Completed
52341784,20967,532068,1,129.57,0,0.0,129.57,0.0,2026-05-14,2026-05-15,Budapest,Marketplace,Google Pay,Completed
54288198,51232,974369,1,24.49,0,0.0,24.49,7.87,2026-06-23,2026-06-27,Győr,Website,Card,Completed
35240726,15378,516826,1,184.65,0,0.0,184.65,0.0,2025-06-17,2025-06-18,Budapest,Mobile App,Card,Completed
98594753,86989,965496,1,87.34,0,0.0,87.34,8.76,2026-06-02,2026-06-04,Érd,Website,Google Pay,Completed
45674469,51232,982129,1,24.9,0,0.0,24.9,5.55,2026-01-14,2026-01-16,Budapest,Mobile App,Google Pay,Completed
51849975,51232,716284,1,25.19,0,0.0,25.19,7.31,2026-05-09,2026-05-10,Budapest,Mobile App,Bank Transfer,Completed
23527648,72384,738694,1,58.81,0,0.0,58.81,3.7,2025-10-04,2025-10-06,Érd,Website,Card,Returned
39898941,26644,255503,1,63.14,5,3.16,59.98,3.83,2025-06-10,2025-06-12,Debrecen,Mobile App,Card,Completed
84395954,20967,896153,2,127.69,10,25.54,229.84,0.0,2025-04-02,2025-04-05,Veszprém,Website,PayPal,Completed
92858606,20967,940400,1,130.52,10,13.05,117.47,0.0,2026-07-14,2026-07-16,Budapest,Website,Card,Completed
78824574,37136,831619,1,51.08,15,7.66,43.42,7.52,2026-08-23,2026-08-26,Szeged,Retail Store,Card,Completed
21909470,95437,651683,1,56.93,5,2.85,54.08,7.05,2025-08-23,2025-08-28,Budapest,Website,Card,Completed
94481951,45415,223994,1,71.27,10,7.13,64.14,3.71,2025-01-19,2025-01-20,Székesfehérvár,Marketplace,Cash on Delivery,Completed
11762699,51232,670478,1,24.72,15,3.71,21.01,0.0,2026-03-02,,Debrecen,Website,Bank Transfer,Cancelled
33430397,51232,896458,1,25.95,5,1.3,24.65,7.63,2025-09-12,2025-09-13,Budapest,Website,Card,Completed
93882254,51232,818074,3,25.15,15,11.32,64.13,6.27,2025-01-02,2025-01-05,Sopron,Mobile App,Apple Pay,Completed
10494684,49073,930581,1,90.98,0,0.0,90.98,6.3,2025-10-29,2025-11-01,Debrecen,Website,PayPal,Completed
39533418,86989,976375,1,90.04,10,9.0,81.04,5.4,2025-07-11,2025-07-16,Budapest,Website,Google Pay,Completed
76098295,95437,718697,1,53.94,0,0.0,53.94,3.83,2025-04-06,2025-04-11,Veszprém,Website,Card,Completed
65940783,86989,331790,2,92.83,10,18.57,167.09,6.19,2025-05-28,2025-05-30,Szeged,Website,Card,Completed
76930250,45415,681976,2,69.97,5,7.0,132.94,0.0,2026-05-12,,Budapest,Mobile App,Card,Cancelled
98022289,49073,535672,4,89.04,10,35.62,320.54,0.0,2026-02-22,2026-03-01,Miskolc,Marketplace,Card,Completed
58194568,49073,138978,5,91.97,5,22.99,436.86,0.0,2025-06-03,2025-06-06,Kecskemét,Mobile App,Card,Completed
87960225,45415,982129,1,72.45,10,7.25,65.2,4.77,2026-01-08,2026-01-10,Budapest,Website,Card,Completed
51893787,49073,793973,1,93.14,0,0.0,93.14,7.41,2025-07-31,2025-08-01,Budapest,Retail Store,Card,Completed
24741210,45415,132030,1,68.07,10,6.81,61.26,7.44,2026-07-11,2026-07-15,Kecskemét,Marketplace,Card,Completed
42214970,49073,701933,1,92.29,10,9.23,83.06,7.29,2025-04-27,2025-05-04,Debrecen,Mobile App,Card,Completed
92893498,86989,129550,2,88.22,0,0.0,176.44,0.0,2026-03-29,2026-03-30,Budapest,Website,Card,Completed
13841608,37136,665068,1,50.33,15,7.55,42.78,5.53,2025-01-22,2025-01-23,Miskolc,Mobile App,Card,Completed
65178971,85983,558494,1,95.43,0,0.0,95.43,7.53,2025-08-05,2025-08-12,Szeged,Marketplace,Card,Completed
60639965,17471,987761,2,30.2,10,6.04,54.36,6.1,2025-10-11,2025-10-13,Budapest,Marketplace,Card,Completed
84432186,72384,232212,1,61.18,0,0.0,61.18,5.71,2025-04-15,2025-04-17,Szombathely,Mobile App,Card,Completed
70155362,95437,566341,2,55.68,10,11.14,100.22,7.57,2026-06-21,2026-06-23,Győr,Mobile App,Card,Completed
97852144,17471,435780,5,29.81,0,0.0,149.05,0.0,2026-07-27,2026-07-31,Budapest,Mobile App,Apple Pay,Completed
60651385,26644,371473,1,63.17,0,0.0,63.17,5.32,2025-06-21,2025-06-23,Budapest,Website,Card,Completed
65533680,45415,405980,1,68.47,0,0.0,68.47,4.28,2025-12-10,2025-12-12,Miskolc,Mobile App,PayPal,Completed
57714466,86989,295897,1,90.41,0,0.0,90.41,5.41,2025-05-14,2025-05-16,Győr,Mobile App,Cash on Delivery,Completed
66892256,49073,274923,1,89.76,0,0.0,89.76,3.56,2026-01-17,2026-01-20,Érd,Website,PayPal,Completed
84708919,86989,619421,1,90.19,10,9.02,81.17,7.29,2025-02-24,2025-02-26,Érd,Website,Card,Completed
68750642,20967,930581,1,134.69,0,0.0,134.69,0.0,2026-05-03,2026-05-04,Miskolc,Website,Card,Completed
55764500,51232,254252,1,24.36,0,0.0,24.36,3.77,2025-05-26,2025-05-29,Pécs,Website,PayPal,Completed
15428487,45415,289020,1,69.03,10,6.9,62.13,8.48,2026-05-15,2026-05-19,Sopron,Marketplace,Card,Completed
21443847,86989,410187,2,89.69,20,35.88,143.5,5.36,2026-03-23,2026-03-26,Budapest,Website,Apple Pay,Completed
28418954,17471,302753,1,30.82,0,0.0,30.82,7.7,2025-09-23,2025-09-25,Győr,Mobile App,Apple Pay,Completed
53353865,26644,405980,2,66.39,0,0.0,132.78,0.0,2026-04-24,2026-04-25,Kecskemét,Website,Card,Completed
34970688,72384,235610,1,61.36,10,6.14,55.22,6.57,2025-06-20,2025-06-23,Miskolc,Website,Bank Transfer,Completed
35831650,37136,334864,1,50.25,0,0.0,50.25,7.43,2025-02-12,2025-02-17,Budapest,Website,Card,Completed
98535353,15378,275241,1,175.82,10,17.58,158.24,4.95,2025-12-11,2025-12-14,Budapest,Mobile App,Apple Pay,Completed
20200707,45415,897048,2,69.44,5,6.94,131.94,5.28,2026-03-02,2026-03-04,Szeged,Website,Card,Completed
34514831,45415,605837,1,72.51,0,0.0,72.51,8.25,2025-01-31,2025-02-03,Sopron,Mobile App,Card,Completed
15935515,45415,672817,1,68.64,0,0.0,68.64,6.57,2025-01-24,2025-01-29,Budapest,Website,Card,Completed
68992365,15378,502600,1,175.82,0,0.0,175.82,0.0,2025-10-28,2025-10-31,Szeged,Mobile App,Google Pay,Completed
43526437,72384,355971,4,60.53,0,0.0,242.12,0.0,2025-07-20,2025-07-22,Budapest,Mobile App,Apple Pay,Completed
75825877,45415,761524,2,68.29,20,27.32,109.26,0.0,2025-07-26,2025-07-30,Budapest,Website,Google Pay,Completed
93618799,26644,964696,3,67.1,0,0.0,201.3,0.0,2025-12-04,2025-12-05,Győr,Retail Store,Card,Completed
76195248,37136,297289,1,49.01,25,12.25,36.76,8.68,2026-05-10,2026-05-14,Székesfehérvár,Marketplace,Card,Completed
54848815,45415,528354,3,69.47,0,0.0,208.41,0.0,2025-09-02,2025-09-04,Szeged,Mobile App,Bank Transfer,Completed
85935371,86989,458514,1,89.09,0,0.0,89.09,6.69,2025-07-26,2025-07-31,Budapest,Website,Card,Completed
92110731,72384,867215,1,61.62,5,3.08,58.54,0.0,2025-02-18,,Budapest,Retail Store,Card,Cancelled
23838799,20967,716284,1,131.58,0,0.0,131.58,0.0,2025-04-03,2025-04-06,Szeged,Website,Card,Completed
89834459,95437,698871,2,54.37,5,5.44,103.3,0.0,2026-05-18,2026-05-21,Budapest,Retail Store,Card,Completed
24615086,15378,775999,1,180.38,0,0.0,180.38,0.0,2025-07-01,,Székesfehérvár,Mobile App,Card,Cancelled
53347996,86989,392883,2,87.34,5,8.73,165.95,5.45,2025-08-25,2025-08-27,Budapest,Marketplace,Card,Completed
79555909,15378,476304,5,183.58,0,0.0,917.9,4.86,2025-05-26,2025-05-28,Érd,Mobile App,Card,Completed
31425733,23801,129550,2,34.89,10,6.98,62.8,4.92,2026-08-06,2026-08-07,Debrecen,Marketplace,Card,Completed
29494566,15378,124034,2,184.23,0,0.0,368.46,0.0,2025-07-23,2025-07-26,Debrecen,Website,Cash on Delivery,Completed
12824117,20967,355971,1,130.87,0,0.0,130.87,5.77,2025-06-18,2025-06-24,Budapest,Website,Apple Pay,Completed
78752251,20967,517374,1,126.77,5,6.34,120.43,0.0,2025-07-09,2025-07-12,Székesfehérvár,Website,Card,Completed
24720331,45415,505313,2,71.93,5,7.19,136.67,0.0,2025-06-12,2025-06-16,Budapest,Website,Cash on Delivery,Completed
48117466,51232,921021,1,24.78,0,0.0,24.78,6.73,2025-06-04,2025-06-06,Budapest,Website,Google Pay,Completed
36301855,17471,475851,1,29.97,10,3.0,26.97,8.84,2025-07-19,2025-07-22,Szeged,Website,Card,Completed
71398007,20967,527580,2,131.2,15,39.36,223.04,0.0,2026-06-29,2026-07-01,Győr,Website,Card,Completed
81428628,72384,124034,1,61.24,10,6.12,55.12,5.61,2025-09-13,2025-09-18,Budapest,Mobile App,Card,Completed
73816414,15378,532068,1,174.89,5,8.74,166.15,0.0,2026-02-14,2026-02-18,Debrecen,Website,PayPal,Completed
49178947,45415,687791,1,69.62,0,0.0,69.62,6.75,2025-02-04,2025-02-09,Debrecen,Website,Card,Completed
66771639,86989,155579,1,91.65,10,9.17,82.48,8.7,2026-08-12,2026-08-14,Kecskemét,Website,Bank Transfer,Completed
84869864,26644,957301,1,64.93,0,0.0,64.93,4.24,2025-11-04,2025-11-05,Pécs,Marketplace,Cash on Delivery,Completed
85157717,20967,195812,1,130.92,0,0.0,130.92,0.0,2025-12-03,2025-12-05,Budapest,Website,PayPal,Returned
50374626,72384,749436,1,60.86,10,6.09,54.77,8.77,2025-10-17,2025-10-18,Pécs,Mobile App,Bank Transfer,Completed
49453347,23801,171304,1,35.21,10,3.52,31.69,7.25,2026-08-21,2026-08-22,Budapest,Website,Bank Transfer,Completed
88679099,51232,121775,2,24.39,0,0.0,48.78,8.79,2026-02-01,2026-02-05,Szeged,Website,PayPal,Completed
91580297,51232,300525,3,25.08,0,0.0,75.24,9.68,2026-05-04,2026-05-10,Budapest,Website,Card,Completed
55131023,95437,672560,2,54.45,15,16.34,92.56,8.5,2025-10-07,2025-10-10,Budapest,Marketplace,Cash on Delivery,Completed
90949028,72384,852557,1,59.38,15,8.91,50.47,6.76,2025-10-03,2025-10-07,Budapest,Retail Store,Card,Completed
11086939,77262,392518,3,108.77,0,0.0,326.31,0.0,2025-01-31,2025-02-06,Budapest,Website,Apple Pay,Completed
66465036,15378,731977,1,174.71,0,0.0,174.71,3.59,2026-05-13,2026-05-16,Veszprém,Website,PayPal,Completed
50053782,86989,523762,3,90.11,0,0.0,270.33,0.0,2025-11-14,2025-11-16,Miskolc,Website,Cash on Delivery,Completed
63577227,86989,253752,1,89.71,0,0.0,89.71,3.7,2025-07-19,2025-07-22,Miskolc,Retail Store,Bank Transfer,Completed
58122363,86989,564700,3,89.0,0,0.0,267.0,0.0,2025-03-02,2025-03-04,Sopron,Website,Card,Completed
65433703,51232,384544,1,25.5,5,1.28,24.22,5.3,2025-12-03,2025-12-04,Miskolc,Website,Card,Completed
33095865,49073,377165,1,93.13,0,0.0,93.13,6.29,2025-02-23,2025-02-24,Miskolc,Mobile App,Card,Completed
44083935,45415,114223,3,69.36,0,0.0,208.08,4.93,2025-12-19,2025-12-23,Érd,Website,Cash on Delivery,Completed
39661406,45415,632380,1,69.28,0,0.0,69.28,4.6,2025-08-07,2025-08-07,Budapest,Website,Card,Completed
47880879,86989,751445,1,90.97,0,0.0,90.97,5.61,2026-05-23,2026-05-28,Budapest,Website,Card,Completed
11321945,23801,336083,1,35.39,5,1.77,33.62,6.18,2026-05-13,2026-05-15,Debrecen,Website,Card,Completed
52899046,20967,472199,2,133.07,10,26.61,239.53,0.0,2026-02-19,2026-02-23,Budapest,Retail Store,Card,Completed
93916214,26644,453508,1,64.33,0,0.0,64.33,5.67,2026-07-03,2026-07-05,Győr,Mobile App,Card,Completed
43895523,51232,232381,1,25.81,10,2.58,23.23,7.68,2026-03-26,2026-03-29,Budapest,Marketplace,Card,Completed
85675844,85983,751773,2,93.24,0,0.0,186.48,0.0,2025-08-03,2025-08-06,Budapest,Mobile App,PayPal,Completed
44557026,17471,824778,3,31.07,25,23.3,69.91,7.64,2026-03-13,2026-03-16,Budapest,Marketplace,PayPal,Completed
54958473,45415,813258,2,70.71,15,21.21,120.21,0.0,2025-07-18,2025-07-23,Pécs,Marketplace,Card,Completed
76116756,20967,992933,1,134.22,0,0.0,134.22,0.0,2025-03-05,2025-03-07,Székesfehérvár,Website,PayPal,Completed
25993540,85983,125958,1,94.0,20,18.8,75.2,7.81,2025-03-16,2025-03-21,Budapest,Website,PayPal,Completed
12612707,95437,590789,1,55.62,0,0.0,55.62,5.42,2026-06-25,2026-06-28,Debrecen,Website,Card,Completed
72626576,51232,366220,1,24.81,0,0.0,24.81,6.9,2026-01-14,2026-01-16,Debrecen,Mobile App,PayPal,Returned
14985301,86989,270015,4,88.46,5,17.69,336.15,0.0,2026-04-21,2026-04-23,Győr,Retail Store,PayPal,Completed
62770506,85983,675038,1,97.86,20,19.57,78.29,0.0,2026-08-09,,Eger,Website,Card,Cancelled
84295071,20967,855803,1,133.11,0,0.0,133.11,6.39,2025-01-13,2025-01-16,Szeged,Mobile App,PayPal,Completed
30402663,49073,475095,1,93.15,0,0.0,93.15,8.46,2026-07-28,2026-07-29,Budapest,Website,Card,Completed
62340779,45415,494620,1,72.17,5,3.61,68.56,7.76,2025-05-29,2025-05-31,Eger,Marketplace,Apple Pay,Completed
57785788,85983,350251,2,92.3,5,9.23,175.37,0.0,2025-12-09,2025-12-11,Sopron,Website,Google Pay,Completed
40560152,20967,590655,2,131.93,25,65.97,197.89,0.0,2025-03-06,2025-03-08,Szombathely,Website,Card,Returned
68925561,49073,990107,1,87.94,10,8.79,79.15,4.13,2026-03-23,2026-03-25,Győr,Website,Card,Completed
20714070,37136,494016,1,50.6,10,5.06,45.54,3.55,2026-08-11,2026-08-13,Kecskemét,Marketplace,Cash on Delivery,Completed
73979846,72384,358818,2,58.69,0,0.0,117.38,0.0,2026-08-10,2026-08-15,Budapest,Mobile App,Card,Completed
46870669,15378,935264,1,183.91,0,0.0,183.91,0.0,2025-02-06,2025-02-08,Budapest,Mobile App,Card,Returned
11961268,20967,560207,2,129.18,0,0.0,258.36,0.0,2026-05-26,2026-05-29,Tatabánya,Website,Card,Completed
16158720,49073,136013,1,91.48,10,9.15,82.33,4.74,2025-10-26,2025-10-28,Budapest,Website,Card,Completed
25360718,51232,974369,1,24.93,10,2.49,22.44,4.41,2025-04-13,2025-04-16,Tatabánya,Mobile App,Google Pay,Completed
54342432,15378,634320,2,182.12,15,54.64,309.6,0.0,2025-05-07,2025-05-08,Szeged,Mobile App,Google Pay,Completed
32067063,86989,385097,1,92.76,10,9.28,83.48,4.33,2025-05-01,2025-05-07,Győr,Marketplace,Card,Completed
72188293,85983,383864,2,92.69,20,37.08,148.3,0.0,2026-03-03,2026-03-08,Szeged,Mobile App,Card,Completed
60705865,45415,406346,1,71.65,20,14.33,57.32,7.07,2025-03-08,2025-03-10,Budapest,Website,Card,Completed
41748572,51232,940400,1,25.51,0,0.0,25.51,4.17,2026-08-19,2026-08-21,Budapest,Website,Apple Pay,Completed
27309254,51232,305196,1,24.41,0,0.0,24.41,4.74,2026-05-06,2026-05-11,Kecskemét,Marketplace,Apple Pay,Completed
10930378,15378,451105,2,182.8,0,0.0,365.6,6.63,2025-11-10,2025-11-14,Kecskemét,Mobile App,Apple Pay,Completed
52620671,95437,305196,1,56.95,10,5.7,51.25,8.47,2025-01-25,2025-01-26,Budapest,Website,Card,Completed
25383051,45415,253752,2,71.44,0,0.0,142.88,0.0,2026-03-06,2026-03-10,Debrecen,Mobile App,Card,Completed
38760037,45415,460921,2,69.66,15,20.9,118.42,0.0,2026-07-15,2026-07-20,Győr,Mobile App,Card,Completed
97430949,23801,254929,1,35.86,0,0.0,35.86,3.5,2026-08-06,2026-08-11,Szeged,Retail Store,Google Pay,Completed
74699109,51232,232420,1,24.48,0,0.0,24.48,4.12,2025-01-23,2025-01-24,Budapest,Website,Card,Completed
37277928,17471,131071,1,29.58,0,0.0,29.58,3.75,2026-02-12,2026-02-13,Debrecen,Marketplace,Google Pay,Completed
22673199,86989,495352,2,92.74,5,9.27,176.21,0.0,2026-07-09,2026-07-16,Budapest,Mobile App,Card,Completed
37981900,20967,352680,1,128.35,10,12.84,115.51,0.0,2025-11-24,2025-11-25,Nyíregyháza,Website,Apple Pay,Completed
24676306,51232,963120,1,25.49,5,1.27,24.22,7.94,2026-04-14,2026-04-15,Eger,Website,Card,Completed
69202143,77262,494620,2,111.81,15,33.54,190.08,0.0,2026-05-07,2026-05-09,Székesfehérvár,Website,Card,Completed
67679768,23801,519033,2,34.05,10,6.81,61.29,8.95,2025-06-29,2025-07-01,Érd,Mobile App,Bank Transfer,Completed
86173253,86989,957301,3,93.46,10,28.04,252.34,0.0,2025-07-12,2025-07-16,Pécs,Mobile App,Cash on Delivery,Completed
64299494,85983,103219,2,97.92,0,0.0,195.84,3.69,2025-08-03,2025-08-04,Pécs,Retail Store,Card,Completed
67615617,51232,618831,1,25.69,15,3.85,21.84,7.18,2025-09-24,2025-09-27,Győr,Retail Store,Bank Transfer,Completed
77532109,45415,605291,1,69.83,0,0.0,69.83,6.36,2026-07-08,2026-07-09,Sopron,Marketplace,Cash on Delivery,Completed
41246630,86989,931265,1,87.83,10,8.78,79.05,5.75,2026-04-24,2026-04-27,Budapest,Website,PayPal,Completed
49223231,20967,332217,2,130.93,0,0.0,261.86,0.0,2025-09-02,2025-09-08,Budapest,Website,Apple Pay,Completed
93683499,15378,585877,2,175.47,0,0.0,350.94,0.0,2025-12-11,2025-12-13,Budapest,Website,Card,Completed
16583390,77262,487480,1,111.5,10,11.15,100.35,0.0,2026-08-11,2026-08-15,Nyíregyháza,Website,Bank Transfer,Completed
54548414,51232,935264,2,24.39,10,4.88,43.9,4.72,2026-03-25,2026-03-29,Budapest,Retail Store,Card,Completed
71951844,77262,834454,1,112.04,0,0.0,112.04,0.0,2026-02-22,2026-02-24,Budapest,Website,PayPal,Completed
44995929,39892,672817,1,117.72,0,0.0,117.72,0.0,2025-11-08,2025-11-11,Kecskemét,Website,Apple Pay,Completed
25884379,23801,562237,4,34.37,0,0.0,137.48,0.0,2025-07-14,2025-07-15,Győr,Marketplace,Card,Completed
87572292,86989,159275,2,92.24,15,27.67,156.81,0.0,2026-06-19,2026-06-21,Budapest,Mobile App,Card,Completed
17775169,20967,841862,1,131.66,20,26.33,105.33,0.0,2025-12-13,2025-12-15,Pécs,Mobile App,Card,Completed
31736105,23801,775999,1,34.58,0,0.0,34.58,3.67,2026-04-26,2026-04-29,Budapest,Website,Card,Completed
68823506,51232,472199,1,25.95,15,3.89,22.06,8.85,2026-05-29,2026-05-31,Budapest,Retail Store,Card,Completed
95860399,49073,370716,1,89.01,0,0.0,89.01,6.13,2025-02-23,2025-02-25,Budapest,Website,Card,Completed
94225331,72384,233768,2,61.93,20,24.77,99.09,7.8,2026-07-06,2026-07-06,Budapest,Marketplace,Apple Pay,Completed
57351728,72384,378969,1,58.56,0,0.0,58.56,5.8,2025-04-14,2025-04-20,Tatabánya,Website,Google Pay,Completed
48067808,86989,436047,2,87.81,0,0.0,175.62,0.0,2025-12-04,2025-12-07,Miskolc,Website,Card,Completed
61069933,15378,309408,1,175.17,10,17.52,157.65,0.0,2025-12-02,2025-12-04,Nyíregyháza,Website,PayPal,Completed
11656567,45415,116230,1,70.42,0,0.0,70.42,5.89,2026-02-07,2026-02-13,Miskolc,Mobile App,Apple Pay,Completed
91716649,39892,942270,3,117.25,0,0.0,351.75,4.65,2025-11-26,2025-11-28,Nyíregyháza,Website,Bank Transfer,Completed
35853893,23801,356432,2,35.87,25,17.93,53.81,5.68,2026-06-24,2026-06-29,Székesfehérvár,Retail Store,Card,Completed
74448396,95437,947649,1,55.42,20,11.08,44.34,7.16,2025-10-30,2025-11-02,Győr,Marketplace,Apple Pay,Completed
78872304,45415,331790,2,68.27,15,20.48,116.06,0.0,2026-02-03,2026-02-05,Tatabánya,Website,Card,Completed
40487050,86989,748510,1,93.0,20,18.6,74.4,6.0,2025-09-07,2025-09-08,Szeged,Mobile App,PayPal,Completed
67439838,20967,250783,2,131.59,10,26.32,236.86,0.0,2025-12-17,2025-12-21,Székesfehérvár,Retail Store,Card,Completed
29445123,85983,901875,2,92.52,20,37.01,148.03,0.0,2025-03-22,2025-03-24,Sopron,Website,Google Pay,Completed
15616750,49073,403728,2,88.9,0,0.0,177.8,0.0,2025-04-04,2025-04-08,Tatabánya,Mobile App,Card,Completed
62700650,51232,233736,1,25.25,0,0.0,25.25,7.96,2025-05-17,2025-05-18,Székesfehérvár,Marketplace,Apple Pay,Completed
49579585,51232,982137,2,24.82,0,0.0,49.64,8.2,2026-04-09,2026-04-10,Eger,Mobile App,Card,Completed
15731933,17471,227343,1,30.73,0,0.0,30.73,4.36,2025-08-12,2025-08-13,Budapest,Mobile App,Card,Completed
61196587,51232,264437,2,24.37,0,0.0,48.74,8.97,2026-06-21,2026-06-27,Pécs,Retail Store,Card,Completed
33059186,51232,169345,2,25.44,10,5.09,45.79,7.6,2026-05-04,2026-05-10,Kecskemét,Retail Store,Bank Transfer,Completed
66454550,86989,624678,1,90.93,0,0.0,90.93,6.47,2025-12-12,2025-12-17,Budapest,Mobile App,Apple Pay,Completed
25787938,86989,675038,1,90.95,0,0.0,90.95,4.89,2026-03-19,2026-03-21,Veszprém,Website,PayPal,Completed
55146172,72384,914352,2,58.4,0,0.0,116.8,0.0,2026-04-22,2026-04-24,Budapest,Mobile App,Cash on Delivery,Completed
93327254,45415,689774,1,72.78,0,0.0,72.78,7.24,2025-02-03,2025-02-07,Pécs,Website,Card,Completed
49209084,45415,384544,1,70.58,25,17.64,52.94,4.27,2026-01-28,2026-02-01,Budapest,Marketplace,Apple Pay,Completed
34986870,51232,875612,2,25.15,0,0.0,50.3,8.96,2026-02-09,2026-02-12,Budapest,Mobile App,Card,Completed
82473506,77262,281868,1,108.87,0,0.0,108.87,0.0,2026-07-02,2026-07-07,Budapest,Mobile App,PayPal,Completed
41096774,37136,251672,1,48.69,0,0.0,48.69,6.53,2025-04-07,2025-04-12,Veszprém,Mobile App,Google Pay,Completed
38483792,49073,346105,1,90.53,20,18.11,72.42,6.8,2025-05-17,2025-05-22,Szeged,Retail Store,Card,Completed
33487008,85983,273306,1,93.01,20,18.6,74.41,8.23,2025-09-08,2025-09-12,Érd,Website,Card,Completed
24297985,26644,283302,1,64.53,10,6.45,58.08,8.5,2025-03-08,2025-03-11,Budapest,Marketplace,Apple Pay,Completed
81378664,85983,693300,1,93.0,15,13.95,79.05,6.93,2025-10-09,2025-10-10,Eger,Mobile App,Card,Completed
98018505,77262,499460,2,109.06,10,21.81,196.31,6.74,2025-12-11,2025-12-12,Debrecen,Retail Store,Cash on Delivery,Completed
54958954,72384,590789,2,59.1,20,23.64,94.56,5.52,2025-03-25,2025-04-01,Budapest,Marketplace,Card,Completed
61552290,51232,409271,1,25.28,0,0.0,25.28,0.0,2025-10-10,,Budapest,Marketplace,Google Pay,Cancelled
86071695,15378,460123,2,180.56,0,0.0,361.12,0.0,2025-04-11,2025-04-15,Pécs,Mobile App,Card,Returned
25603970,95437,982828,1,56.92,0,0.0,56.92,7.49,2025-08-13,2025-08-15,Budapest,Website,Card,Completed
11754817,51232,580956,1,25.83,5,1.29,24.54,6.03,2025-03-03,2025-03-10,Szeged,Website,Apple Pay,Completed
39471453,86989,780246,1,92.71,20,18.54,74.17,6.89,2025-05-23,2025-05-25,Budapest,Website,Card,Completed
44537103,51232,813258,2,24.77,10,4.95,44.59,7.68,2026-06-16,2026-06-17,Győr,Marketplace,Card,Completed
42053541,85983,250783,1,98.31,0,0.0,98.31,5.89,2025-05-21,2025-05-22,Budapest,Marketplace,Apple Pay,Completed
96654682,51232,405002,1,25.3,5,1.27,24.03,8.91,2026-01-30,2026-01-31,Budapest,Website,Google Pay,Completed
71445801,26644,518417,2,66.4,15,19.92,112.88,4.25,2026-08-27,2026-09-01,Győr,Mobile App,Apple Pay,Completed
98552992,15378,407131,1,183.18,10,18.32,164.86,0.0,2026-07-20,2026-07-23,Kecskemét,Retail Store,Card,Completed
14173094,86989,705908,1,88.33,0,0.0,88.33,5.53,2026-03-17,2026-03-18,Kecskemét,Mobile App,Card,Completed
80225189,37136,565115,2,50.8,10,10.16,91.44,4.29,2026-05-03,2026-05-05,Sopron,Website,Google Pay,Completed
59092100,72384,601412,1,61.7,5,3.09,58.61,4.18,2026-01-08,2026-01-09,Budapest,Retail Store,Google Pay,Completed
26421023,20967,268958,1,134.01,0,0.0,134.01,0.0,2026-08-09,2026-08-10,Székesfehérvár,Website,Card,Completed
27771157,37136,355217,2,51.5,5,5.15,97.85,8.92,2026-04-09,2026-04-11,Pécs,Marketplace,Bank Transfer,Returned
36870107,95437,275072,4,55.56,0,0.0,222.24,0.0,2026-07-13,2026-07-14,Szeged,Marketplace,Card,Completed
48998748,20967,355191,1,129.48,0,0.0,129.48,0.0,2025-06-11,2025-06-14,Budapest,Mobile App,Card,Returned
11834190,85983,651916,3,97.07,20,58.24,232.97,0.0,2026-04-05,2026-04-06,Győr,Mobile App,Card,Completed
33623899,49073,920885,1,90.19,0,0.0,90.19,4.17,2026-07-22,2026-07-24,Győr,Website,Card,Completed
63373663,77262,671028,1,107.53,0,0.0,107.53,0.0,2025-12-13,2025-12-17,Budapest,Website,Bank Transfer,Completed
76420880,26644,862431,1,63.07,5,3.15,59.92,7.41,2026-03-26,2026-03-28,Budapest,Website,Card,Completed
43056782,51232,895547,3,24.63,20,14.78,59.11,5.05,2025-04-10,2025-04-13,Budapest,Retail Store,Google Pay,Completed
90286926,86989,652521,1,93.31,0,0.0,93.31,4.2,2025-11-21,2025-11-25,Veszprém,Marketplace,Card,Completed
29890022,26644,610661,1,66.22,0,0.0,66.22,8.23,2026-04-21,2026-04-21,Budapest,Website,Card,Completed
97773383,85983,309408,2,98.41,0,0.0,196.82,7.08,2025-05-14,2025-05-17,Győr,Mobile App,Card,Completed
30633265,23801,895377,1,35.97,0,0.0,35.97,4.1,2025-07-08,2025-07-14,Székesfehérvár,Website,PayPal,Completed
78521801,95437,932611,2,56.91,0,0.0,113.82,7.41,2025-04-29,2025-05-05,Kecskemét,Marketplace,Card,Completed
72626814,26644,811515,1,67.07,10,6.71,60.36,3.75,2025-10-06,2025-10-12,Budapest,Website,PayPal,Completed
82549465,86989,392518,1,89.0,0,0.0,89.0,5.15,2025-01-02,2025-01-05,Debrecen,Marketplace,Card,Completed
29206600,51232,623433,2,25.19,10,5.04,45.34,3.85,2026-02-10,2026-02-13,Budapest,Website,PayPal,Completed
62976810,51232,217118,1,25.05,0,0.0,25.05,6.8,2026-06-28,2026-07-01,Budapest,Mobile App,Google Pay,Completed
83988271,72384,434635,1,59.44,5,2.97,56.47,4.17,2025-10-11,2025-10-13,Budapest,Retail Store,Apple Pay,Returned
83760150,39892,989215,2,118.65,0,0.0,237.3,0.0,2025-12-13,2025-12-16,Budapest,Marketplace,Cash on Delivery,Completed
94062316,77262,402055,1,113.51,15,17.03,96.48,7.47,2025-02-05,2025-02-06,Győr,Mobile App,Cash on Delivery,Completed
53760253,86989,367402,1,91.18,10,9.12,82.06,8.59,2025-10-08,2025-10-11,Debrecen,Marketplace,Card,Completed
96680283,26644,434476,1,66.64,0,0.0,66.64,4.02,2025-06-25,2025-06-27,Debrecen,Mobile App,Apple Pay,Completed
37142415,37136,367402,2,48.88,0,0.0,97.76,3.61,2025-06-17,2025-06-20,Budapest,Website,PayPal,Completed
46716764,72384,920297,1,60.55,15,9.08,51.47,8.22,2026-01-24,2026-01-26,Székesfehérvár,Website,PayPal,Completed
40039089,26644,867215,2,67.08,0,0.0,134.16,0.0,2025-12-28,2026-01-04,Eger,Website,Card,Completed
82324024,45415,618831,3,72.67,0,0.0,218.01,0.0,2025-11-19,2025-11-22,Székesfehérvár,Website,Card,Completed
82304159,49073,558050,5,88.73,20,88.73,354.92,5.88,2025-02-04,2025-02-09,Budapest,Website,Card,Completed
85192973,95437,654545,2,54.74,0,0.0,109.48,0.0,2026-01-28,,Budapest,Website,Apple Pay,Cancelled
58256533,15378,681157,1,184.43,15,27.66,156.77,0.0,2026-05-08,2026-05-09,Pécs,Mobile App,Cash on Delivery,Completed
19911617,20967,370716,2,134.53,0,0.0,269.06,0.0,2025-05-14,2025-05-17,Érd,Retail Store,Card,Completed
17849539,37136,775999,3,50.09,0,0.0,150.27,0.0,2026-02-14,2026-02-16,Győr,Marketplace,Card,Completed
97933257,49073,632380,2,90.21,0,0.0,180.42,0.0,2025-04-11,2025-04-15,Szeged,Marketplace,Card,Completed
31052415,86989,821868,2,90.49,0,0.0,180.98,0.0,2026-06-24,,Budapest,Website,Card,Cancelled
27253217,23801,163195,1,34.43,0,0.0,34.43,8.33,2026-04-13,2026-04-15,Székesfehérvár,Website,Card,Completed
41093245,72384,340538,1,59.3,0,0.0,59.3,5.99,2026-05-03,2026-05-05,Debrecen,Retail Store,Google Pay,Completed
91249231,39892,275241,1,116.46,0,0.0,116.46,4.46,2026-04-30,2026-05-02,Budapest,Mobile App,Apple Pay,Completed
77085873,37136,866323,1,49.03,20,9.81,39.22,5.18,2026-07-29,2026-07-29,Pécs,Website,Apple Pay,Completed
82078424,26644,649042,1,63.84,0,0.0,63.84,4.02,2026-03-06,2026-03-12,Budapest,Marketplace,Apple Pay,Completed
67309814,39892,512953,1,117.9,0,0.0,117.9,0.0,2025-04-03,2025-04-07,Székesfehérvár,Marketplace,PayPal,Completed
10884659,77262,254709,2,108.17,0,0.0,216.34,0.0,2025-12-09,2025-12-10,Pécs,Marketplace,Card,Completed
78731613,86989,315645,1,90.41,15,13.56,76.85,8.9,2025-11-26,2025-11-28,Nyíregyháza,Website,Cash on Delivery,Completed
25214496,77262,927747,1,111.19,10,11.12,100.07,0.0,2026-05-24,2026-05-26,Budapest,Mobile App,Cash on Delivery,Completed
38404022,86989,123371,1,87.31,0,0.0,87.31,5.48,2026-06-15,2026-06-17,Nyíregyháza,Website,Card,Returned
93558209,45415,479585,1,69.28,0,0.0,69.28,5.73,2026-06-17,2026-06-23,Pécs,Website,PayPal,Completed
45431271,45415,439383,1,69.32,5,3.47,65.85,8.13,2025-10-28,2025-10-29,Veszprém,Marketplace,PayPal,Completed
94139331,95437,802604,2,54.95,20,21.98,87.92,8.23,2025-02-05,2025-02-07,Debrecen,Mobile App,PayPal,Completed
85061599,15378,377165,1,182.74,0,0.0,182.74,0.0,2025-04-27,2025-04-29,Debrecen,Mobile App,Card,Completed
10987549,20967,945366,2,127.87,20,51.15,204.59,6.67,2025-02-15,2025-02-18,Budapest,Website,Cash on Delivery,Completed
42347119,15378,630843,1,181.07,0,0.0,181.07,0.0,2025-10-09,2025-10-10,Szeged,Retail Store,Google Pay,Completed
86606152,45415,371473,1,71.29,0,0.0,71.29,7.11,2025-12-23,2025-12-27,Budapest,Mobile App,Apple Pay,Completed
22460905,37136,226609,1,49.68,0,0.0,49.68,7.7,2025-04-22,2025-04-24,Budapest,Website,Card,Completed
17960374,20967,535722,2,127.68,0,0.0,255.36,0.0,2025-09-14,2025-09-16,Győr,Marketplace,Apple Pay,Completed
96840636,85983,885670,1,95.5,0,0.0,95.5,4.82,2026-05-27,2026-05-28,Érd,Marketplace,Cash on Delivery,Completed
10758383,49073,522684,1,87.45,0,0.0,87.45,3.73,2026-03-27,2026-03-28,Budapest,Marketplace,Card,Completed
33543697,45415,706168,1,72.64,10,7.26,65.38,6.96,2025-05-17,2025-05-21,Budapest,Website,Card,Completed
28548798,49073,636439,1,91.81,15,13.77,78.04,8.71,2025-09-11,2025-09-14,Pécs,Marketplace,Apple Pay,Completed
21581346,20967,384280,1,133.09,10,13.31,119.78,0.0,2026-03-02,2026-03-06,Szeged,Retail Store,Bank Transfer,Completed
66222406,72384,479585,4,61.26,15,36.76,208.28,0.0,2026-08-21,2026-08-24,Budapest,Retail Store,Bank Transfer,Completed
56653844,72384,274923,4,60.12,0,0.0,240.48,0.0,2026-02-28,2026-03-02,Pécs,Retail Store,Apple Pay,Completed
86814377,95437,297289,1,55.82,10,5.58,50.24,8.65,2025-01-01,2025-01-06,Pécs,Website,Card,Completed
27049897,37136,751445,1,50.83,0,0.0,50.83,8.06,2025-09-18,2025-09-21,Győr,Website,Card,Completed
39443491,51232,619421,1,24.61,0,0.0,24.61,7.82,2025-07-21,2025-07-23,Budapest,Website,Apple Pay,Returned
64043227,45415,319683,1,71.84,0,0.0,71.84,3.91,2025-08-06,2025-08-07,Budapest,Website,Cash on Delivery,Completed
91607276,37136,891733,1,50.51,5,2.53,47.98,3.82,2026-03-13,2026-03-19,Nyíregyháza,Website,Card,Completed
56528081,86989,881604,2,90.4,15,27.12,153.68,5.52,2026-08-19,2026-08-22,Budapest,Mobile App,Google Pay,Completed
90489176,85983,930569,1,97.97,0,0.0,97.97,6.29,2026-06-25,2026-06-27,Pécs,Mobile App,Google Pay,Completed
96720836,85983,573807,1,97.11,0,0.0,97.11,0.0,2025-08-10,,Budapest,Website,Card,Cancelled
45684342,15378,570828,1,178.05,0,0.0,178.05,6.44,2025-02-12,2025-02-13,Székesfehérvár,Website,Google Pay,Completed
62504901,39892,731296,1,120.11,0,0.0,120.11,0.0,2026-05-10,2026-05-14,Győr,Marketplace,Apple Pay,Completed
25648417,26644,724022,1,65.28,0,0.0,65.28,7.17,2025-05-14,2025-05-16,Budapest,Marketplace,Apple Pay,Completed
38688969,86989,781835,2,90.79,0,0.0,181.58,0.0,2025-11-29,2025-11-30,Tatabánya,Website,PayPal,Completed
69299588,85983,352319,1,94.51,15,14.18,80.33,4.78,2025-12-12,2025-12-14,Eger,Marketplace,Card,Completed
98312692,72384,610866,3,61.72,20,37.03,148.13,0.0,2025-05-04,2025-05-05,Budapest,Website,Card,Completed
69029946,45415,447236,1,68.72,0,0.0,68.72,8.78,2025-07-14,2025-07-15,Budapest,Mobile App,Cash on Delivery,Completed
11844567,51232,416187,1,24.3,10,2.43,21.87,6.46,2025-04-18,2025-04-22,Budapest,Retail Store,Card,Completed
72801500,86989,453130,1,88.6,5,4.43,84.17,4.63,2026-05-24,2026-05-25,Budapest,Website,Apple Pay,Completed
75569058,51232,830998,1,25.08,0,0.0,25.08,4.62,2025-08-02,2025-08-05,Budapest,Website,Card,Completed
20160062,26644,991220,1,66.7,0,0.0,66.7,8.21,2025-06-10,2025-06-15,Budapest,Website,Apple Pay,Completed
46344724,86989,165410,2,90.25,0,0.0,180.5,0.0,2026-06-30,2026-07-03,Debrecen,Website,Card,Completed
43526948,51232,555936,1,25.05,0,0.0,25.05,7.6,2026-04-02,2026-04-06,Budapest,Website,PayPal,Completed
76868549,86989,289020,2,92.21,10,18.44,165.98,6.3,2026-08-01,2026-08-02,Budapest,Website,Card,Completed
96885718,45415,965496,1,68.31,0,0.0,68.31,3.91,2026-08-31,2026-09-02,Budapest,Website,Card,Completed
57453287,26644,460471,1,63.48,0,0.0,63.48,4.55,2025-08-27,2025-08-28,Debrecen,Retail Store,Apple Pay,Completed
96154236,49073,566834,1,88.01,0,0.0,88.01,7.03,2026-06-18,2026-06-25,Budapest,Mobile App,Card,Completed
10844540,86989,472199,1,92.82,10,9.28,83.54,5.2,2025-06-06,2025-06-11,Debrecen,Mobile App,Cash on Delivery,Completed
77684185,45415,152946,2,71.94,10,14.39,129.49,0.0,2025-12-12,2025-12-17,Székesfehérvár,Retail Store,Card,Completed
49050584,95437,763059,1,55.35,0,0.0,55.35,3.8,2025-02-13,2025-02-14,Szombathely,Website,Card,Completed
83262545,23801,683786,1,36.31,0,0.0,36.31,4.16,2025-07-26,2025-07-28,Budapest,Website,Apple Pay,Completed
64711163,85983,651683,1,98.19,10,9.82,88.37,8.19,2026-04-30,2026-05-06,Kecskemét,Website,Cash on Delivery,Completed
50404669,86989,147724,1,91.77,25,22.94,68.83,3.56,2025-02-09,2025-02-11,Debrecen,Mobile App,Cash on Delivery,Returned
81099172,85983,264437,1,96.79,5,4.84,91.95,4.12,2026-06-28,2026-07-01,Szombathely,Website,Google Pay,Completed
34666627,23801,991220,1,35.0,0,0.0,35.0,8.19,2025-04-06,2025-04-08,Budapest,Mobile App,Card,Completed
86594340,20967,923787,2,127.04,20,50.82,203.26,0.0,2026-08-28,2026-08-28,Szeged,Website,Card,Completed
47627839,20967,460259,1,132.7,10,13.27,119.43,0.0,2026-02-01,2026-02-08,Budapest,Website,Card,Completed
87831304,51232,564700,1,25.71,20,5.14,20.57,5.28,2025-10-15,2025-10-18,Miskolc,Marketplace,PayPal,Completed
63715533,51232,549646,4,25.65,10,10.26,92.34,6.6,2026-06-22,2026-06-29,Pécs,Website,PayPal,Completed
36172676,86989,188801,1,89.42,10,8.94,80.48,5.68,2025-09-29,2025-10-01,Budapest,Website,Card,Completed
55487505,20967,352947,1,126.19,5,6.31,119.88,0.0,2026-04-20,2026-04-21,Budapest,Website,Card,Completed
80664710,39892,224896,1,118.44,0,0.0,118.44,5.87,2026-03-09,2026-03-16,Nyíregyháza,Website,Bank Transfer,Returned
98333272,49073,933091,1,89.38,0,0.0,89.38,3.83,2025-03-27,2025-03-29,Budapest,Website,Card,Returned
69585840,15378,355191,4,187.04,0,0.0,748.16,0.0,2026-02-26,2026-02-28,Miskolc,Website,Card,Returned
58410555,86989,458528,1,92.91,0,0.0,92.91,3.98,2025-04-16,2025-04-20,Debrecen,Website,Card,Completed
59295385,72384,168678,1,62.06,10,6.21,55.85,6.81,2026-01-23,2026-01-26,Eger,Website,Card,Completed
26144230,45415,936563,1,71.29,10,7.13,64.16,8.56,2026-01-16,2026-01-18,Miskolc,Mobile App,Apple Pay,Completed
43202351,15378,453130,2,179.57,10,35.91,323.23,0.0,2026-07-15,2026-07-20,Budapest,Mobile App,Apple Pay,Completed
77588586,39892,188801,1,123.13,0,0.0,123.13,0.0,2025-02-01,2025-02-04,Kecskemét,Website,Bank Transfer,Completed
74095381,77262,292036,3,107.57,10,32.27,290.44,5.09,2025-02-14,2025-02-17,Tatabánya,Mobile App,Card,Completed
43194696,23801,104168,1,33.95,0,0.0,33.95,6.08,2025-06-26,2025-06-28,Miskolc,Mobile App,Google Pay,Completed
62505116,85983,356432,3,93.73,0,0.0,281.19,0.0,2026-07-31,2026-08-01,Debrecen,Mobile App,PayPal,Completed
99523329,15378,607258,1,174.84,0,0.0,174.84,0.0,2025-03-02,2025-03-04,Budapest,Mobile App,Apple Pay,Completed
99443740,49073,698871,2,89.89,15,26.97,152.81,6.01,2026-01-10,2026-01-13,Székesfehérvár,Website,Card,Completed
51561481,20967,221103,1,129.74,0,0.0,129.74,0.0,2026-05-30,2026-05-31,Budapest,Website,Card,Completed
87808901,45415,763962,2,69.66,5,6.97,132.35,0.0,2026-07-31,2026-08-01,Budapest,Mobile App,Google Pay,Completed
55182054,17471,654545,1,29.37,10,2.94,26.43,4.92,2025-11-20,2025-11-23,Kecskemét,Website,Google Pay,Completed
80294148,86989,137875,2,93.5,15,28.05,158.95,0.0,2025-07-10,2025-07-15,Érd,Website,Card,Completed
40544382,49073,782745,1,92.0,0,0.0,92.0,6.6,2026-03-01,2026-03-03,Érd,Website,Card,Completed
59746878,85983,256243,3,96.23,0,0.0,288.69,7.05,2025-03-15,2025-03-16,Budapest,Marketplace,Card,Completed
24077584,20967,977931,1,126.63,0,0.0,126.63,0.0,2025-04-27,2025-04-28,Kecskemét,Website,Apple Pay,Completed
35797946,23801,748510,2,35.4,10,7.08,63.72,5.68,2025-10-26,2025-10-29,Debrecen,Mobile App,Google Pay,Completed
58686364,51232,495930,1,25.46,0,0.0,25.46,7.07,2026-03-02,2026-03-05,Budapest,Website,Card,Completed
75895655,26644,283302,2,63.97,25,31.98,95.96,5.79,2025-05-19,2025-05-23,Budapest,Mobile App,Card,Completed
29528646,45415,560207,5,72.28,0,0.0,361.4,5.72,2025-09-19,2025-09-21,Budapest,Marketplace,Google Pay,Completed
90576574,17471,623433,1,29.74,10,2.97,26.77,6.37,2025-03-08,2025-03-15,Szeged,Website,Google Pay,Completed
71626011,95437,400505,2,53.39,0,0.0,106.78,0.0,2025-12-21,2025-12-23,Győr,Mobile App,Card,Returned
49132845,45415,473332,2,71.1,20,28.44,113.76,3.83,2026-05-27,2026-05-29,Budapest,Marketplace,Card,Completed
88941433,17471,951479,1,30.27,0,0.0,30.27,4.0,2025-12-13,2025-12-17,Szeged,Mobile App,Bank Transfer,Completed
34598709,37136,117436,1,49.38,0,0.0,49.38,8.54,2026-02-16,2026-02-17,Szombathely,Website,Apple Pay,Completed
52268369,51232,986489,1,25.04,10,2.5,22.54,5.89,2026-04-11,2026-04-15,Budapest,Mobile App,PayPal,Completed
79075780,49073,897895,1,89.51,0,0.0,89.51,6.01,2025-06-27,2025-06-28,Debrecen,Mobile App,Card,Completed
36003859,20967,155579,1,128.14,5,6.41,121.73,0.0,2025-03-20,2025-03-24,Nyíregyháza,Mobile App,Card,Completed
62535469,15378,931265,1,181.48,10,18.15,163.33,0.0,2026-03-24,2026-03-25,Pécs,Website,Apple Pay,Completed
24123008,45415,842068,1,71.71,0,0.0,71.71,6.39,2025-11-09,2025-11-13,Debrecen,Mobile App,Apple Pay,Completed
91184373,95437,133982,1,56.98,0,0.0,56.98,8.07,2026-02-17,2026-02-18,Miskolc,Website,PayPal,Completed
44628298,49073,645743,1,91.16,0,0.0,91.16,5.67,2026-06-21,2026-06-25,Budapest,Website,Card,Completed
99966951,23801,210299,1,35.73,25,8.93,26.8,5.38,2026-03-17,2026-03-17,Kecskemét,Marketplace,Apple Pay,Completed
75513980,23801,935367,1,34.14,5,1.71,32.43,8.08,2026-08-05,2026-08-09,Budapest,Mobile App,Card,Completed
16807232,51232,938708,1,24.32,0,0.0,24.32,4.94,2026-07-17,2026-07-20,Kecskemét,Retail Store,Card,Completed
60084622,23801,172954,1,35.31,20,7.06,28.25,4.24,2025-01-15,2025-01-21,Szeged,Website,Card,Completed
77750749,23801,925669,2,35.86,0,0.0,71.72,6.05,2025-12-06,2025-12-09,Budapest,Mobile App,Bank Transfer,Completed
63442229,77262,935264,1,108.53,5,5.43,103.1,0.0,2026-03-20,2026-03-21,Budapest,Website,Cash on Delivery,Completed
50684348,26644,564700,2,65.39,15,19.62,111.16,0.0,2026-06-07,2026-06-09,Budapest,Retail Store,Apple Pay,Completed
69696399,20967,698871,1,128.68,0,0.0,128.68,0.0,2025-05-18,2025-05-25,Budapest,Website,Card,Completed
54019106,37136,714879,1,50.09,10,5.01,45.08,6.57,2025-04-11,2025-04-14,Pécs,Website,Card,Completed
72978162,26644,681976,1,66.13,5,3.31,62.82,8.16,2025-02-08,2025-02-13,Kecskemét,Website,Card,Completed
44810607,49073,652521,1,91.62,5,4.58,87.04,7.44,2025-04-03,2025-04-05,Debrecen,Mobile App,Card,Completed
57319530,49073,109171,1,90.9,0,0.0,90.9,5.57,2025-11-09,2025-11-11,Miskolc,Website,Card,Completed
64881239,77262,458528,1,106.8,0,0.0,106.8,5.53,2025-03-01,2025-03-04,Budapest,Mobile App,Google Pay,Completed
76472723,95437,584962,2,54.5,10,10.9,98.1,7.31,2025-06-15,2025-06-18,Nyíregyháza,Website,PayPal,Completed
73768308,45415,254929,1,69.71,25,17.43,52.28,6.74,2026-08-06,2026-08-10,Budapest,Website,Card,Completed
17058498,95437,705929,4,56.41,10,22.56,203.08,5.36,2025-12-22,2025-12-23,Eger,Website,Apple Pay,Completed
76177082,15378,588076,2,175.46,0,0.0,350.92,4.22,2026-04-05,2026-04-06,Budapest,Website,Card,Completed
19232072,39892,371473,1,119.65,0,0.0,119.65,0.0,2025-12-26,2026-01-02,Pécs,Mobile App,Google Pay,Completed
98824056,85983,703219,3,92.23,0,0.0,276.69,0.0,2026-07-16,2026-07-23,Budapest,Website,Apple Pay,Completed
85827221,17471,610661,3,31.15,0,0.0,93.45,6.04,2025-11-11,2025-11-13,Budapest,Website,Apple Pay,Completed
26971750,86989,339301,1,87.59,0,0.0,87.59,6.08,2026-05-11,2026-05-16,Győr,Website,Cash on Delivery,Completed
32275161,51232,183056,1,24.25,0,0.0,24.25,8.99,2025-01-16,2025-01-17,Budapest,Website,Bank Transfer,Completed
94130773,86989,851894,1,90.97,15,13.65,77.32,4.5,2025-05-04,2025-05-08,Budapest,Marketplace,Card,Completed
39633645,45415,352947,1,69.99,5,3.5,66.49,5.62,2025-07-06,2025-07-09,Debrecen,Mobile App,Apple Pay,Completed
13809626,20967,638087,1,127.22,25,31.8,95.42,4.26,2025-12-05,2025-12-10,Szeged,Website,Google Pay,Completed
89276568,49073,839870,1,91.5,10,9.15,82.35,6.5,2026-01-10,2026-01-13,Miskolc,Marketplace,Card,Completed
24008018,37136,512232,2,51.11,0,0.0,102.22,0.0,2026-05-01,2026-05-04,Szeged,Marketplace,Google Pay,Completed
26254158,72384,979755,1,61.06,5,3.05,58.01,3.67,2025-12-21,2025-12-23,Miskolc,Mobile App,Apple Pay,Completed
77845248,45415,535722,1,69.41,0,0.0,69.41,5.47,2025-09-29,2025-10-01,Pécs,Mobile App,Apple Pay,Completed
80739015,77262,103219,2,111.62,0,0.0,223.24,5.41,2025-11-10,2025-11-11,Győr,Website,Bank Transfer,Completed
99267591,20967,312696,1,132.47,0,0.0,132.47,0.0,2025-06-30,2025-07-05,Miskolc,Website,Card,Completed
64554180,86989,925586,1,93.47,0,0.0,93.47,4.04,2026-01-27,2026-01-28,Budapest,Website,PayPal,Completed
74091363,26644,211474,1,63.64,0,0.0,63.64,6.48,2026-01-20,2026-01-22,Székesfehérvár,Website,Bank Transfer,Completed
91030169,85983,575451,1,95.04,5,4.75,90.29,8.41,2026-01-09,2026-01-11,Miskolc,Mobile App,Apple Pay,Completed
81239374,51232,561211,1,24.85,10,2.49,22.36,8.68,2025-05-24,2025-05-28,Nyíregyháza,Mobile App,Card,Completed
64912583,51232,935764,1,24.92,5,1.25,23.67,4.02,2026-05-11,2026-05-11,Győr,Website,Cash on Delivery,Completed
14628351,23801,356196,2,35.73,0,0.0,71.46,8.11,2025-09-08,2025-09-10,Veszprém,Website,Card,Completed
96764306,15378,352947,1,184.64,5,9.23,175.41,0.0,2026-04-12,2026-04-16,Érd,Mobile App,Card,Completed
31796285,85983,555936,1,94.03,10,9.4,84.63,8.29,2025-07-24,2025-07-29,Budapest,Retail Store,Card,Completed
43909114,45415,919535,1,70.16,5,3.51,66.65,5.93,2025-11-15,2025-11-17,Nyíregyháza,Mobile App,Bank Transfer,Returned
58719533,20967,311579,2,130.64,10,26.13,235.15,0.0,2026-02-13,2026-02-14,Szeged,Website,Cash on Delivery,Completed
49379052,20967,144875,1,127.99,5,6.4,121.59,0.0,2025-11-12,2025-11-12,Érd,Mobile App,Card,Completed
94808739,39892,342121,1,123.88,0,0.0,123.88,0.0,2025-05-11,2025-05-12,Szeged,Retail Store,Card,Completed
44617997,51232,405002,1,25.11,0,0.0,25.11,5.45,2026-02-25,2026-02-26,Székesfehérvár,Website,Card,Completed
81008476,51232,184904,1,25.48,5,1.27,24.21,5.22,2025-03-11,2025-03-14,Győr,Website,Card,Completed
93721971,26644,130851,1,67.12,0,0.0,67.12,5.7,2026-04-04,2026-04-07,Budapest,Marketplace,Bank Transfer,Completed
33493298,51232,171600,1,25.74,0,0.0,25.74,3.9,2025-07-29,2025-07-31,Budapest,Marketplace,Card,Completed
76005780,86989,729179,2,88.0,0,0.0,176.0,0.0,2025-08-17,2025-08-19,Pécs,Website,Card,Completed
73621569,85983,585763,1,94.59,0,0.0,94.59,0.0,2025-12-13,,Sopron,Website,Bank Transfer,Cancelled
41328894,77262,818074,1,107.55,20,21.51,86.04,8.32,2026-08-05,2026-08-08,Szeged,Mobile App,Cash on Delivery,Completed
99414856,37136,548033,1,49.61,20,9.92,39.69,7.65,2025-12-03,2025-12-06,Budapest,Website,Card,Completed
56905043,45415,317060,1,69.5,0,0.0,69.5,7.88,2025-09-05,2025-09-06,Budapest,Marketplace,Card,Completed
95311808,15378,453528,2,180.38,0,0.0,360.76,0.0,2026-05-07,2026-05-09,Székesfehérvár,Website,Cash on Delivery,Completed
40948976,49073,133884,2,88.05,5,8.8,167.3,0.0,2025-01-17,2025-01-18,Veszprém,Retail Store,Bank Transfer,Completed
98208414,15378,818074,1,177.04,0,0.0,177.04,0.0,2025-09-29,2025-10-03,Szeged,Website,Card,Completed
71989252,77262,463618,1,107.61,0,0.0,107.61,4.92,2025-12-12,2025-12-16,Pécs,Marketplace,Google Pay,Completed
59888275,85983,751445,3,97.71,0,0.0,293.13,0.0,2026-04-01,2026-04-03,Miskolc,Mobile App,Card,Completed
84363229,20967,574494,1,129.81,0,0.0,129.81,4.53,2026-01-01,2026-01-03,Pécs,Mobile App,Card,Returned
58683147,72384,957301,1,58.95,10,5.9,53.05,7.18,2026-08-14,2026-08-15,Budapest,Mobile App,Card,Completed
38488513,23801,260104,1,36.18,5,1.81,34.37,4.06,2025-04-12,2025-04-15,Budapest,Mobile App,Card,Returned
13333456,51232,842068,1,25.14,25,6.29,18.85,3.72,2026-04-03,2026-04-06,Kecskemét,Website,PayPal,Completed
66376413,85983,781835,1,92.45,10,9.25,83.2,5.8,2025-02-20,2025-02-22,Budapest,Website,Card,Completed
57437252,86989,232212,1,89.79,0,0.0,89.79,5.75,2025-06-04,2025-06-05,Győr,Mobile App,Card,Completed
54183210,85983,771770,1,94.67,0,0.0,94.67,7.38,2026-04-05,2026-04-07,Tatabánya,Website,Cash on Delivery,Completed
19788595,85983,726907,1,95.26,0,0.0,95.26,3.81,2026-06-25,2026-06-28,Érd,Website,PayPal,Completed
66723787,20967,315645,5,131.45,5,32.86,624.39,0.0,2025-09-03,2025-09-04,Veszprém,Website,Cash on Delivery,Completed
88134288,20967,429834,1,134.13,10,13.41,120.72,5.71,2026-08-29,2026-09-02,Budapest,Mobile App,Card,Completed
54683992,95437,976850,1,54.04,0,0.0,54.04,5.39,2025-09-08,2025-09-13,Sopron,Website,PayPal,Completed
37033730,86989,487192,1,90.66,0,0.0,90.66,3.56,2026-04-10,2026-04-14,Pécs,Mobile App,Card,Completed
55197916,26644,575829,1,64.16,0,0.0,64.16,6.34,2025-03-04,2025-03-06,Székesfehérvár,Marketplace,Card,Completed
51884776,85983,826279,1,97.83,0,0.0,97.83,5.29,2026-02-16,2026-02-21,Szombathely,Mobile App,Bank Transfer,Completed
75752365,95437,228457,1,54.68,0,0.0,54.68,6.26,2025-09-30,2025-10-01,Budapest,Website,Card,Completed
94562469,20967,157689,1,127.35,20,25.47,101.88,0.0,2026-05-01,2026-05-03,Debrecen,Retail Store,Apple Pay,Completed
16228284,20967,355191,2,132.87,0,0.0,265.74,0.0,2026-07-01,2026-07-02,Debrecen,Website,Apple Pay,Completed
43261813,26644,675038,1,66.2,0,0.0,66.2,8.11,2025-01-22,2025-01-24,Budapest,Mobile App,Card,Completed
34843607,23801,463618,4,34.05,5,6.81,129.39,7.6,2025-10-29,2025-10-30,Szeged,Retail Store,Card,Completed
58723258,49073,109171,3,91.81,10,27.54,247.89,0.0,2026-08-09,2026-08-15,Budapest,Website,PayPal,Completed
18080432,45415,238951,1,69.2,5,3.46,65.74,5.46,2025-06-22,2025-06-28,Budapest,Mobile App,Card,Completed
48012748,86989,842351,1,92.08,10,9.21,82.87,7.32,2026-06-07,2026-06-09,Eger,Marketplace,PayPal,Completed
86062791,51232,103219,2,24.86,20,9.94,39.78,5.38,2026-08-21,2026-08-26,Székesfehérvár,Website,Google Pay,Completed
46047469,49073,318337,4,89.76,15,53.86,305.18,6.42,2026-08-06,2026-08-08,Sopron,Website,Card,Completed
33748232,77262,155579,1,111.23,0,0.0,111.23,0.0,2025-08-05,2025-08-07,Győr,Website,Google Pay,Completed
33780407,39892,512232,1,123.07,10,12.31,110.76,0.0,2026-05-10,2026-05-14,Székesfehérvár,Mobile App,Apple Pay,Completed
89184361,86989,535672,2,89.18,10,17.84,160.52,0.0,2025-10-01,2025-10-04,Sopron,Website,Google Pay,Completed
23100687,15378,261662,2,178.04,10,35.61,320.47,0.0,2026-05-08,2026-05-13,Budapest,Retail Store,Apple Pay,Completed
66207408,86989,625329,2,91.5,0,0.0,183.0,5.6,2025-02-15,2025-02-16,Budapest,Website,Card,Completed
56163930,45415,352117,2,70.83,0,0.0,141.66,0.0,2025-07-31,2025-08-02,Szeged,Mobile App,Card,Completed
61656894,20967,607258,1,133.1,10,13.31,119.79,0.0,2025-12-04,2025-12-06,Budapest,Marketplace,Card,Completed
72048234,86989,366220,2,92.87,5,9.29,176.45,0.0,2026-05-14,2026-05-16,Debrecen,Mobile App,Bank Transfer,Completed
20773929,37136,634320,1,49.12,0,0.0,49.12,8.65,2025-12-20,2025-12-24,Budapest,Website,Google Pay,Completed
70038491,45415,890206,1,70.53,10,7.05,63.48,8.43,2026-05-09,2026-05-12,Sopron,Website,Google Pay,Completed
95229646,37136,933091,3,51.62,0,0.0,154.86,3.62,2025-06-21,2025-06-23,Budapest,Website,Apple Pay,Completed
77173853,20967,352319,1,133.77,0,0.0,133.77,0.0,2026-07-28,2026-07-31,Budapest,Website,Cash on Delivery,Completed
58469475,86989,403728,1,91.59,10,9.16,82.43,6.86,2025-11-30,2025-11-30,Szeged,Website,Cash on Delivery,Completed
78621548,20967,998760,3,128.44,5,19.27,366.05,0.0,2025-11-29,,Miskolc,Website,Card,Cancelled
77062483,20967,588136,1,131.95,0,0.0,131.95,4.6,2026-05-07,2026-05-10,Miskolc,Website,PayPal,Completed
93607524,23801,895547,2,35.64,10,7.13,64.15,5.58,2025-07-23,2025-07-25,Eger,Mobile App,PayPal,Completed
33476876,45415,370400,3,68.86,15,30.99,175.59,0.0,2026-03-25,2026-03-27,Debrecen,Website,Card,Completed
16245176,23801,725794,2,35.13,20,14.05,56.21,7.62,2025-11-07,2025-11-09,Kecskemét,Website,Card,Completed
23185886,72384,395087,1,61.1,0,0.0,61.1,3.99,2026-01-17,2026-01-20,Budapest,Mobile App,Card,Completed
41600545,45415,295471,1,71.33,20,14.27,57.06,7.59,2026-01-22,2026-01-27,Nyíregyháza,Website,PayPal,Completed
53847371,51232,338479,2,25.55,10,5.11,45.99,5.78,2025-01-15,2025-01-16,Budapest,Website,PayPal,Completed
36482698,72384,801674,1,62.07,10,6.21,55.86,6.09,2025-07-19,2025-07-20,Budapest,Website,Bank Transfer,Completed
21009884,23801,497037,2,34.72,10,6.94,62.5,3.95,2025-06-20,2025-06-24,Miskolc,Retail Store,Card,Completed
48487495,95437,730051,2,55.31,0,0.0,110.62,0.0,2025-09-28,2025-09-30,Budapest,Mobile App,Card,Completed
61191479,86989,703806,2,91.36,15,27.41,155.31,6.69,2026-07-28,2026-07-29,Veszprém,Marketplace,Card,Completed
45510712,51232,867215,2,25.8,20,10.32,41.28,4.47,2025-09-11,2025-09-15,Budapest,Website,Apple Pay,Completed
60539119,37136,950371,1,49.88,0,0.0,49.88,6.31,2025-02-06,2025-02-09,Budapest,Retail Store,Google Pay,Completed
55210711,15378,399232,1,181.07,0,0.0,181.07,5.85,2026-01-08,2026-01-10,Debrecen,Marketplace,Card,Completed
43142162,15378,884155,1,178.74,0,0.0,178.74,7.83,2025-04-06,2025-04-13,Érd,Website,Cash on Delivery,Completed
98475289,77262,923787,1,111.71,0,0.0,111.71,0.0,2026-05-24,2026-05-27,Pécs,Mobile App,Bank Transfer,Completed
21703658,15378,925669,3,180.68,5,27.1,514.94,0.0,2026-03-29,2026-04-05,Budapest,Website,Card,Completed
45259512,45415,172703,1,71.81,0,0.0,71.81,3.68,2025-05-22,2025-05-27,Budapest,Website,Card,Completed
16806563,26644,487192,1,66.67,15,10.0,56.67,5.47,2026-08-04,2026-08-08,Budapest,Mobile App,Cash on Delivery,Completed
75201322,86989,352117,1,90.29,15,13.54,76.75,5.4,2025-04-15,2025-04-16,Budapest,Website,Google Pay,Completed
28537619,20967,447431,1,129.84,10,12.98,116.86,0.0,2025-05-21,2025-05-23,Budapest,Marketplace,Card,Completed
26210859,45415,159275,1,70.43,5,3.52,66.91,7.28,2026-03-24,2026-03-27,Székesfehérvár,Website,Card,Completed
57574795,45415,366798,2,68.45,10,13.69,123.21,0.0,2026-04-12,2026-04-16,Miskolc,Website,PayPal,Completed
66355217,39892,911893,1,118.68,0,0.0,118.68,0.0,2025-12-07,2025-12-14,Budapest,Website,Cash on Delivery,Returned
85160581,23801,540731,2,35.45,10,7.09,63.81,3.95,2026-08-25,2026-08-26,Győr,Marketplace,Card,Completed
47821994,95437,251672,3,53.46,0,0.0,160.38,0.0,2026-01-31,2026-02-04,Budapest,Website,Card,Completed
60823090,86989,831619,1,93.26,10,9.33,83.93,3.53,2025-05-13,2025-05-15,Nyíregyháza,Website,Card,Completed
55226631,95437,632380,1,57.16,5,2.86,54.3,8.83,2026-07-26,2026-07-28,Budapest,Website,PayPal,Completed
37236917,23801,254252,1,35.76,0,0.0,35.76,7.1,2026-03-07,2026-03-12,Miskolc,Retail Store,Apple Pay,Completed
11150207,20967,586787,1,130.9,0,0.0,130.9,0.0,2025-07-15,2025-07-22,Budapest,Website,Card,Completed
77823596,17471,172877,2,29.51,5,2.95,56.07,7.07,2026-03-01,2026-03-05,Győr,Website,Card,Completed
11726990,85983,969188,3,94.17,0,0.0,282.51,0.0,2025-08-30,2025-09-01,Kecskemét,Marketplace,Card,Completed
78704632,23801,276063,2,35.72,0,0.0,71.44,3.77,2025-12-18,2025-12-20,Budapest,Website,Card,Completed
65494086,45415,725794,1,70.81,0,0.0,70.81,7.55,2026-04-08,2026-04-14,Budapest,Mobile App,Bank Transfer,Completed
62997641,37136,274680,2,50.92,15,15.28,86.56,7.78,2025-11-02,2025-11-02,Budapest,Website,Card,Completed
70040767,86989,203142,1,91.62,10,9.16,82.46,8.67,2025-05-07,2025-05-09,Budapest,Marketplace,Google Pay,Completed
61451606,15378,524756,1,175.69,0,0.0,175.69,0.0,2026-01-06,2026-01-08,Miskolc,Mobile App,Card,Completed
26207224,51232,185190,1,25.96,5,1.3,24.66,5.34,2025-12-24,2025-12-28,Budapest,Marketplace,Apple Pay,Completed
97883001,45415,263625,1,72.1,20,14.42,57.68,7.84,2026-06-30,2026-07-01,Budapest,Website,PayPal,Completed
35688260,51232,876834,1,25.23,0,0.0,25.23,3.67,2026-08-03,2026-08-05,Budapest,Marketplace,Card,Completed
79482112,72384,305422,1,60.35,0,0.0,60.35,5.79,2026-03-29,2026-03-31,Budapest,Marketplace,Apple Pay,Completed
35665748,45415,356196,2,72.13,15,21.64,122.62,0.0,2026-02-01,2026-02-02,Budapest,Mobile App,Card,Completed
62452406,20967,731851,1,129.13,0,0.0,129.13,0.0,2025-02-16,2025-02-17,Budapest,Mobile App,Google Pay,Completed
14570336,26644,575829,1,64.2,0,0.0,64.2,3.56,2025-05-26,2025-05-29,Budapest,Website,Cash on Delivery,Completed
91542646,39892,899176,2,123.23,20,49.29,197.17,0.0,2026-07-09,2026-07-15,Eger,Mobile App,Card,Completed
13207827,85983,463225,1,94.58,10,9.46,85.12,6.2,2025-02-06,2025-02-08,Székesfehérvár,Website,Card,Completed
64633208,86989,759301,1,91.82,0,0.0,91.82,6.53,2025-11-07,2025-11-13,Budapest,Mobile App,Apple Pay,Completed
13097784,86989,447236,1,89.62,0,0.0,89.62,4.35,2025-06-16,2025-06-21,Székesfehérvár,Website,Apple Pay,Completed
88899628,72384,592050,1,60.83,0,0.0,60.83,4.59,2025-10-25,2025-10-27,Szombathely,Website,Apple Pay,Completed
68255840,45415,239772,3,71.7,20,43.02,172.08,0.0,2026-05-14,,Budapest,Retail Store,Card,Cancelled
16398263,15378,706912,1,186.1,15,27.91,158.19,5.84,2025-10-23,2025-10-26,Tatabánya,Mobile App,Bank Transfer,Completed
36662180,20967,860165,1,127.4,20,25.48,101.92,0.0,2026-07-12,2026-07-15,Budapest,Marketplace,PayPal,Completed
90228194,49073,151291,1,90.31,0,0.0,90.31,8.17,2025-11-21,2025-11-24,Szombathely,Website,Bank Transfer,Completed
15268848,85983,564700,1,96.53,5,4.83,91.7,8.2,2025-08-12,2025-08-18,Veszprém,Website,Card,Completed
47029359,45415,383578,1,72.17,10,7.22,64.95,3.91,2026-01-23,2026-01-26,Budapest,Mobile App,Google Pay,Completed
29183460,20967,523762,1,132.79,10,13.28,119.51,0.0,2026-06-01,,Szeged,Website,Card,Cancelled
20432578,77262,163679,1,110.51,0,0.0,110.51,0.0,2026-04-20,2026-04-24,Szeged,Website,Card,Completed
32280120,45415,693413,2,70.12,0,0.0,140.24,0.0,2025-04-30,2025-05-01,Budapest,Retail Store,Bank Transfer,Completed
12812065,49073,714879,1,92.69,15,13.9,78.79,3.83,2026-06-01,2026-06-04,Kecskemét,Marketplace,Apple Pay,Completed
74435802,26644,414093,1,66.5,0,0.0,66.5,7.82,2025-05-26,2025-05-30,Kecskemét,Mobile App,Card,Completed
48798609,39892,373397,2,118.27,0,0.0,236.54,4.6,2025-11-09,2025-11-12,Szeged,Website,Bank Transfer,Completed
45738708,86989,311579,1,87.53,5,4.38,83.15,8.44,2025-05-25,2025-05-31,Budapest,Mobile App,Apple Pay,Completed
46868451,23801,549022,5,36.32,0,0.0,181.6,0.0,2026-06-10,2026-06-11,Székesfehérvár,Website,Card,Completed
54469019,49073,564433,1,89.99,10,9.0,80.99,5.37,2025-11-03,2025-11-04,Debrecen,Website,Card,Completed
31708592,49073,131161,1,88.96,0,0.0,88.96,8.93,2025-09-25,2025-09-27,Sopron,Retail Store,Card,Completed
21889453,51232,559367,1,25.04,0,0.0,25.04,4.96,2025-04-09,2025-04-10,Győr,Website,Card,Completed
31441295,86989,238951,1,92.01,10,9.2,82.81,7.69,2026-08-05,2026-08-07,Budapest,Website,Card,Completed
82165019,85983,625329,1,97.73,0,0.0,97.73,7.18,2026-07-09,2026-07-11,Budapest,Website,Cash on Delivery,Completed
52537840,85983,195812,3,93.3,5,13.99,265.91,0.0,2026-08-31,2026-09-02,Szeged,Website,Google Pay,Completed
71287931,45415,826279,1,68.48,5,3.42,65.06,7.64,2025-05-11,2025-05-13,Budapest,Marketplace,Card,Completed
35364806,86989,821400,3,90.87,15,40.89,231.72,0.0,2025-12-28,2026-01-01,Budapest,Website,Apple Pay,Completed
50602343,51232,639159,1,24.78,10,2.48,22.3,4.35,2025-04-12,2025-04-14,Miskolc,Website,Cash on Delivery,Completed
42879739,26644,356196,1,67.49,10,6.75,60.74,4.47,2025-01-04,2025-01-07,Székesfehérvár,Website,Card,Completed
26643555,20967,447431,1,134.7,15,20.2,114.5,0.0,2025-12-19,2025-12-26,Budapest,Mobile App,Google Pay,Completed
68902478,26644,876834,2,65.38,25,32.69,98.07,7.0,2026-07-18,2026-07-21,Debrecen,Website,Cash on Delivery,Completed
56814113,37136,197732,1,48.89,0,0.0,48.89,5.22,2025-01-05,2025-01-06,Szeged,Marketplace,Cash on Delivery,Completed
67305470,15378,252737,1,177.41,0,0.0,177.41,0.0,2025-02-26,2025-03-04,Miskolc,Retail Store,Google Pay,Completed
90474519,49073,886023,1,93.38,0,0.0,93.38,4.0,2025-07-24,2025-07-26,Nyíregyháza,Marketplace,Card,Completed
81367723,85983,243780,1,94.18,25,23.55,70.63,7.18,2025-06-17,2025-06-19,Budapest,Mobile App,Card,Completed
11240854,20967,884155,1,131.07,0,0.0,131.07,0.0,2026-07-12,2026-07-14,Debrecen,Website,Card,Completed
90316789,51232,329638,3,25.47,0,0.0,76.41,6.65,2025-08-01,2025-08-04,Budapest,Website,Cash on Delivery,Completed
80340848,39892,670478,1,118.71,0,0.0,118.71,0.0,2025-02-23,2025-02-24,Debrecen,Website,PayPal,Completed
67395998,15378,731977,1,176.41,5,8.82,167.59,0.0,2026-05-21,2026-05-28,Pécs,Website,Google Pay,Completed
71355895,37136,672560,1,51.04,0,0.0,51.04,5.65,2025-12-23,2025-12-25,Miskolc,Mobile App,Card,Completed
51202275,37136,760123,1,50.74,0,0.0,50.74,4.94,2025-11-04,2025-11-09,Budapest,Website,PayPal,Completed
34324113,37136,369424,1,49.57,0,0.0,49.57,8.89,2025-11-02,2025-11-05,Érd,Mobile App,Card,Completed
82197635,20967,881591,1,133.67,0,0.0,133.67,5.6,2026-03-22,2026-03-28,Budapest,Website,Google Pay,Completed
48180920,72384,453508,2,62.31,0,0.0,124.62,0.0,2026-08-05,2026-08-11,Szeged,Website,Bank Transfer,Completed
61614813,51232,893047,1,24.58,10,2.46,22.12,7.29,2025-09-29,2025-10-01,Budapest,Website,Apple Pay,Completed
58558872,95437,136738,2,56.42,15,16.93,95.91,7.65,2026-06-23,2026-06-24,Veszprém,Mobile App,Google Pay,Completed
82184260,15378,987171,3,176.21,0,0.0,528.63,0.0,2026-03-03,2026-03-08,Budapest,Website,Card,Completed
40880506,51232,761366,4,25.47,15,15.28,86.6,5.98,2026-07-02,2026-07-03,Nyíregyháza,Marketplace,Card,Completed
40686867,72384,926629,5,62.02,20,62.02,248.08,0.0,2025-01-13,2025-01-15,Budapest,Website,Cash on Delivery,Completed
22896502,37136,115516,1,51.77,0,0.0,51.77,4.89,2026-06-29,2026-07-02,Nyíregyháza,Mobile App,PayPal,Completed
95053947,49073,349300,2,92.77,20,37.11,148.43,0.0,2025-10-01,2025-10-03,Győr,Website,Card,Completed
59625481,51232,387737,2,25.17,0,0.0,50.34,5.81,2026-02-22,2026-02-27,Budapest,Marketplace,Bank Transfer,Completed
23069918,51232,549022,1,25.67,15,3.85,21.82,5.19,2025-07-06,2025-07-08,Szeged,Mobile App,Cash on Delivery,Completed
40083591,45415,373080,3,70.01,10,21.0,189.03,5.03,2025-11-26,2025-11-27,Budapest,Website,Card,Completed
71121857,39892,207344,1,117.79,10,11.78,106.01,0.0,2025-08-19,2025-08-24,Debrecen,Website,Bank Transfer,Completed
96217293,26644,555672,1,67.18,10,6.72,60.46,0.0,2025-05-07,,Szeged,Website,Google Pay,Cancelled
54592988,15378,235610,1,175.93,5,8.8,167.13,0.0,2026-06-24,2026-06-26,Budapest,Website,PayPal,Completed
48676070,20967,239772,2,129.03,0,0.0,258.06,4.01,2025-05-07,2025-05-09,Érd,Website,Google Pay,Completed
79074890,72384,408333,1,60.55,5,3.03,57.52,5.62,2026-05-18,2026-05-22,Érd,Website,PayPal,Completed
78185292,86989,920297,1,90.03,0,0.0,90.03,6.39,2026-02-16,2026-02-20,Budapest,Website,Card,Completed
78367301,20967,653573,1,132.43,0,0.0,132.43,0.0,2025-07-12,2025-07-16,Pécs,Mobile App,Card,Returned
48433099,95437,724022,1,56.57,10,5.66,50.91,3.61,2025-06-11,2025-06-13,Debrecen,Marketplace,Google Pay,Completed
25935654,49073,591244,1,87.55,10,8.76,78.79,6.24,2025-07-01,2025-07-04,Tatabánya,Mobile App,PayPal,Completed
81894797,39892,495352,1,124.32,0,0.0,124.32,0.0,2025-10-15,2025-10-20,Érd,Marketplace,Bank Transfer,Completed
86833389,86989,947649,2,91.32,5,9.13,173.51,0.0,2026-03-14,2026-03-15,Budapest,Website,PayPal,Returned
79867616,95437,264437,1,55.7,10,5.57,50.13,6.52,2025-05-19,2025-05-22,Budapest,Retail Store,Card,Completed
77438344,86989,185994,1,89.16,10,8.92,80.24,7.42,2025-11-21,2025-11-24,Budapest,Website,Card,Completed
72312039,45415,459675,2,69.06,0,0.0,138.12,5.23,2025-09-18,2025-09-20,Budapest,Website,Card,Completed
87426658,45415,730051,1,72.61,0,0.0,72.61,6.97,2026-03-30,2026-04-01,Szombathely,Website,Card,Completed
90916192,37136,406346,1,50.14,15,7.52,42.62,8.52,2025-04-20,2025-04-21,Debrecen,Mobile App,Card,Returned
63385999,86989,115516,1,90.92,0,0.0,90.92,5.58,2025-02-14,2025-02-17,Debrecen,Mobile App,Card,Completed
36525627,86989,453524,1,90.04,0,0.0,90.04,5.88,2026-03-21,2026-03-23,Győr,Website,Apple Pay,Completed
50775656,85983,332217,1,95.85,15,14.38,81.47,8.43,2025-05-25,2025-05-30,Eger,Marketplace,Bank Transfer,Completed
70833557,49073,466554,1,90.43,5,4.52,85.91,7.01,2026-08-20,2026-08-23,Győr,Mobile App,Bank Transfer,Completed
71448245,39892,125958,1,122.56,10,12.26,110.3,0.0,2025-08-12,2025-08-15,Budapest,Mobile App,Card,Completed
36664715,85983,402055,2,96.54,0,0.0,193.08,0.0,2026-02-20,2026-02-26,Budapest,Mobile App,Bank Transfer,Completed
30905471,72384,834893,1,59.86,5,2.99,56.87,4.42,2025-03-04,2025-03-10,Budapest,Retail Store,PayPal,Completed
43302998,20967,263290,1,130.57,10,13.06,117.51,0.0,2025-12-10,2025-12-16,Budapest,Mobile App,Card,Completed
78971330,72384,138030,2,59.31,5,5.93,112.69,0.0,2026-02-26,2026-02-28,Debrecen,Mobile App,PayPal,Completed
79769620,20967,385603,3,127.74,0,0.0,383.22,5.41,2025-12-28,2026-01-01,Eger,Website,Card,Completed
68250625,15378,495741,3,175.62,0,0.0,526.86,5.78,2026-05-13,2026-05-14,Szeged,Website,Card,Completed
25323010,45415,472636,1,68.2,10,6.82,61.38,7.62,2025-05-07,2025-05-10,Pécs,Website,Cash on Delivery,Completed
27961481,86989,625329,1,88.43,10,8.84,79.59,6.84,2025-03-01,2025-03-03,Debrecen,Retail Store,Apple Pay,Completed
90677604,26644,581944,1,64.9,0,0.0,64.9,3.81,2026-03-02,2026-03-07,Pécs,Website,Card,Completed
16547834,51232,636439,3,25.3,20,15.18,60.72,5.78,2025-08-11,2025-08-13,Budapest,Mobile App,Apple Pay,Completed
62649983,45415,379921,1,69.44,20,13.89,55.55,5.8,2026-03-20,2026-03-20,Budapest,Marketplace,Google Pay,Completed
89520905,72384,935764,1,58.42,0,0.0,58.42,5.02,2025-11-30,2025-12-03,Székesfehérvár,Website,Card,Completed
21189831,51232,157689,1,25.45,0,0.0,25.45,3.56,2025-11-10,2025-11-14,Budapest,Website,Google Pay,Completed
54750710,15378,969470,1,176.23,10,17.62,158.61,4.19,2026-04-22,2026-04-27,Budapest,Mobile App,Apple Pay,Completed
47476066,49073,690172,2,88.27,10,17.65,158.89,0.0,2025-01-27,2025-01-30,Budapest,Website,Card,Completed
35268259,37136,224896,2,51.57,0,0.0,103.14,3.92,2025-07-02,2025-07-07,Pécs,Website,Cash on Delivery,Completed
60162943,51232,466554,2,24.94,10,4.99,44.89,5.36,2025-05-04,2025-05-07,Nyíregyháza,Marketplace,Card,Completed
26246533,39892,874532,1,118.66,10,11.87,106.79,6.54,2026-01-05,2026-01-08,Tatabánya,Mobile App,Cash on Delivery,Completed
61791411,51232,797683,1,25.69,10,2.57,23.12,5.07,2026-04-12,2026-04-14,Tatabánya,Website,Card,Completed
65423954,37136,432087,3,49.79,25,37.34,112.03,5.07,2026-04-06,2026-04-07,Budapest,Mobile App,Bank Transfer,Completed
79783528,85983,317060,2,98.48,0,0.0,196.96,0.0,2025-11-15,2025-11-19,Pécs,Website,Bank Transfer,Completed
83124871,51232,722757,1,25.69,0,0.0,25.69,6.96,2026-05-31,2026-06-07,Szombathely,Marketplace,Card,Completed
18542125,49073,497037,2,91.72,0,0.0,183.44,0.0,2025-09-24,2025-09-26,Szombathely,Mobile App,Google Pay,Completed
71802260,15378,897895,1,186.35,0,0.0,186.35,0.0,2025-12-04,2025-12-06,Szeged,Mobile App,PayPal,Completed
44503075,86989,390720,1,88.88,10,8.89,79.99,5.67,2026-06-01,2026-06-03,Pécs,Marketplace,Card,Completed
78962292,37136,123371,2,48.79,0,0.0,97.58,7.6,2025-09-08,2025-09-10,Sopron,Website,PayPal,Completed
22399326,20967,203142,1,131.55,0,0.0,131.55,0.0,2025-01-03,2025-01-07,Budapest,Mobile App,PayPal,Completed
84068521,85983,881600,1,93.28,0,0.0,93.28,6.09,2025-05-03,2025-05-06,Szeged,Mobile App,Card,Completed
38763140,15378,516223,2,175.65,0,0.0,351.3,0.0,2025-05-18,2025-05-21,Debrecen,Marketplace,Bank Transfer,Completed
25333786,15378,987761,1,178.28,10,17.83,160.45,0.0,2026-08-02,2026-08-03,Budapest,Website,PayPal,Completed
58782790,85983,605291,1,93.07,5,4.65,88.42,7.27,2026-07-30,2026-08-02,Pécs,Website,Card,Completed
56209574,51232,269814,1,25.1,20,5.02,20.08,5.06,2025-01-20,2025-01-23,Érd,Retail Store,Apple Pay,Completed
68522643,95437,671028,1,55.78,0,0.0,55.78,6.87,2026-05-15,2026-05-17,Nyíregyháza,Website,Apple Pay,Completed
18870936,49073,101683,1,91.79,0,0.0,91.79,4.27,2026-03-03,2026-03-07,Győr,Website,Card,Completed
40345930,86989,516826,2,89.82,10,17.96,161.68,0.0,2026-03-08,,Debrecen,Website,Apple Pay,Cancelled
40174255,86989,165410,1,89.77,10,8.98,80.79,5.18,2026-03-12,2026-03-15,Székesfehérvár,Mobile App,Card,Completed
37905348,72384,564445,1,58.31,10,5.83,52.48,5.16,2026-04-13,2026-04-16,Érd,Website,Card,Completed
59362220,86989,447236,1,91.75,20,18.35,73.4,4.92,2026-07-26,2026-07-27,Nyíregyháza,Website,Card,Completed
99232526,49073,693413,1,91.17,10,9.12,82.05,4.53,2025-11-27,2025-11-29,Budapest,Website,Card,Completed
84648617,49073,818074,1,89.4,10,8.94,80.46,7.4,2025-12-05,2025-12-06,Miskolc,Website,Bank Transfer,Completed
92585884,72384,526711,1,60.28,0,0.0,60.28,8.04,2025-09-20,2025-09-21,Pécs,Website,Bank Transfer,Completed
87371812,20967,951536,2,134.14,5,13.41,254.87,0.0,2025-01-28,2025-01-30,Szombathely,Website,Apple Pay,Completed
25143952,49073,202806,1,88.49,10,8.85,79.64,3.59,2025-12-06,2025-12-10,Szeged,Website,Card,Completed
44640485,86989,377165,1,89.61,10,8.96,80.65,4.8,2026-06-25,2026-06-28,Budapest,Mobile App,Card,Completed
35028164,86989,896153,1,92.64,10,9.26,83.38,8.92,2025-06-29,2025-07-01,Debrecen,Website,Card,Completed
12458043,86989,991220,1,90.31,5,4.52,85.79,5.13,2025-09-09,2025-09-11,Miskolc,Website,PayPal,Completed
42552919,85983,540731,1,95.96,5,4.8,91.16,6.93,2025-07-30,2025-07-31,Szeged,Website,Apple Pay,Completed
82172079,86989,794821,1,87.63,0,0.0,87.63,4.61,2025-05-08,2025-05-09,Székesfehérvár,Website,Card,Completed
88543654,45415,299858,5,71.07,0,0.0,355.35,0.0,2026-08-11,2026-08-14,Budapest,Marketplace,Apple Pay,Completed
31296682,23801,962627,1,36.2,20,7.24,28.96,8.33,2025-07-08,2025-07-10,Budapest,Website,Google Pay,Completed
68229385,95437,225293,2,56.64,20,22.66,90.62,0.0,2026-05-28,,Budapest,Mobile App,Google Pay,Cancelled
76914800,37136,729179,1,49.29,0,0.0,49.29,7.78,2025-03-19,2025-03-23,Budapest,Mobile App,PayPal,Completed
54085294,72384,463618,1,61.57,0,0.0,61.57,8.68,2026-01-22,2026-01-27,Budapest,Marketplace,PayPal,Completed
11979304,86989,453130,3,87.53,10,26.26,236.33,0.0,2025-12-18,2025-12-20,Budapest,Website,Apple Pay,Completed
24434549,45415,233768,1,72.18,0,0.0,72.18,0.0,2025-12-10,,Budapest,Website,Card,Cancelled
63726153,20967,725794,1,132.22,20,26.44,105.78,0.0,2025-11-29,2025-12-05,Székesfehérvár,Website,Card,Completed
46749463,49073,962627,2,91.85,15,27.55,156.15,0.0,2025-05-31,2025-06-01,Budapest,Website,Card,Completed
62614214,51232,977931,1,25.17,20,5.03,20.14,3.64,2025-11-09,2025-11-12,Veszprém,Website,Card,Completed
56497050,95437,751445,2,55.13,10,11.03,99.23,3.54,2026-04-08,2026-04-10,Sopron,Website,Card,Completed
24183046,45415,681157,1,69.39,0,0.0,69.39,3.95,2025-08-31,2025-09-01,Veszprém,Website,Card,Completed
17751721,26644,463428,1,67.38,0,0.0,67.38,3.64,2025-02-19,2025-02-20,Debrecen,Website,Card,Completed
48216840,23801,718697,1,36.25,10,3.62,32.63,7.1,2025-11-10,2025-11-13,Budapest,Website,Card,Completed
45078968,86989,220405,1,89.39,10,8.94,80.45,6.68,2026-01-07,2026-01-08,Érd,Mobile App,Apple Pay,Completed
98940236,72384,103219,3,60.73,10,18.22,163.97,7.19,2026-03-20,2026-03-23,Budapest,Website,Apple Pay,Completed
46182373,49073,101683,1,92.85,0,0.0,92.85,7.73,2026-07-29,2026-08-02,Pécs,Marketplace,PayPal,Completed
82055477,45415,690172,1,68.24,0,0.0,68.24,0.0,2025-12-21,,Szombathely,Mobile App,Card,Cancelled
87229030,86989,479585,1,92.19,15,13.83,78.36,8.63,2026-04-19,2026-04-22,Budapest,Website,Card,Completed
18446445,95437,169345,1,55.34,0,0.0,55.34,7.07,2025-05-10,2025-05-14,Budapest,Website,PayPal,Completed
35639223,23801,349300,2,34.5,10,6.9,62.1,6.54,2025-01-19,2025-01-21,Szeged,Website,Card,Completed
95738617,15378,400505,1,181.28,0,0.0,181.28,0.0,2025-06-10,2025-06-13,Eger,Mobile App,Card,Completed
71361890,86989,316143,1,88.33,0,0.0,88.33,3.71,2026-03-05,2026-03-06,Veszprém,Marketplace,Card,Completed
71133580,45415,507728,2,69.89,0,0.0,139.78,0.0,2026-01-04,2026-01-09,Veszprém,Mobile App,Bank Transfer,Completed
87847963,15378,272393,1,184.41,10,18.44,165.97,0.0,2026-07-03,2026-07-06,Budapest,Marketplace,Card,Completed
37816957,51232,897974,1,25.49,10,2.55,22.94,6.03,2025-12-30,2026-01-06,Debrecen,Mobile App,Bank Transfer,Completed
45754535,72384,727559,4,60.32,20,48.26,193.02,0.0,2025-01-14,2025-01-17,Debrecen,Website,Apple Pay,Completed
15269797,86989,449032,2,91.5,0,0.0,183.0,0.0,2025-09-29,2025-10-01,Budapest,Mobile App,Card,Completed
40127211,85983,751202,4,95.22,5,19.04,361.84,0.0,2026-07-01,2026-07-04,Pécs,Website,Card,Completed
53481420,86989,652094,1,89.89,10,8.99,80.9,5.93,2025-07-15,2025-07-15,Budapest,Marketplace,Apple Pay,Completed
65156759,45415,352117,1,71.23,0,0.0,71.23,7.34,2025-09-27,2025-09-29,Érd,Website,Apple Pay,Completed
61370074,39892,232381,1,122.24,0,0.0,122.24,0.0,2026-04-28,2026-04-30,Szeged,Marketplace,Google Pay,Completed
73776417,26644,165273,1,63.18,0,0.0,63.18,7.22,2025-04-04,2025-04-08,Budapest,Website,Card,Completed
34737405,26644,763630,1,64.37,0,0.0,64.37,6.79,2026-05-13,2026-05-18,Budapest,Retail Store,Apple Pay,Completed
31561769,51232,424475,1,24.89,0,0.0,24.89,6.87,2025-08-08,2025-08-09,Szombathely,Mobile App,Card,Completed
73118627,72384,896458,2,58.48,15,17.54,99.42,6.32,2025-09-17,2025-09-19,Kecskemét,Mobile App,Google Pay,Completed
41419667,26644,342121,1,65.75,10,6.58,59.17,4.05,2025-03-16,2025-03-23,Miskolc,Mobile App,Cash on Delivery,Completed
39266310,51232,705908,1,24.27,0,0.0,24.27,4.82,2025-12-16,2025-12-20,Eger,Mobile App,Cash on Delivery,Completed
41620371,86989,125958,2,88.74,0,0.0,177.48,0.0,2026-04-18,2026-04-19,Sopron,Website,Card,Completed
73825646,86989,218368,1,90.6,0,0.0,90.6,7.19,2025-11-29,2025-11-30,Budapest,Retail Store,Apple Pay,Completed
82603611,17471,983789,1,29.9,0,0.0,29.9,5.2,2026-03-14,2026-03-15,Győr,Mobile App,PayPal,Completed
48044592,72384,643252,3,61.59,10,18.48,166.29,0.0,2025-05-01,2025-05-07,Győr,Retail Store,Google Pay,Returned
43466781,15378,833331,2,187.05,0,0.0,374.1,0.0,2025-04-16,2025-04-23,Veszprém,Website,Card,Completed
88550335,86989,592973,1,89.33,0,0.0,89.33,8.67,2025-11-18,2025-11-21,Érd,Website,Card,Completed
51972652,77262,986489,1,109.14,0,0.0,109.14,7.89,2025-10-17,2025-10-18,Pécs,Website,Apple Pay,Completed
48301098,72384,592973,2,59.09,0,0.0,118.18,0.0,2025-10-20,2025-10-22,Budapest,Mobile App,Card,Completed
35500649,51232,109539,1,24.9,15,3.73,21.17,8.49,2026-03-18,2026-03-24,Tatabánya,Website,Card,Completed
87720759,85983,681157,2,96.53,5,9.65,183.41,0.0,2025-09-29,2025-10-04,Miskolc,Website,PayPal,Returned
25864919,20967,448104,2,132.25,0,0.0,264.5,7.16,2026-08-23,2026-08-24,Székesfehérvár,Mobile App,Google Pay,Completed
31743798,72384,669829,1,58.35,0,0.0,58.35,6.53,2026-07-06,2026-07-08,Budapest,Mobile App,Google Pay,Completed
95777864,51232,938919,1,24.3,0,0.0,24.3,4.2,2025-11-25,2025-11-28,Pécs,Mobile App,Card,Completed
70842179,15378,195812,1,179.82,0,0.0,179.82,0.0,2026-03-12,2026-03-13,Szeged,Mobile App,Card,Completed
70441661,51232,453508,1,25.69,0,0.0,25.69,8.87,2026-05-11,2026-05-13,Győr,Mobile App,Apple Pay,Completed
77104372,51232,221103,2,25.55,15,7.67,43.43,7.05,2025-05-21,2025-05-24,Budapest,Marketplace,Card,Completed
51101021,72384,599642,3,60.65,10,18.2,163.75,0.0,2025-01-22,2025-01-26,Miskolc,Mobile App,Card,Completed
13390968,85983,523762,1,98.01,0,0.0,98.01,3.69,2025-01-31,2025-02-06,Debrecen,Website,Card,Completed
46625826,86989,681976,1,92.83,0,0.0,92.83,7.96,2026-05-07,2026-05-09,Debrecen,Website,PayPal,Completed
24800354,95437,512953,3,54.97,0,0.0,164.91,0.0,2025-05-26,2025-05-27,Budapest,Website,Cash on Delivery,Completed
24920777,51232,299149,2,24.52,10,4.9,44.14,6.1,2026-05-07,2026-05-12,Budapest,Website,Apple Pay,Completed
34912210,39892,505313,1,118.55,15,17.78,100.77,0.0,2025-01-29,2025-01-30,Eger,Website,PayPal,Completed
38334154,72384,124512,2,59.43,25,29.71,89.15,3.88,2025-01-28,2025-01-31,Győr,Website,Card,Completed
45058265,95437,558050,1,54.83,15,8.22,46.61,4.38,2026-06-10,2026-06-11,Székesfehérvár,Marketplace,Apple Pay,Completed
34025413,15378,720701,2,184.54,20,73.82,295.26,0.0,2025-04-24,2025-04-26,Miskolc,Website,Bank Transfer,Returned
74390573,20967,772061,1,133.89,15,20.08,113.81,0.0,2025-05-05,2025-05-09,Győr,Marketplace,Card,Completed
86605542,86989,356176,1,87.6,15,13.14,74.46,6.87,2025-06-26,2025-06-28,Budapest,Website,Card,Completed
87258778,23801,610661,5,35.52,15,26.64,150.96,0.0,2025-12-05,2025-12-08,Kecskemét,Mobile App,Card,Completed
72534153,86989,414093,1,87.42,15,13.11,74.31,6.74,2026-02-12,2026-02-14,Nyíregyháza,Website,Apple Pay,Completed
18115448,86989,258547,1,88.87,20,17.77,71.1,3.75,2026-04-07,2026-04-08,Székesfehérvár,Marketplace,Card,Completed
58194693,39892,318717,1,119.39,10,11.94,107.45,6.45,2025-05-04,2025-05-11,Győr,Website,Card,Completed
31207997,20967,652521,1,130.43,0,0.0,130.43,0.0,2026-04-18,2026-04-21,Nyíregyháza,Mobile App,Google Pay,Completed
27900540,15378,790563,1,178.78,20,35.76,143.02,0.0,2026-04-02,2026-04-04,Miskolc,Mobile App,Card,Completed
77226308,15378,874219,1,182.64,0,0.0,182.64,7.31,2025-01-17,2025-01-21,Budapest,Website,Card,Completed
86427005,86989,989215,2,93.29,0,0.0,186.58,4.76,2025-09-23,2025-09-28,Budapest,Website,PayPal,Completed
16759890,49073,982167,1,92.51,20,18.5,74.01,8.9,2025-07-09,2025-07-11,Győr,Website,Apple Pay,Completed
38480226,45415,270015,1,72.26,10,7.23,65.03,6.86,2025-12-26,2026-01-02,Budapest,Website,Apple Pay,Completed
78422572,72384,295897,1,60.93,0,0.0,60.93,7.92,2025-12-16,2025-12-20,Veszprém,Website,Card,Completed
43608718,85983,523762,1,96.86,0,0.0,96.86,5.89,2025-07-03,2025-07-05,Székesfehérvár,Website,Google Pay,Completed
11992829,23801,581944,1,34.33,10,3.43,30.9,6.43,2025-02-18,2025-02-20,Szeged,Website,Card,Completed
30328463,45415,635014,3,71.76,0,0.0,215.28,0.0,2025-03-18,2025-03-20,Debrecen,Mobile App,PayPal,Completed
68956980,49073,558050,1,87.87,15,13.18,74.69,8.28,2025-12-24,2025-12-29,Budapest,Website,Apple Pay,Completed
30381892,85983,693752,1,93.36,20,18.67,74.69,6.78,2026-08-05,2026-08-12,Eger,Website,Card,Completed
45007166,51232,356432,1,25.23,0,0.0,25.23,4.53,2025-11-08,2025-11-11,Kecskemét,Website,Card,Completed
67849779,51232,731977,1,25.12,0,0.0,25.12,5.55,2026-08-12,2026-08-14,Kecskemét,Website,Card,Completed
36445756,37136,407131,2,50.24,0,0.0,100.48,0.0,2026-02-19,2026-02-22,Budapest,Website,Bank Transfer,Completed
42131249,17471,520296,1,30.59,20,6.12,24.47,7.08,2025-07-01,2025-07-02,Kecskemét,Marketplace,Card,Completed
88775148,51232,270015,1,24.86,15,3.73,21.13,8.71,2025-03-05,2025-03-12,Kecskemét,Retail Store,Apple Pay,Completed
56620492,15378,385603,2,176.51,20,70.6,282.42,0.0,2025-07-17,2025-07-21,Budapest,Mobile App,PayPal,Completed
91116207,49073,788554,1,90.47,0,0.0,90.47,4.96,2026-08-28,2026-09-02,Sopron,Website,Google Pay,Completed
28033619,95437,487192,2,54.67,10,10.93,98.41,4.39,2025-07-06,2025-07-09,Budapest,Mobile App,Apple Pay,Returned
86706553,45415,434635,1,69.96,15,10.49,59.47,8.61,2026-04-13,2026-04-14,Budapest,Marketplace,Bank Transfer,Returned
72836460,72384,356176,1,61.47,10,6.15,55.32,8.7,2026-03-18,2026-03-19,Veszprém,Website,Google Pay,Completed
96266784,15378,564445,1,178.85,0,0.0,178.85,0.0,2025-01-19,2025-01-22,Székesfehérvár,Marketplace,Cash on Delivery,Completed
29288790,77262,227202,1,113.69,20,22.74,90.95,8.62,2025-02-26,2025-03-05,Budapest,Website,Card,Completed
51602291,51232,896458,2,24.3,0,0.0,48.6,8.32,2026-08-23,2026-08-25,Székesfehérvár,Mobile App,Card,Completed
86165016,51232,130755,3,24.64,0,0.0,73.92,6.37,2025-07-23,2025-07-29,Kecskemét,Website,Card,Completed
86681858,51232,295897,1,24.84,0,0.0,24.84,6.21,2026-04-12,2026-04-13,Tatabánya,Website,Bank Transfer,Completed
52495905,51232,487192,1,24.5,0,0.0,24.5,8.74,2026-03-26,2026-03-29,Szeged,Website,Card,Completed
65341504,23801,987761,1,35.35,0,0.0,35.35,7.61,2025-10-04,2025-10-08,Szeged,Website,Card,Completed
77037735,51232,332217,1,24.4,5,1.22,23.18,6.6,2025-11-06,2025-11-08,Győr,Mobile App,PayPal,Completed
26189339,45415,394169,3,69.14,5,10.37,197.05,0.0,2025-05-13,2025-05-14,Budapest,Marketplace,Card,Completed
18987661,37136,856887,1,49.95,15,7.49,42.46,6.43,2025-02-05,2025-02-07,Szombathely,Website,Card,Completed
41936423,85983,512953,1,94.62,5,4.73,89.89,8.27,2026-04-21,2026-04-24,Debrecen,Website,PayPal,Completed
57338452,77262,495352,1,108.68,20,21.74,86.94,8.68,2026-05-24,2026-05-27,Kecskemét,Website,Card,Completed
10843196,49073,861241,1,89.68,0,0.0,89.68,3.56,2025-05-02,2025-05-04,Budapest,Mobile App,Apple Pay,Completed
86054940,26644,617771,2,67.38,0,0.0,134.76,0.0,2025-11-08,2025-11-11,Budapest,Website,Bank Transfer,Completed
61919414,45415,706168,1,71.17,5,3.56,67.61,7.91,2025-06-08,2025-06-09,Székesfehérvár,Website,Card,Completed
87115002,51232,566341,1,25.38,0,0.0,25.38,5.48,2025-12-12,2025-12-14,Budapest,Website,Cash on Delivery,Completed
34281302,20967,726842,1,131.1,5,6.55,124.55,0.0,2026-08-28,2026-08-30,Nyíregyháza,Website,Bank Transfer,Completed
88263812,49073,412411,2,92.95,0,0.0,185.9,0.0,2025-07-04,2025-07-06,Győr,Mobile App,Card,Completed
80324095,77262,295897,1,112.26,10,11.23,101.03,0.0,2026-02-25,2026-03-02,Sopron,Mobile App,Card,Completed
63611483,95437,584962,2,56.21,0,0.0,112.42,0.0,2026-07-03,2026-07-05,Budapest,Website,Google Pay,Completed
74943990,72384,295408,1,61.37,20,12.27,49.1,7.59,2025-08-15,2025-08-17,Budapest,Website,Card,Completed
32035355,86989,463225,1,92.83,0,0.0,92.83,8.48,2025-03-21,2025-03-25,Székesfehérvár,Mobile App,Cash on Delivery,Completed
17781482,86989,401215,1,89.73,20,17.95,71.78,7.07,2025-11-04,2025-11-05,Tatabánya,Website,Google Pay,Completed
10390269,49073,763630,1,88.13,0,0.0,88.13,5.55,2025-12-08,2025-12-12,Budapest,Website,Card,Completed
77051375,45415,897895,3,70.78,0,0.0,212.34,0.0,2026-07-10,2026-07-13,Székesfehérvár,Website,Apple Pay,Completed
44346502,51232,319683,1,24.61,0,0.0,24.61,7.79,2025-05-03,2025-05-07,Budapest,Marketplace,Google Pay,Completed
58330119,51232,202806,1,24.74,10,2.47,22.27,7.84,2025-03-17,2025-03-17,Szeged,Website,Apple Pay,Completed
94545158,37136,893047,1,49.16,0,0.0,49.16,8.38,2025-12-24,2025-12-27,Pécs,Website,Card,Completed
52207447,23801,476304,1,34.17,10,3.42,30.75,6.29,2025-10-28,2025-10-29,Kecskemét,Website,Card,Completed
47403645,86989,387758,1,90.69,10,9.07,81.62,6.59,2025-06-30,2025-07-02,Budapest,Mobile App,Card,Completed
83298137,23801,645743,3,34.31,0,0.0,102.93,0.0,2025-05-20,2025-05-23,Kecskemét,Mobile App,PayPal,Completed
99786188,86989,953459,1,87.82,0,0.0,87.82,5.5,2025-11-14,2025-11-15,Budapest,Website,Card,Completed
23229537,20967,360082,3,131.58,0,0.0,394.74,0.0,2026-01-10,,Budapest,Website,Cash on Delivery,Cancelled
24626598,85983,512953,1,98.7,15,14.8,83.9,8.02,2025-02-20,2025-02-20,Budapest,Marketplace,Google Pay,Completed
50172019,86989,564160,4,92.71,0,0.0,370.84,0.0,2026-03-17,2026-03-21,Győr,Website,PayPal,Completed
81532088,37136,513992,1,48.95,0,0.0,48.95,7.0,2026-07-24,2026-07-28,Érd,Mobile App,Card,Completed
21588139,17471,823480,1,30.41,0,0.0,30.41,6.14,2026-04-20,2026-04-21,Szombathely,Website,Apple Pay,Returned
54977812,72384,137875,1,58.29,0,0.0,58.29,8.29,2026-05-14,2026-05-15,Budapest,Retail Store,Bank Transfer,Completed
28985782,15378,961299,1,184.13,0,0.0,184.13,0.0,2026-05-26,2026-05-26,Pécs,Website,Cash on Delivery,Completed
41616903,23801,301238,2,35.49,0,0.0,70.98,5.84,2026-06-27,2026-06-28,Szeged,Website,Google Pay,Completed
45509394,51232,172703,1,24.81,10,2.48,22.33,4.06,2025-11-12,2025-11-14,Székesfehérvár,Mobile App,Apple Pay,Completed
16527279,15378,719758,2,179.78,20,71.91,287.65,0.0,2026-04-14,2026-04-15,Kecskemét,Mobile App,Card,Completed
85020572,51232,434635,2,25.86,0,0.0,51.72,7.45,2025-02-02,2025-02-06,Budapest,Mobile App,Card,Completed
85589730,95437,303890,1,56.76,25,14.19,42.57,4.21,2025-11-18,2025-11-18,Debrecen,Website,Card,Returned
14500222,51232,719758,1,24.89,15,3.73,21.16,8.35,2025-07-13,2025-07-16,Eger,Marketplace,Cash on Delivery,Completed
96554874,72384,701933,1,62.12,0,0.0,62.12,6.17,2026-08-12,2026-08-14,Debrecen,Website,PayPal,Completed
90856154,77262,781835,3,111.26,15,50.07,283.71,0.0,2026-08-18,,Pécs,Mobile App,Apple Pay,Cancelled
61157533,49073,720701,1,88.81,0,0.0,88.81,3.71,2025-03-15,2025-03-17,Érd,Website,Card,Completed
89452717,86989,142405,1,90.32,10,9.03,81.29,6.56,2026-04-11,2026-04-13,Budapest,Marketplace,Card,Completed
79852349,45415,400505,1,70.37,0,0.0,70.37,6.16,2026-08-17,2026-08-18,Eger,Website,Card,Completed
40515782,77262,293412,1,106.7,5,5.34,101.36,5.51,2026-06-06,2026-06-08,Budapest,Mobile App,PayPal,Completed
66641194,72384,382273,1,61.22,0,0.0,61.22,8.26,2025-03-11,2025-03-16,Budapest,Mobile App,Card,Completed
99709373,49073,945366,1,91.84,20,18.37,73.47,7.58,2026-01-16,2026-01-18,Győr,Mobile App,Card,Completed
96467375,45415,872025,1,69.49,0,0.0,69.49,4.94,2026-04-08,2026-04-09,Győr,Website,PayPal,Completed
12356871,85983,937208,3,97.65,5,14.65,278.3,0.0,2025-01-17,2025-01-18,Tatabánya,Mobile App,Google Pay,Completed
98369257,49073,333570,1,88.18,0,0.0,88.18,4.73,2025-08-27,2025-08-30,Kecskemét,Mobile App,Cash on Delivery,Completed
69364946,20967,249326,1,133.13,0,0.0,133.13,0.0,2025-06-28,2025-07-02,Nyíregyháza,Website,Apple Pay,Completed
70903527,39892,983138,1,123.37,0,0.0,123.37,0.0,2025-12-30,2026-01-02,Szeged,Marketplace,Card,Completed
93615543,85983,964475,1,97.76,25,24.44,73.32,8.52,2026-03-21,2026-03-23,Budapest,Website,Card,Completed
96851177,86989,113453,1,88.05,10,8.8,79.25,4.07,2025-12-16,2025-12-16,Székesfehérvár,Retail Store,Card,Completed
95614307,15378,681157,1,183.03,0,0.0,183.03,6.94,2026-03-29,2026-04-03,Eger,Website,Apple Pay,Completed
17774192,45415,934270,1,70.95,0,0.0,70.95,8.39,2025-12-18,2025-12-23,Budapest,Mobile App,Apple Pay,Completed
52054530,15378,349300,1,178.34,0,0.0,178.34,4.84,2025-03-25,2025-03-31,Szeged,Website,Card,Completed
94416377,23801,677929,3,35.03,15,15.76,89.33,8.45,2026-05-25,2026-05-27,Győr,Website,Bank Transfer,Completed
83228851,72384,160843,1,61.18,0,0.0,61.18,3.62,2026-02-13,2026-02-15,Budapest,Website,Apple Pay,Completed
34988603,20967,237642,1,130.82,0,0.0,130.82,0.0,2025-04-06,2025-04-07,Sopron,Website,Card,Completed
23351592,95437,564433,1,55.38,15,8.31,47.07,5.75,2025-06-15,2025-06-18,Székesfehérvár,Website,Apple Pay,Completed
40699775,17471,677929,2,31.11,15,9.33,52.89,7.01,2026-07-22,2026-07-27,Budapest,Mobile App,PayPal,Completed
69591644,26644,316803,1,65.56,0,0.0,65.56,4.47,2026-03-27,2026-03-30,Szeged,Website,Google Pay,Completed
98876204,20967,101683,1,128.99,0,0.0,128.99,0.0,2026-08-07,2026-08-09,Miskolc,Marketplace,Card,Completed
70507543,45415,741488,1,68.53,10,6.85,61.68,7.2,2026-01-07,2026-01-12,Tatabánya,Mobile App,Google Pay,Completed
53850260,45415,352947,1,68.08,0,0.0,68.08,3.87,2025-04-14,2025-04-16,Budapest,Website,Google Pay,Completed
16037355,20967,549022,1,130.66,0,0.0,130.66,0.0,2026-06-16,2026-06-19,Debrecen,Marketplace,Card,Completed
48245470,26644,981714,2,66.14,20,26.46,105.82,0.0,2025-10-30,2025-11-02,Budapest,Marketplace,Card,Completed
62971000,45415,121775,1,69.79,0,0.0,69.79,4.65,2025-02-23,2025-02-28,Érd,Retail Store,Card,Completed
54028519,37136,330720,3,49.5,0,0.0,148.5,0.0,2025-09-17,2025-09-19,Sopron,Mobile App,Card,Returned
52945020,51232,605837,2,24.51,5,2.45,46.57,8.82,2025-10-06,2025-10-08,Budapest,Mobile App,Card,Returned
33365320,51232,834893,1,24.3,10,2.43,21.87,7.21,2025-06-26,2025-06-29,Székesfehérvár,Mobile App,Bank Transfer,Completed
93091781,49073,941759,1,92.03,25,23.01,69.02,8.66,2026-07-15,2026-07-21,Kecskemét,Website,Cash on Delivery,Completed
52246370,26644,316803,1,64.19,10,6.42,57.77,5.51,2025-03-28,2025-04-01,Nyíregyháza,Website,Card,Completed
54849877,37136,886816,3,49.31,15,22.19,125.74,0.0,2025-08-13,2025-08-13,Budapest,Retail Store,Card,Completed
40699070,26644,239226,1,65.31,0,0.0,65.31,4.29,2026-05-12,2026-05-14,Győr,Mobile App,PayPal,Completed
65063496,20967,788554,1,132.36,15,19.85,112.51,0.0,2026-01-08,2026-01-11,Debrecen,Mobile App,Card,Completed
99203643,86989,802604,1,91.23,0,0.0,91.23,8.45,2025-08-27,2025-09-01,Győr,Mobile App,Google Pay,Completed
90233583,23801,165410,1,35.74,5,1.79,33.95,7.44,2025-07-26,2025-07-31,Győr,Mobile App,Cash on Delivery,Completed
95498412,49073,234000,2,93.3,5,9.33,177.27,0.0,2025-09-25,2025-09-26,Nyíregyháza,Website,PayPal,Completed
78330923,49073,513992,2,92.35,25,46.17,138.53,0.0,2025-04-10,2025-04-12,Miskolc,Website,Google Pay,Completed
77988151,72384,431429,2,60.61,10,12.12,109.1,0.0,2026-02-09,2026-02-11,Budapest,Website,Card,Completed
56237272,20967,645741,2,132.41,0,0.0,264.82,0.0,2025-03-02,2025-03-05,Szombathely,Website,Google Pay,Completed
28553792,51232,446765,2,24.97,0,0.0,49.94,7.11,2025-06-10,2025-06-12,Győr,Website,Apple Pay,Completed
32151743,86989,130865,1,88.93,0,0.0,88.93,6.42,2026-05-29,2026-06-01,Budapest,Mobile App,Apple Pay,Completed
14005026,85983,380978,2,95.26,25,47.63,142.89,0.0,2026-01-31,2026-02-02,Győr,Mobile App,Bank Transfer,Completed
35920912,86989,859568,1,87.46,0,0.0,87.46,4.73,2025-11-26,2025-11-28,Szeged,Mobile App,Apple Pay,Completed
68492418,86989,948623,3,87.72,15,39.47,223.69,0.0,2026-03-06,2026-03-08,Győr,Marketplace,Bank Transfer,Completed
25266612,49073,874219,1,93.25,0,0.0,93.25,8.33,2026-06-25,2026-06-27,Szeged,Mobile App,PayPal,Completed
94437978,72384,961543,3,59.01,0,0.0,177.03,0.0,2025-08-09,2025-08-12,Győr,Website,PayPal,Completed
62283160,45415,184904,1,69.87,10,6.99,62.88,7.65,2025-09-23,2025-09-29,Pécs,Website,Google Pay,Completed
93830727,49073,131071,2,89.0,0,0.0,178.0,0.0,2025-12-14,2025-12-18,Debrecen,Retail Store,Bank Transfer,Completed
92932713,15378,855314,1,176.39,15,26.46,149.93,7.52,2025-04-29,2025-05-03,Nyíregyháza,Mobile App,Card,Completed
36789348,51232,239772,2,25.01,0,0.0,50.02,5.38,2025-02-09,2025-02-12,Budapest,Mobile App,Card,Completed
31480669,86989,670478,2,90.48,10,18.1,162.86,0.0,2025-05-02,2025-05-04,Székesfehérvár,Website,Card,Completed
10509387,26644,130865,1,67.42,0,0.0,67.42,8.53,2026-03-05,2026-03-07,Budapest,Retail Store,Bank Transfer,Completed
91627174,51232,619259,3,24.51,5,3.68,69.85,7.31,2025-07-05,2025-07-07,Tatabánya,Mobile App,Card,Completed
59164688,51232,535672,1,24.87,20,4.97,19.9,7.75,2026-05-09,2026-05-12,Budapest,Website,Google Pay,Completed
82995222,20967,737100,1,134.61,0,0.0,134.61,0.0,2026-07-01,2026-07-04,Budapest,Website,Card,Completed
75622590,85983,813258,1,92.83,0,0.0,92.83,7.43,2025-02-12,2025-02-14,Győr,Website,Card,Completed
76204394,51232,376228,1,24.34,20,4.87,19.47,7.33,2026-08-01,2026-08-04,Debrecen,Mobile App,Card,Completed
25332008,26644,317060,1,63.85,20,12.77,51.08,0.0,2025-11-12,,Budapest,Mobile App,Bank Transfer,Cancelled
19185759,51232,853113,4,25.48,0,0.0,101.92,0.0,2026-04-21,2026-04-25,Debrecen,Website,Google Pay,Completed
74049567,72384,947649,1,60.61,10,6.06,54.55,4.26,2025-04-11,2025-04-14,Budapest,Mobile App,Card,Completed
66458641,51232,448104,1,24.9,25,6.22,18.68,5.35,2025-02-17,2025-02-20,Budapest,Website,PayPal,Completed
24914234,45415,460123,1,69.62,5,3.48,66.14,4.12,2026-06-03,2026-06-05,Budapest,Mobile App,Apple Pay,Completed
44437807,15378,763059,1,182.12,0,0.0,182.12,0.0,2026-04-26,2026-04-28,Szeged,Website,Apple Pay,Completed
88248322,20967,897895,3,131.64,10,39.49,355.43,0.0,2025-07-05,2025-07-06,Budapest,Marketplace,PayPal,Completed
99368554,17471,366798,1,29.74,15,4.46,25.28,5.14,2025-09-07,2025-09-10,Szeged,Website,Card,Completed
50750396,45415,539679,1,69.32,0,0.0,69.32,3.78,2026-07-09,2026-07-13,Szeged,Website,Card,Completed
84639777,51232,136738,2,24.99,0,0.0,49.98,6.04,2026-03-01,2026-03-03,Miskolc,Website,Cash on Delivery,Completed
19356208,49073,432600,1,89.92,0,0.0,89.92,6.69,2025-04-29,2025-05-01,Budapest,Website,Apple Pay,Completed
51355147,45415,590655,1,71.23,5,3.56,67.67,4.05,2026-08-06,2026-08-09,Győr,Website,Card,Completed
48946609,95437,706168,3,56.09,20,33.65,134.62,0.0,2026-03-02,2026-03-05,Veszprém,Marketplace,PayPal,Completed
38278623,17471,901875,1,29.21,15,4.38,24.83,4.82,2025-11-30,2025-12-03,Budapest,Retail Store,Card,Completed
88942007,15378,675038,1,181.5,0,0.0,181.5,0.0,2025-09-03,2025-09-06,Budapest,Mobile App,Card,Completed
85207477,85983,188293,2,93.2,5,9.32,177.08,0.0,2025-11-12,2025-11-13,Budapest,Marketplace,Card,Completed
14478969,20967,585763,1,129.91,10,12.99,116.92,7.22,2026-02-02,2026-02-03,Győr,Website,Card,Completed
48960689,86989,232554,1,91.86,0,0.0,91.86,8.9,2025-01-25,2025-01-26,Budapest,Retail Store,Cash on Delivery,Completed
80615162,85983,672153,1,95.52,0,0.0,95.52,4.68,2026-05-23,2026-05-30,Sopron,Website,Bank Transfer,Completed
48154083,51232,251635,2,25.02,0,0.0,50.04,5.53,2025-09-03,2025-09-05,Budapest,Website,Bank Transfer,Completed
64922769,45415,377165,1,72.64,5,3.63,69.01,6.76,2025-08-31,2025-08-31,Budapest,Website,Cash on Delivery,Completed
52904663,95437,428612,1,56.67,10,5.67,51.0,5.29,2025-02-09,2025-02-11,Sopron,Website,Card,Completed
75024652,49073,383578,1,92.06,10,9.21,82.85,4.01,2026-05-31,2026-06-06,Szeged,Marketplace,Cash on Delivery,Completed
84236405,45415,549022,1,70.45,10,7.05,63.4,4.85,2025-04-05,2025-04-08,Budapest,Website,PayPal,Completed
93045564,20967,309026,1,131.0,0,0.0,131.0,3.87,2025-05-09,2025-05-15,Budapest,Website,Card,Completed
73714582,86989,364783,1,91.88,0,0.0,91.88,7.6,2025-07-15,2025-07-16,Érd,Website,Bank Transfer,Completed
76515721,86989,619259,2,87.4,0,0.0,174.8,4.22,2025-01-20,2025-01-23,Szeged,Marketplace,PayPal,Completed
32122518,85983,124034,1,93.87,10,9.39,84.48,6.88,2025-08-12,2025-08-15,Tatabánya,Marketplace,Card,Completed
64286039,20967,439383,1,131.45,0,0.0,131.45,0.0,2025-12-28,2025-12-31,Pécs,Website,Card,Completed
85753748,86989,217118,1,91.5,0,0.0,91.5,4.88,2025-06-04,2025-06-06,Szeged,Website,Card,Completed
77233163,45415,569983,1,69.8,15,10.47,59.33,7.76,2025-08-18,2025-08-20,Győr,Website,PayPal,Completed
97772819,86989,634320,5,92.06,0,0.0,460.3,0.0,2025-08-02,2025-08-04,Budapest,Website,Bank Transfer,Completed
19779853,77262,609567,1,110.08,0,0.0,110.08,5.4,2026-03-16,2026-03-20,Szeged,Mobile App,Card,Completed
63413101,51232,950151,1,25.1,0,0.0,25.1,5.43,2026-05-04,2026-05-05,Szeged,Website,Card,Completed
51291646,72384,598008,2,61.21,0,0.0,122.42,0.0,2026-03-27,2026-04-02,Szombathely,Marketplace,Bank Transfer,Completed
80638585,20967,231868,2,133.13,10,26.63,239.63,0.0,2025-12-12,2025-12-15,Debrecen,Website,Google Pay,Completed
13852479,86989,184904,1,88.84,5,4.44,84.4,4.18,2025-10-18,2025-10-18,Kecskemét,Website,PayPal,Completed
39204889,20967,201892,2,131.74,0,0.0,263.48,0.0,2026-02-14,2026-02-18,Szeged,Website,Card,Completed
27313302,85983,318337,2,92.38,0,0.0,184.76,0.0,2025-12-13,2025-12-14,Budapest,Website,Card,Completed
59090718,23801,361637,1,35.43,0,0.0,35.43,6.05,2025-03-30,2025-04-01,Budapest,Website,Card,Completed
96580942,86989,652521,2,91.08,0,0.0,182.16,0.0,2026-01-13,2026-01-15,Budapest,Website,PayPal,Completed
96875115,37136,183056,3,50.98,5,7.65,145.29,0.0,2025-06-29,2025-07-01,Kecskemét,Website,Card,Completed
79272580,39892,226609,1,122.57,0,0.0,122.57,4.61,2025-05-27,2025-05-28,Pécs,Marketplace,Card,Completed
55493011,86989,771770,1,87.79,0,0.0,87.79,6.46,2026-07-06,2026-07-07,Szombathely,Marketplace,Card,Completed
87947428,49073,751773,1,87.55,10,8.76,78.79,8.02,2026-02-07,2026-02-12,Pécs,Website,Apple Pay,Completed
55290751,39892,564445,2,118.49,15,35.55,201.43,5.82,2026-05-26,2026-05-27,Budapest,Website,PayPal,Completed
15159194,49073,382406,2,89.7,5,8.97,170.43,0.0,2026-02-17,2026-02-19,Sopron,Website,Card,Completed
87296481,51232,342121,1,25.52,15,3.83,21.69,3.57,2025-09-05,2025-09-06,Érd,Website,Card,Completed
93599291,85983,114223,2,93.29,10,18.66,167.92,5.91,2025-06-24,2025-06-28,Győr,Mobile App,Card,Completed
26368371,49073,506816,2,88.35,0,0.0,176.7,0.0,2025-10-10,2025-10-15,Veszprém,Website,Card,Completed
58755831,49073,352319,2,89.15,0,0.0,178.3,5.75,2026-04-22,2026-04-24,Budapest,Marketplace,Apple Pay,Completed
13674021,39892,272100,3,123.0,5,18.45,350.55,0.0,2026-01-12,2026-01-14,Budapest,Website,Card,Completed
52898929,72384,494097,1,60.18,0,0.0,60.18,4.14,2026-08-02,2026-08-07,Budapest,Retail Store,Apple Pay,Completed
31452204,51232,879641,2,25.44,0,0.0,50.88,8.65,2025-09-20,2025-09-23,Érd,Mobile App,Card,Completed
55368061,17471,730051,1,29.73,0,0.0,29.73,7.82,2026-02-03,2026-02-04,Székesfehérvár,Website,Bank Transfer,Completed
29454692,26644,574494,4,67.2,0,0.0,268.8,0.0,2026-06-22,2026-06-27,Pécs,Website,Card,Completed
71596935,17471,991220,1,29.38,20,5.88,23.5,5.32,2025-01-08,2025-01-11,Kecskemét,Retail Store,Apple Pay,Completed
10357437,86989,132030,1,90.8,0,0.0,90.8,0.0,2026-08-02,,Miskolc,Mobile App,Card,Cancelled
59433877,39892,909182,2,122.91,0,0.0,245.82,0.0,2026-07-13,2026-07-20,Budapest,Website,Card,Completed
81689517,49073,252214,1,93.27,0,0.0,93.27,7.46,2026-07-14,2026-07-18,Budapest,Website,Card,Completed
58528075,45415,717981,1,71.37,0,0.0,71.37,8.07,2026-07-12,2026-07-15,Szeged,Website,Apple Pay,Completed
24267289,85983,297289,2,97.55,10,19.51,175.59,0.0,2025-12-10,2025-12-12,Budapest,Mobile App,Card,Completed
85307763,49073,760123,3,87.41,15,39.33,222.9,0.0,2025-09-06,2025-09-08,Budapest,Mobile App,Card,Completed
93294550,39892,453508,5,117.14,5,29.29,556.41,0.0,2026-04-22,2026-04-28,Budapest,Website,PayPal,Completed
38937296,86989,217118,1,87.64,0,0.0,87.64,5.79,2026-05-21,2026-05-23,Budapest,Mobile App,Apple Pay,Completed
21170637,72384,184516,2,58.89,0,0.0,117.78,4.16,2025-11-27,2025-12-01,Miskolc,Mobile App,Apple Pay,Completed
88624166,45415,165410,2,68.26,0,0.0,136.52,0.0,2026-03-08,2026-03-14,Nyíregyháza,Website,Apple Pay,Completed
28825120,85983,378969,1,95.73,0,0.0,95.73,5.66,2025-04-16,2025-04-18,Budapest,Website,Cash on Delivery,Completed
53872986,85983,495352,1,97.34,0,0.0,97.34,0.0,2025-09-10,,Kecskemét,Website,PayPal,Cancelled
61196604,86989,874219,1,92.97,10,9.3,83.67,7.12,2025-12-15,2025-12-20,Budapest,Mobile App,Apple Pay,Completed
76578366,49073,935264,1,90.49,5,4.52,85.97,6.4,2025-01-11,2025-01-15,Budapest,Website,PayPal,Completed
69754352,45415,355217,4,68.49,0,0.0,273.96,5.42,2025-12-04,2025-12-08,Pécs,Retail Store,Card,Completed
26445038,95437,828855,2,55.9,5,5.59,106.21,0.0,2026-05-03,2026-05-06,Szombathely,Website,Cash on Delivery,Completed
25270797,45415,463618,1,70.29,0,0.0,70.29,6.29,2026-07-19,2026-07-23,Szombathely,Marketplace,Card,Completed
67264725,77262,884155,1,112.26,20,22.45,89.81,5.0,2025-02-12,2025-02-12,Győr,Website,PayPal,Completed
40739913,23801,763059,1,36.03,15,5.4,30.63,4.84,2025-02-11,2025-02-14,Eger,Marketplace,Card,Completed
94539816,85983,104603,3,95.91,5,14.39,273.34,7.68,2025-07-24,2025-07-26,Budapest,Mobile App,Bank Transfer,Completed
55587394,20967,878074,1,127.7,0,0.0,127.7,5.78,2025-05-15,2025-05-18,Pécs,Mobile App,Cash on Delivery,Completed
27207483,15378,218368,1,183.42,0,0.0,183.42,0.0,2025-01-24,2025-01-29,Eger,Marketplace,Bank Transfer,Completed
33005666,85983,802604,1,96.65,5,4.83,91.82,5.67,2025-10-25,2025-10-26,Budapest,Website,Apple Pay,Completed
68569312,72384,890206,1,60.26,0,0.0,60.26,4.7,2025-10-23,2025-10-26,Budapest,Website,Bank Transfer,Completed
83042055,95437,610661,1,56.86,0,0.0,56.86,4.34,2025-12-01,2025-12-05,Nyíregyháza,Website,Card,Completed
16810266,37136,831619,5,50.58,0,0.0,252.9,0.0,2026-03-07,2026-03-10,Szeged,Marketplace,Apple Pay,Completed
83848569,86989,601412,1,91.37,10,9.14,82.23,5.15,2025-12-24,2025-12-26,Szeged,Website,Cash on Delivery,Returned
72389438,23801,826279,1,36.06,0,0.0,36.06,4.81,2026-05-16,2026-05-19,Budapest,Website,PayPal,Completed
98349159,20967,758443,1,132.42,0,0.0,132.42,0.0,2025-07-12,2025-07-18,Érd,Website,PayPal,Completed
37984764,77262,312696,2,112.02,20,44.81,179.23,0.0,2026-05-31,2026-06-02,Tatabánya,Website,Card,Completed
34205641,45415,394169,1,70.93,0,0.0,70.93,4.31,2025-07-12,2025-07-16,Pécs,Mobile App,PayPal,Completed
60840339,23801,951536,3,36.04,0,0.0,108.12,0.0,2025-04-07,2025-04-09,Pécs,Mobile App,Bank Transfer,Completed
59106418,37136,346016,1,50.63,0,0.0,50.63,4.48,2026-07-17,2026-07-20,Miskolc,Mobile App,Cash on Delivery,Completed
31729458,23801,330720,1,34.51,10,3.45,31.06,3.91,2026-01-29,2026-01-31,Budapest,Mobile App,Google Pay,Completed
54360760,15378,866323,1,185.64,10,18.56,167.08,7.36,2025-02-11,2025-02-14,Székesfehérvár,Website,Card,Completed
45510637,15378,873663,2,179.65,10,35.93,323.37,4.57,2026-04-11,2026-04-15,Budapest,Website,Card,Completed
88453691,51232,395087,1,24.84,0,0.0,24.84,4.54,2026-01-09,2026-01-15,Budapest,Marketplace,Card,Returned
93737592,23801,698871,1,35.11,0,0.0,35.11,3.81,2026-01-04,2026-01-06,Pécs,Website,Apple Pay,Completed
72056580,23801,935764,1,35.84,20,7.17,28.67,5.68,2026-05-13,2026-05-17,Budapest,Website,Card,Completed
58421758,86989,558050,2,87.86,0,0.0,175.72,5.56,2025-03-01,2025-03-05,Győr,Website,Apple Pay,Completed
22345224,15378,410557,2,179.02,0,0.0,358.04,0.0,2025-01-31,2025-02-02,Szombathely,Mobile App,Google Pay,Completed
71225163,77262,179132,3,108.58,0,0.0,325.74,0.0,2026-07-16,2026-07-21,Kecskemét,Website,Card,Completed
79554302,45415,309026,1,68.93,5,3.45,65.48,5.13,2026-06-24,2026-06-25,Győr,Marketplace,Bank Transfer,Completed
50939186,15378,300525,2,176.93,5,17.69,336.17,0.0,2025-02-10,2025-02-17,Budapest,Website,Card,Completed
48988823,49073,134178,1,91.2,10,9.12,82.08,5.54,2026-01-23,2026-01-28,Sopron,Mobile App,Google Pay,Completed
23900544,45415,969470,1,70.27,0,0.0,70.27,5.84,2026-01-27,2026-01-30,Debrecen,Website,PayPal,Completed
77615398,15378,559367,1,176.02,15,26.4,149.62,7.9,2025-07-29,2025-08-04,Budapest,Mobile App,Cash on Delivery,Completed
91106594,45415,370716,1,70.46,0,0.0,70.46,6.43,2025-09-24,2025-09-25,Győr,Website,Card,Completed
56743324,49073,861241,1,92.89,0,0.0,92.89,8.22,2026-04-07,2026-04-14,Miskolc,Website,Card,Completed
78202493,86989,271009,1,90.64,15,13.6,77.04,5.07,2026-02-03,2026-02-04,Győr,Website,Google Pay,Completed
92214405,86989,242844,2,92.29,0,0.0,184.58,0.0,2025-12-03,2025-12-07,Budapest,Mobile App,Card,Completed
65800272,72384,352117,1,60.89,0,0.0,60.89,6.0,2025-11-24,2025-11-27,Pécs,Marketplace,Bank Transfer,Returned
40600971,45415,391290,1,68.97,0,0.0,68.97,5.04,2025-06-19,2025-06-21,Kecskemét,Mobile App,Bank Transfer,Completed
12304766,37136,731851,1,49.21,20,9.84,39.37,6.54,2025-06-18,2025-06-19,Szombathely,Retail Store,Card,Completed
24781603,20967,996035,2,133.65,20,53.46,213.84,0.0,2025-11-18,2025-11-21,Szeged,Mobile App,Card,Completed
40571327,49073,226609,1,89.21,15,13.38,75.83,8.38,2026-07-20,2026-07-23,Székesfehérvár,Mobile App,Apple Pay,Completed
85349620,51232,117436,3,25.16,5,3.77,71.71,5.8,2025-12-04,2025-12-04,Budapest,Retail Store,Card,Completed
82494440,95437,876408,1,55.7,15,8.36,47.34,3.81,2025-08-27,2025-09-02,Szombathely,Mobile App,Card,Completed
40603143,86989,955347,1,89.6,0,0.0,89.6,4.48,2025-10-04,2025-10-09,Debrecen,Website,Bank Transfer,Completed
82678079,15378,655289,1,174.91,0,0.0,174.91,0.0,2025-02-03,2025-02-06,Miskolc,Website,PayPal,Completed
40027780,49073,927747,1,89.75,0,0.0,89.75,7.72,2026-08-17,2026-08-18,Budapest,Marketplace,Card,Completed
40252042,39892,955347,1,122.62,10,12.26,110.36,7.48,2025-05-10,2025-05-14,Budapest,Mobile App,Card,Completed
88005673,51232,851894,1,24.63,10,2.46,22.17,3.85,2025-03-26,2025-04-02,Budapest,Mobile App,Bank Transfer,Completed
39698170,77262,229479,1,106.89,10,10.69,96.2,4.05,2025-07-06,2025-07-12,Debrecen,Website,Bank Transfer,Completed
86073587,45415,385603,3,70.35,0,0.0,211.05,0.0,2025-04-10,2025-04-17,Székesfehérvár,Marketplace,PayPal,Completed
82694113,37136,328230,1,49.01,0,0.0,49.01,7.38,2025-06-07,2025-06-08,Veszprém,Website,Card,Completed
26160745,17471,284675,1,29.16,0,0.0,29.16,5.64,2025-08-20,2025-08-26,Budapest,Website,Card,Completed
20533536,45415,654545,1,70.44,0,0.0,70.44,6.27,2026-01-15,2026-01-17,Győr,Marketplace,Card,Completed
14810531,85983,884155,1,95.0,20,19.0,76.0,6.49,2026-01-07,2026-01-10,Budapest,Retail Store,Card,Completed
36843131,86989,136013,1,90.04,0,0.0,90.04,6.43,2026-05-31,2026-06-06,Pécs,Website,Card,Completed
99208739,95437,781835,1,57.05,0,0.0,57.05,6.95,2025-08-10,2025-08-12,Budapest,Website,PayPal,Completed
41186452,86989,245515,1,93.56,0,0.0,93.56,7.87,2026-07-14,2026-07-17,Debrecen,Website,Card,Returned
64616640,26644,472636,1,65.73,0,0.0,65.73,3.88,2025-11-09,2025-11-10,Érd,Mobile App,Apple Pay,Completed
37733831,15378,575474,1,186.87,0,0.0,186.87,0.0,2025-05-06,2025-05-08,Székesfehérvár,Website,Card,Completed
79619586,15378,762677,1,178.68,20,35.74,142.94,0.0,2026-07-27,2026-07-28,Kecskemét,Website,Google Pay,Returned
45420143,15378,851894,2,175.34,0,0.0,350.68,6.71,2026-03-10,2026-03-11,Kecskemét,Website,Apple Pay,Completed
49316708,20967,380978,2,128.23,5,12.82,243.64,0.0,2026-03-13,,Székesfehérvár,Marketplace,Bank Transfer,Cancelled
26745152,86989,176185,1,88.39,5,4.42,83.97,5.97,2025-12-01,2025-12-02,Budapest,Mobile App,Google Pay,Completed
45171848,51232,624678,2,25.44,5,2.54,48.34,6.17,2025-03-28,2025-04-03,Budapest,Marketplace,Card,Completed
52378493,26644,188801,4,66.26,0,0.0,265.04,0.0,2025-12-06,2025-12-08,Sopron,Marketplace,Card,Completed
93615306,86989,797683,1,88.07,0,0.0,88.07,8.86,2026-07-07,2026-07-13,Székesfehérvár,Mobile App,Card,Completed
36362000,77262,911893,1,108.82,10,10.88,97.94,6.95,2025-11-03,2025-11-06,Tatabánya,Website,Card,Completed
71281974,20967,671028,1,134.2,0,0.0,134.2,0.0,2026-07-11,2026-07-16,Debrecen,Website,Cash on Delivery,Completed
71893665,23801,855314,2,35.36,0,0.0,70.72,5.93,2026-03-22,2026-03-25,Szeged,Website,Google Pay,Completed
94386493,20967,795686,1,128.33,15,19.25,109.08,0.0,2025-12-20,2025-12-23,Kecskemét,Website,Card,Completed
12104789,72384,453566,1,61.46,0,0.0,61.46,7.89,2026-06-07,2026-06-09,Kecskemét,Website,Cash on Delivery,Completed
57308575,95437,851894,2,53.96,5,5.4,102.52,0.0,2025-12-12,2025-12-15,Pécs,Mobile App,Card,Completed
32578070,72384,834454,2,58.37,5,5.84,110.9,0.0,2026-04-25,2026-04-26,Budapest,Marketplace,Google Pay,Completed
87770763,85983,559335,2,93.61,5,9.36,177.86,0.0,2025-03-03,2025-03-10,Szombathely,Website,Card,Completed
62535055,15378,159374,1,177.43,0,0.0,177.43,7.66,2025-04-01,2025-04-05,Győr,Website,PayPal,Completed
99529748,20967,950371,5,126.64,10,63.32,569.88,4.12,2026-03-30,2026-03-31,Kecskemét,Website,Cash on Delivery,Completed
34353274,85983,716392,1,95.62,0,0.0,95.62,6.32,2026-07-02,2026-07-05,Miskolc,Website,PayPal,Completed
58219471,85983,619421,3,92.19,5,13.83,262.74,0.0,2026-04-12,2026-04-14,Debrecen,Website,Apple Pay,Completed
17473055,85983,953459,4,96.48,5,19.3,366.62,0.0,2025-05-03,2025-05-05,Budapest,Retail Store,Google Pay,Completed
97290920,45415,630843,2,68.77,10,13.75,123.79,0.0,2026-02-14,2026-02-19,Pécs,Marketplace,Google Pay,Completed
24188494,26644,223994,1,67.57,15,10.14,57.43,4.15,2026-07-15,2026-07-17,Érd,Website,Card,Completed
63974162,45415,458514,1,67.96,20,13.59,54.37,8.64,2026-04-04,2026-04-08,Miskolc,Mobile App,Card,Completed
75985392,77262,867215,1,113.26,0,0.0,113.26,0.0,2026-02-06,2026-02-09,Szeged,Website,Card,Completed
56135476,49073,458514,2,88.98,0,0.0,177.96,0.0,2026-03-31,2026-04-01,Győr,Marketplace,Bank Transfer,Completed
49609616,23801,780246,3,34.71,10,10.41,93.72,4.75,2025-10-23,2025-10-27,Budapest,Marketplace,Card,Completed
20691561,26644,574494,2,64.7,0,0.0,129.4,0.0,2025-06-23,2025-06-24,Veszprém,Website,Card,Completed
16205396,85983,654545,1,97.81,0,0.0,97.81,8.35,2026-03-21,2026-03-22,Budapest,Mobile App,Card,Completed
87299503,86989,171600,1,91.31,15,13.7,77.61,4.18,2025-08-25,2025-08-28,Szeged,Website,PayPal,Returned
36465979,45415,894086,1,71.39,0,0.0,71.39,7.22,2025-10-09,2025-10-11,Budapest,Website,Card,Completed
14284933,86989,236297,1,89.06,25,22.27,66.79,6.17,2025-12-18,2025-12-21,Budapest,Retail Store,Card,Completed
12701811,72384,872081,4,59.54,0,0.0,238.16,0.0,2026-08-13,2026-08-15,Tatabánya,Retail Store,Card,Returned
94268537,72384,888509,1,60.53,0,0.0,60.53,7.32,2026-08-19,2026-08-20,Budapest,Retail Store,Card,Completed
22703160,20967,687791,1,127.41,5,6.37,121.04,0.0,2025-03-27,2025-03-29,Nyíregyháza,Mobile App,Card,Completed
73707604,77262,342121,1,111.5,0,0.0,111.5,0.0,2025-03-05,2025-03-09,Debrecen,Marketplace,Card,Completed
91944840,51232,556753,2,24.34,15,7.3,41.38,4.95,2025-11-24,2025-11-26,Szombathely,Website,PayPal,Completed
94691724,15378,429834,4,178.22,25,178.22,534.66,5.95,2025-01-25,2025-01-26,Székesfehérvár,Mobile App,Apple Pay,Completed
64120312,45415,251635,1,68.28,0,0.0,68.28,4.24,2025-09-05,2025-09-06,Budapest,Mobile App,Card,Completed
24333334,45415,590789,3,70.92,10,21.28,191.48,0.0,2025-01-21,2025-01-21,Budapest,Website,Card,Completed
71153895,77262,855803,1,110.42,0,0.0,110.42,0.0,2026-06-27,2026-06-29,Székesfehérvár,Website,Card,Completed
62102856,15378,370400,2,186.24,0,0.0,372.48,0.0,2025-07-29,2025-08-01,Szeged,Retail Store,Google Pay,Completed
37775301,37136,683728,1,51.41,20,10.28,41.13,4.19,2025-07-13,2025-07-14,Szeged,Marketplace,Apple Pay,Completed
94214482,85983,706912,1,96.67,0,0.0,96.67,8.35,2025-11-30,2025-12-02,Veszprém,Retail Store,PayPal,Completed
41452174,86989,961299,1,88.38,25,22.09,66.29,4.48,2025-11-04,2025-11-07,Érd,Mobile App,Card,Returned
74241235,77262,566714,1,113.71,0,0.0,113.71,0.0,2025-09-25,2025-09-29,Budapest,Website,Card,Completed
80877220,45415,453108,1,70.57,10,7.06,63.51,8.76,2025-04-15,2025-04-16,Budapest,Retail Store,Apple Pay,Completed
22074966,77262,132400,1,106.7,0,0.0,106.7,4.63,2025-02-24,2025-02-27,Nyíregyháza,Website,Card,Completed
61570205,77262,329638,1,112.47,10,11.25,101.22,0.0,2025-12-07,2025-12-09,Pécs,Mobile App,Cash on Delivery,Completed
86382457,85983,400505,2,94.62,0,0.0,189.24,3.56,2025-09-04,2025-09-07,Budapest,Marketplace,Bank Transfer,Completed
92252130,77262,737100,2,107.8,0,0.0,215.6,0.0,2025-09-04,2025-09-07,Székesfehérvár,Mobile App,Card,Completed
84733611,49073,300525,2,93.49,0,0.0,186.98,3.96,2026-03-18,2026-03-21,Tatabánya,Website,Card,Returned
28722376,15378,872081,1,182.01,0,0.0,182.01,0.0,2026-04-28,2026-05-03,Debrecen,Website,Card,Completed
78913966,45415,889915,3,70.61,15,31.77,180.06,0.0,2025-09-09,2025-09-12,Veszprém,Marketplace,Card,Completed
69800321,51232,897048,1,25.69,0,0.0,25.69,4.6,2025-10-04,2025-10-08,Tatabánya,Website,Card,Completed
19369161,20967,703806,3,126.9,15,57.11,323.59,5.44,2025-10-28,2025-10-30,Pécs,Mobile App,Card,Completed
70691933,49073,853113,1,89.05,0,0.0,89.05,3.64,2025-10-31,2025-11-03,Budapest,Website,Card,Completed
91426198,45415,823480,3,69.42,10,20.83,187.43,0.0,2025-09-25,2025-09-26,Kecskemét,Website,Card,Completed
55935357,20967,463618,2,129.78,15,38.93,220.63,0.0,2025-05-14,2025-05-17,Szombathely,Website,Card,Completed
93650200,45415,879641,1,71.75,0,0.0,71.75,7.22,2025-07-26,2025-07-28,Szeged,Marketplace,Card,Completed
56863462,20967,566341,3,129.6,20,77.76,311.04,0.0,2025-04-03,2025-04-04,Szeged,Website,PayPal,Completed
74726955,39892,295408,1,118.28,5,5.91,112.37,0.0,2025-12-08,2025-12-08,Pécs,Mobile App,Card,Completed
81063067,45415,340538,1,69.75,0,0.0,69.75,3.74,2026-07-23,2026-07-27,Nyíregyháza,Mobile App,Card,Completed
51540927,15378,782745,1,174.85,0,0.0,174.85,0.0,2025-01-16,2025-01-21,Nyíregyháza,Website,Card,Completed
55901700,77262,436305,1,111.73,0,0.0,111.73,5.79,2025-09-15,2025-09-16,Budapest,Retail Store,Apple Pay,Completed
85640881,72384,636439,1,59.55,10,5.96,53.59,8.9,2026-07-04,2026-07-05,Nyíregyháza,Website,PayPal,Completed
90195269,49073,962627,1,87.36,0,0.0,87.36,6.48,2025-02-28,2025-03-03,Budapest,Marketplace,PayPal,Completed
39771683,95437,481610,1,54.22,0,0.0,54.22,4.44,2025-12-03,2025-12-05,Budapest,Website,Apple Pay,Completed
21957554,20967,884155,2,129.56,0,0.0,259.12,0.0,2025-06-21,2025-06-24,Veszprém,Website,Card,Completed
17078911,45415,487192,4,69.48,10,27.79,250.13,4.92,2026-05-29,2026-06-03,Szombathely,Website,Card,Completed
18178611,23801,318337,1,34.44,5,1.72,32.72,6.9,2025-08-16,2025-08-19,Nyíregyháza,Website,Card,Completed
43377034,20967,360082,1,132.19,0,0.0,132.19,0.0,2026-04-14,,Nyíregyháza,Marketplace,Apple Pay,Cancelled
98773244,26644,272100,3,63.19,0,0.0,189.57,7.47,2025-12-04,2025-12-10,Budapest,Website,Apple Pay,Completed
63846039,86989,223994,1,89.63,20,17.93,71.7,0.0,2025-10-08,,Budapest,Marketplace,Card,Cancelled
48167912,77262,624678,1,111.78,0,0.0,111.78,7.52,2025-12-10,2025-12-16,Budapest,Retail Store,Card,Completed
59368883,49073,131071,3,89.42,20,53.65,214.61,0.0,2025-11-02,2025-11-05,Debrecen,Mobile App,Card,Completed
63074740,49073,714879,1,91.27,0,0.0,91.27,5.24,2025-11-01,2025-11-02,Budapest,Website,Card,Completed
18261955,39892,142381,2,122.61,15,36.78,208.44,0.0,2025-04-15,,Budapest,Mobile App,PayPal,Cancelled
46069702,51232,962411,4,24.74,0,0.0,98.96,0.0,2025-02-04,,Győr,Mobile App,Card,Cancelled
40789040,72384,467348,1,61.8,5,3.09,58.71,8.93,2025-07-27,2025-08-02,Budapest,Marketplace,Google Pay,Completed
76109428,51232,638087,1,25.55,15,3.83,21.72,3.69,2026-01-11,2026-01-14,Budapest,Website,Card,Completed
37848680,23801,155450,1,36.13,15,5.42,30.71,0.0,2025-08-20,,Budapest,Marketplace,Card,Cancelled
38869497,95437,163195,1,54.14,15,8.12,46.02,6.75,2026-04-29,2026-05-01,Érd,Marketplace,PayPal,Completed
10842917,26644,999670,1,65.25,10,6.53,58.72,5.34,2025-02-05,2025-02-08,Budapest,Website,Card,Completed
20046033,39892,793973,2,123.66,0,0.0,247.32,4.08,2026-01-09,2026-01-13,Miskolc,Mobile App,Card,Completed
62201358,86989,155450,1,89.93,5,4.5,85.43,7.38,2026-07-18,2026-07-19,Budapest,Marketplace,Card,Completed
25525241,23801,494016,1,34.4,5,1.72,32.68,6.26,2025-01-22,2025-01-24,Budapest,Website,Card,Completed
29368135,37136,532068,1,51.79,0,0.0,51.79,7.73,2025-11-30,2025-12-01,Budapest,Website,Google Pay,Completed
26925034,85983,672560,1,94.46,0,0.0,94.46,4.87,2025-09-14,2025-09-18,Budapest,Mobile App,Card,Completed
61933044,85983,191454,1,95.02,5,4.75,90.27,6.5,2025-04-13,2025-04-15,Nyíregyháza,Website,Bank Transfer,Completed
26006462,23801,835429,2,34.56,10,6.91,62.21,5.98,2025-09-30,2025-10-03,Budapest,Website,Card,Completed
39702306,51232,698871,2,25.47,10,5.09,45.85,7.23,2025-10-18,2025-10-19,Pécs,Website,Card,Returned
88877803,86989,429834,1,90.02,0,0.0,90.02,7.7,2025-03-17,2025-03-19,Budapest,Website,Card,Completed
82856760,20967,210299,1,130.28,0,0.0,130.28,0.0,2025-01-03,2025-01-06,Szeged,Website,Card,Completed
10814373,20967,371473,3,131.16,20,78.7,314.78,0.0,2026-02-04,2026-02-08,Budapest,Marketplace,Card,Completed
69364522,86989,484418,1,92.82,10,9.28,83.54,8.4,2026-04-19,2026-04-22,Szombathely,Website,Cash on Delivery,Completed
74629004,37136,669829,2,48.69,10,9.74,87.64,4.11,2025-12-07,2025-12-14,Nyíregyháza,Mobile App,Google Pay,Completed
59430273,86989,202806,4,89.82,5,17.96,341.32,0.0,2026-01-01,2026-01-03,Budapest,Website,Cash on Delivery,Completed
27986635,17471,369405,1,30.45,10,3.04,27.41,6.37,2025-12-08,2025-12-10,Budapest,Website,Card,Completed
65317421,23801,618831,1,35.27,0,0.0,35.27,5.17,2026-01-23,2026-01-25,Budapest,Website,Google Pay,Completed
94919899,95437,963349,1,56.01,0,0.0,56.01,3.8,2025-10-13,2025-10-14,Székesfehérvár,Mobile App,Card,Completed
27902019,15378,982129,1,174.97,0,0.0,174.97,0.0,2026-04-28,2026-05-01,Nyíregyháza,Website,PayPal,Completed
54433209,85983,831619,1,97.74,0,0.0,97.74,8.53,2026-06-09,2026-06-10,Budapest,Mobile App,Apple Pay,Completed
49001272,20967,776749,1,130.08,0,0.0,130.08,0.0,2025-01-04,2025-01-04,Kecskemét,Mobile App,Card,Completed
45595826,86989,731851,1,91.57,0,0.0,91.57,3.99,2026-04-28,2026-04-30,Debrecen,Website,Card,Completed
39050765,45415,844105,1,70.21,15,10.53,59.68,4.53,2025-12-26,2026-01-01,Budapest,Website,PayPal,Completed
18004761,37136,356196,1,49.21,0,0.0,49.21,6.73,2025-12-09,2025-12-12,Szeged,Website,PayPal,Completed
31359699,45415,636282,1,70.74,0,0.0,70.74,4.12,2025-09-11,2025-09-17,Budapest,Website,Google Pay,Completed
92795319,85983,495199,1,95.8,10,9.58,86.22,8.16,2025-02-11,2025-02-13,Szeged,Mobile App,Card,Completed
64684747,15378,619421,2,179.94,20,71.98,287.9,0.0,2025-05-24,2025-05-30,Nyíregyháza,Mobile App,Cash on Delivery,Completed
39348123,26644,508469,1,66.93,0,0.0,66.93,7.72,2025-09-12,2025-09-14,Nyíregyháza,Website,Cash on Delivery,Completed
67967812,39892,487480,2,120.81,5,12.08,229.54,0.0,2025-04-06,2025-04-08,Pécs,Mobile App,Apple Pay,Completed
97759642,37136,225293,2,48.77,15,14.63,82.91,8.37,2026-05-17,2026-05-19,Székesfehérvár,Mobile App,Bank Transfer,Completed
24252813,37136,558494,2,49.44,5,4.94,93.94,3.54,2025-12-22,2025-12-27,Budapest,Website,Card,Completed
14892279,15378,886816,3,184.82,0,0.0,554.46,0.0,2025-07-17,2025-07-24,Budapest,Website,Cash on Delivery,Completed
35355706,51232,636439,1,24.59,20,4.92,19.67,0.0,2026-04-11,,Budapest,Marketplace,Card,Cancelled
80079060,51232,645741,1,25.82,0,0.0,25.82,4.23,2025-08-26,2025-08-28,Budapest,Retail Store,Card,Completed
30332858,15378,191454,2,177.9,10,35.58,320.22,0.0,2025-12-30,2026-01-03,Győr,Website,Google Pay,Completed
29849875,15378,651683,1,183.73,20,36.75,146.98,4.73,2025-08-29,2025-09-01,Székesfehérvár,Retail Store,Google Pay,Completed
56995832,45415,558494,4,71.99,0,0.0,287.96,0.0,2026-08-13,2026-08-17,Szombathely,Website,Cash on Delivery,Completed
82015224,51232,906071,1,25.42,0,0.0,25.42,7.66,2026-04-06,2026-04-13,Budapest,Marketplace,Apple Pay,Completed
36968372,17471,437828,1,29.38,25,7.34,22.04,6.48,2025-09-14,2025-09-16,Budapest,Marketplace,Cash on Delivery,Completed
35027638,15378,373397,1,177.36,10,17.74,159.62,7.53,2026-07-27,2026-07-28,Budapest,Website,Bank Transfer,Completed
96515455,37136,931804,1,51.17,0,0.0,51.17,5.78,2025-11-26,2025-11-28,Székesfehérvár,Website,Card,Completed
46309769,45415,142405,1,68.48,25,17.12,51.36,4.26,2026-02-13,2026-02-15,Miskolc,Retail Store,Google Pay,Completed
46021554,15378,826279,1,182.04,10,18.2,163.84,0.0,2026-07-09,2026-07-11,Nyíregyháza,Website,PayPal,Completed
35750291,86989,172231,1,91.15,0,0.0,91.15,5.65,2025-04-23,2025-04-26,Kecskemét,Retail Store,Google Pay,Completed
46847710,20967,605291,1,128.49,10,12.85,115.64,0.0,2025-05-06,2025-05-10,Pécs,Marketplace,PayPal,Completed
83685171,49073,232420,1,87.54,0,0.0,87.54,3.68,2025-07-31,2025-08-05,Budapest,Mobile App,Google Pay,Completed
26970445,51232,390720,1,25.48,0,0.0,25.48,3.86,2025-08-20,2025-08-23,Szeged,Website,PayPal,Completed
29443543,49073,328230,1,92.4,0,0.0,92.4,4.3,2026-07-28,2026-08-01,Pécs,Website,Apple Pay,Completed
75133419,85983,484418,1,94.45,5,4.72,89.73,3.78,2025-07-10,2025-07-10,Budapest,Mobile App,Apple Pay,Completed
75977854,15378,706778,3,176.65,10,53.0,476.95,0.0,2025-02-13,2025-02-15,Debrecen,Marketplace,PayPal,Completed
83522232,77262,559367,2,111.0,0,0.0,222.0,0.0,2026-07-27,2026-07-29,Kecskemét,Retail Store,Card,Completed
89057542,86989,896153,1,88.44,5,4.42,84.02,7.01,2025-11-08,2025-11-09,Miskolc,Website,PayPal,Completed
22156481,15378,604418,1,180.13,0,0.0,180.13,4.13,2025-02-22,2025-02-24,Budapest,Website,Bank Transfer,Completed
40597329,86989,273306,1,89.03,0,0.0,89.03,3.84,2025-11-17,2025-11-19,Pécs,Website,Card,Completed
12384884,37136,118165,1,50.22,20,10.04,40.18,8.29,2025-08-04,2025-08-07,Budapest,Mobile App,Card,Completed
88018705,51232,718307,1,24.73,20,4.95,19.78,7.75,2026-04-28,2026-05-01,Budapest,Website,Apple Pay,Completed
53642187,17471,224801,1,30.71,0,0.0,30.71,4.98,2025-11-05,2025-11-07,Szombathely,Website,Apple Pay,Completed
54579833,45415,722757,4,70.26,20,56.21,224.83,0.0,2025-09-20,2025-09-24,Veszprém,Website,Google Pay,Completed
78737981,77262,963120,1,113.67,0,0.0,113.67,0.0,2025-03-02,2025-03-08,Szombathely,Marketplace,Cash on Delivery,Completed
41884491,37136,453528,3,48.77,5,7.32,138.99,0.0,2025-11-18,2025-11-21,Miskolc,Website,Cash on Delivery,Completed
74852001,77262,453524,1,108.72,20,21.74,86.98,6.15,2026-04-26,2026-05-02,Debrecen,Marketplace,Bank Transfer,Completed
67453696,49073,749436,2,93.0,0,0.0,186.0,0.0,2026-05-01,2026-05-04,Szeged,Website,Card,Completed
11160269,72384,837450,2,59.59,20,23.84,95.34,7.67,2026-03-03,2026-03-04,Budapest,Marketplace,PayPal,Completed
32526062,15378,722251,1,185.79,10,18.58,167.21,6.16,2025-01-21,2025-01-27,Nyíregyháza,Website,Card,Completed
81541271,51232,388501,1,25.53,0,0.0,25.53,5.97,2025-08-31,2025-08-31,Szeged,Website,Apple Pay,Completed
21326983,49073,618831,2,91.29,10,18.26,164.32,4.75,2025-03-30,2025-04-05,Budapest,Website,Cash on Delivery,Returned
89026687,77262,823480,2,111.86,0,0.0,223.72,6.27,2026-07-28,2026-07-30,Győr,Website,Google Pay,Completed
64171758,49073,763059,1,93.35,0,0.0,93.35,6.09,2025-05-18,2025-05-23,Budapest,Website,Bank Transfer,Returned
14951186,85983,672817,3,96.97,15,43.64,247.27,5.08,2026-04-01,2026-04-03,Érd,Website,Card,Completed
88990767,86989,672153,2,93.59,10,18.72,168.46,3.87,2026-03-15,2026-03-19,Szombathely,Website,Apple Pay,Completed
24908542,45415,234812,2,67.97,20,27.19,108.75,0.0,2025-05-17,,Budapest,Mobile App,Apple Pay,Cancelled
97544374,49073,318337,1,88.01,15,13.2,74.81,6.18,2025-01-02,2025-01-03,Debrecen,Marketplace,Bank Transfer,Completed
23924004,51232,749436,1,25.35,5,1.27,24.08,5.64,2025-11-10,2025-11-11,Budapest,Website,Card,Completed
89239174,37136,254709,1,50.03,0,0.0,50.03,4.23,2025-11-10,2025-11-14,Veszprém,Website,Apple Pay,Returned
21266797,37136,193706,1,49.24,0,0.0,49.24,3.65,2025-01-08,2025-01-14,Budapest,Mobile App,Cash on Delivery,Completed
38711090,72384,240777,1,59.2,0,0.0,59.2,8.04,2025-05-28,2025-05-30,Székesfehérvár,Website,PayPal,Completed
43688138,95437,831619,1,54.64,10,5.46,49.18,7.0,2026-08-19,2026-08-21,Veszprém,Mobile App,Card,Completed
96735216,86989,806184,2,92.82,10,18.56,167.08,0.0,2025-05-24,,Győr,Retail Store,Google Pay,Cancelled
60660540,39892,439918,1,119.65,0,0.0,119.65,7.6,2025-08-10,2025-08-13,Budapest,Website,Bank Transfer,Completed
69922827,85983,299858,1,96.31,0,0.0,96.31,5.02,2025-02-24,2025-02-25,Budapest,Website,Card,Returned
79013628,45415,460471,4,70.06,0,0.0,280.24,3.75,2026-07-03,2026-07-04,Kecskemét,Website,Card,Completed
90471750,39892,714564,1,122.67,0,0.0,122.67,0.0,2025-05-10,2025-05-12,Eger,Website,Card,Completed
75056035,20967,225293,1,126.82,10,12.68,114.14,0.0,2026-08-25,2026-08-31,Kecskemét,Website,Cash on Delivery,Completed
21773421,72384,461587,1,62.12,20,12.42,49.7,7.84,2025-04-04,2025-04-07,Szeged,Website,Card,Completed
26143168,51232,275241,1,25.91,0,0.0,25.91,7.3,2025-05-17,2025-05-18,Pécs,Website,Google Pay,Completed
78889264,86989,497037,3,89.69,10,26.91,242.16,0.0,2026-07-09,2026-07-12,Eger,Mobile App,Apple Pay,Completed
97044165,23801,329638,4,35.32,5,7.06,134.22,0.0,2026-04-07,2026-04-08,Tatabánya,Website,Google Pay,Completed
68392557,15378,852241,1,178.69,0,0.0,178.69,0.0,2026-05-06,2026-05-10,Budapest,Website,Card,Completed
57345106,23801,521093,1,34.44,0,0.0,34.44,7.57,2025-05-13,2025-05-18,Miskolc,Website,Card,Completed
30345864,77262,689774,2,109.21,15,32.76,185.66,6.78,2025-10-03,2025-10-07,Szeged,Website,Bank Transfer,Completed
33356597,86989,888509,2,89.87,15,26.96,152.78,0.0,2025-05-30,2025-06-02,Eger,Mobile App,PayPal,Completed
78176849,49073,867215,1,88.31,0,0.0,88.31,8.21,2026-06-02,2026-06-03,Debrecen,Mobile App,PayPal,Completed
69956066,95437,689774,1,57.02,0,0.0,57.02,6.4,2025-09-12,2025-09-14,Nyíregyháza,Website,PayPal,Completed
85428049,51232,638431,1,25.73,5,1.29,24.44,6.85,2025-08-24,2025-08-25,Debrecen,Website,Card,Completed
74234734,45415,617771,1,68.71,10,6.87,61.84,7.98,2025-12-26,2025-12-28,Pécs,Retail Store,Card,Completed
51734135,95437,933091,1,54.82,0,0.0,54.82,8.97,2026-03-08,2026-03-12,Budapest,Website,Card,Completed
89054499,72384,213981,1,61.6,10,6.16,55.44,8.68,2025-11-12,2025-11-13,Kecskemét,Mobile App,PayPal,Completed
85805978,49073,463225,1,88.33,5,4.42,83.91,6.14,2025-02-26,2025-02-27,Budapest,Website,PayPal,Completed
95696591,86989,565115,1,92.5,5,4.62,87.88,5.11,2026-04-05,2026-04-05,Budapest,Website,Apple Pay,Completed
33321187,72384,696491,3,61.25,20,36.75,147.0,0.0,2026-05-02,2026-05-08,Nyíregyháza,Website,Card,Completed
93170041,45415,876245,1,72.35,0,0.0,72.35,5.93,2025-02-19,2025-02-20,Veszprém,Retail Store,Card,Completed
86617645,95437,443562,1,53.64,15,8.05,45.59,3.62,2026-02-27,2026-02-28,Veszprém,Mobile App,Card,Returned
87303744,51232,879641,2,24.53,5,2.45,46.61,8.1,2025-06-09,2025-06-10,Szombathely,Marketplace,Card,Completed
95217154,37136,720701,1,48.54,0,0.0,48.54,6.39,2025-03-12,2025-03-14,Érd,Website,Apple Pay,Completed
15036471,85983,983105,2,95.67,5,9.57,181.77,0.0,2026-02-20,2026-02-23,Budapest,Mobile App,Apple Pay,Completed
22697593,49073,219553,1,90.94,5,4.55,86.39,4.83,2026-07-20,2026-07-21,Budapest,Website,Card,Completed
89242748,20967,570776,1,128.59,0,0.0,128.59,0.0,2026-07-19,2026-07-25,Budapest,Website,Card,Completed
48930342,20967,608791,2,127.35,5,12.73,241.97,3.81,2025-06-12,2025-06-14,Budapest,Mobile App,PayPal,Completed
46435614,20967,592050,2,129.61,0,0.0,259.22,0.0,2026-03-18,2026-03-22,Érd,Website,Card,Completed
49906831,49073,329638,1,89.82,0,0.0,89.82,8.78,2025-04-15,2025-04-17,Budapest,Mobile App,Google Pay,Completed
57729511,86989,942112,1,93.35,0,0.0,93.35,6.71,2026-07-07,2026-07-09,Miskolc,Mobile App,PayPal,Completed
22423746,86989,109171,1,88.5,0,0.0,88.5,8.22,2025-11-21,2025-11-24,Budapest,Website,Card,Completed
23615568,51232,761524,1,24.45,10,2.45,22.0,7.24,2025-11-04,2025-11-05,Győr,Website,Card,Completed
59895349,45415,274923,2,68.04,0,0.0,136.08,4.46,2025-06-03,2025-06-05,Budapest,Marketplace,Card,Completed
35886952,26644,645743,2,65.11,0,0.0,130.22,0.0,2025-11-29,2025-12-04,Szeged,Website,Apple Pay,Completed
87375282,77262,392883,1,107.31,5,5.37,101.94,0.0,2026-05-10,2026-05-13,Budapest,Marketplace,Cash on Delivery,Completed
47251285,45415,507765,3,71.5,0,0.0,214.5,3.56,2026-03-29,2026-03-31,Budapest,Mobile App,Google Pay,Completed
41421867,23801,121057,2,34.39,10,6.88,61.9,5.96,2025-01-21,2025-01-23,Pécs,Mobile App,Card,Completed
53236622,51232,191454,2,25.62,10,5.12,46.12,8.28,2025-02-22,2025-02-25,Budapest,Mobile App,Card,Completed
63279727,95437,906753,1,55.6,0,0.0,55.6,8.53,2025-10-03,2025-10-05,Budapest,Mobile App,Google Pay,Completed
56977157,85983,385992,2,93.91,10,18.78,169.04,5.64,2025-11-01,2025-11-03,Budapest,Website,Card,Completed
41114168,49073,586787,4,91.35,0,0.0,365.4,0.0,2025-12-08,,Szeged,Mobile App,Card,Cancelled
47195092,20967,864524,1,129.52,15,19.43,110.09,0.0,2025-05-30,2025-06-03,Budapest,Website,Card,Completed
44666075,86989,749402,1,93.36,0,0.0,93.36,4.21,2025-02-20,2025-02-23,Érd,Website,PayPal,Completed
50322081,20967,981115,1,134.28,0,0.0,134.28,0.0,2025-03-06,2025-03-09,Budapest,Mobile App,Apple Pay,Completed
80969638,95437,251672,1,55.73,15,8.36,47.37,6.7,2025-09-21,2025-09-23,Budapest,Website,Apple Pay,Completed
84259141,39892,862431,3,116.72,10,35.02,315.14,0.0,2025-09-01,2025-09-02,Budapest,Website,Card,Completed
35753621,45415,155052,2,71.85,0,0.0,143.7,0.0,2025-02-07,2025-02-10,Sopron,Mobile App,Card,Completed
12075748,20967,253752,1,132.95,15,19.94,113.01,0.0,2025-12-27,2025-12-29,Győr,Mobile App,Bank Transfer,Completed
10599055,39892,276421,1,121.36,0,0.0,121.36,0.0,2025-08-19,2025-08-21,Budapest,Website,Card,Completed
87095229,45415,193706,1,71.86,20,14.37,57.49,5.97,2025-01-27,2025-01-30,Veszprém,Mobile App,Google Pay,Completed
58042347,49073,451105,1,87.41,10,8.74,78.67,7.49,2025-10-10,2025-10-13,Nyíregyháza,Website,Card,Completed
13779829,45415,355971,1,71.49,0,0.0,71.49,7.1,2026-07-21,2026-07-23,Szeged,Mobile App,Apple Pay,Completed
97747230,20967,797683,2,129.97,0,0.0,259.94,0.0,2025-03-07,2025-03-09,Győr,Marketplace,Card,Completed
19962329,39892,188293,1,124.32,0,0.0,124.32,0.0,2026-08-03,2026-08-06,Pécs,Website,Apple Pay,Completed
62809211,95437,119090,1,54.35,10,5.44,48.91,8.45,2025-03-11,2025-03-14,Kecskemét,Mobile App,Card,Completed
69442667,85983,638087,1,92.76,0,0.0,92.76,5.11,2025-07-25,2025-07-26,Tatabánya,Mobile App,Card,Completed
31645481,45415,393046,2,70.75,0,0.0,141.5,4.54,2025-09-22,2025-09-29,Kecskemét,Website,Card,Completed
28626284,51232,276421,1,24.94,20,4.99,19.95,7.12,2025-08-11,2025-08-13,Érd,Website,Bank Transfer,Completed
63734759,72384,790563,1,59.77,0,0.0,59.77,4.55,2026-06-28,2026-06-29,Kecskemét,Website,PayPal,Completed
88999945,45415,436370,2,71.15,20,28.46,113.84,0.0,2026-01-27,,Miskolc,Website,Card,Cancelled
30700636,95437,352117,1,53.83,5,2.69,51.14,8.69,2025-12-18,2025-12-21,Debrecen,Website,Google Pay,Completed
73924413,23801,653573,2,36.02,15,10.81,61.23,3.75,2026-03-26,2026-03-29,Székesfehérvár,Website,Card,Completed
32068943,20967,373080,1,130.2,0,0.0,130.2,0.0,2026-06-28,2026-06-29,Budapest,Website,Card,Completed
35400647,51232,155052,1,24.81,0,0.0,24.81,6.76,2026-02-15,2026-02-16,Budapest,Website,Card,Completed
78031490,85983,473332,1,96.8,0,0.0,96.8,0.0,2025-03-09,,Budapest,Website,Apple Pay,Cancelled
66643008,72384,261662,3,60.72,10,18.22,163.94,0.0,2026-01-26,2026-02-01,Kecskemét,Website,Card,Completed
25463049,72384,654495,1,60.54,5,3.03,57.51,8.39,2025-09-08,2025-09-11,Nyíregyháza,Mobile App,Card,Completed
14848179,86989,220263,2,90.18,0,0.0,180.36,0.0,2025-02-10,2025-02-12,Szeged,Marketplace,Card,Completed
13834259,95437,385603,1,56.37,0,0.0,56.37,3.61,2025-02-26,2025-03-01,Miskolc,Retail Store,Cash on Delivery,Completed
19341151,45415,696502,2,71.02,10,14.2,127.84,7.17,2025-11-15,2025-11-21,Budapest,Mobile App,Cash on Delivery,Completed
29868153,86989,827616,1,88.82,0,0.0,88.82,4.45,2025-07-29,2025-07-30,Székesfehérvár,Mobile App,Google Pay,Completed
49904187,77262,539679,1,109.2,25,27.3,81.9,4.45,2025-04-16,2025-04-18,Budapest,Website,Card,Completed
21359141,37136,364783,3,50.64,0,0.0,151.92,4.34,2026-05-07,2026-05-12,Veszprém,Mobile App,Card,Completed
63146902,26644,185994,2,67.54,0,0.0,135.08,7.14,2025-11-08,2025-11-14,Miskolc,Website,Card,Completed
58960490,86989,160843,1,90.6,5,4.53,86.07,7.24,2026-06-05,2026-06-05,Budapest,Website,Card,Completed
12568106,77262,495741,1,113.61,5,5.68,107.93,0.0,2025-05-26,2025-05-29,Debrecen,Mobile App,Card,Completed
29080572,51232,136738,1,25.43,10,2.54,22.89,5.81,2025-10-23,2025-10-29,Szeged,Marketplace,Apple Pay,Completed
52108473,86989,268958,1,87.92,0,0.0,87.92,6.95,2025-05-19,2025-05-23,Budapest,Website,Card,Completed
93602888,86989,860165,1,90.44,5,4.52,85.92,8.71,2026-07-26,2026-07-28,Szeged,Retail Store,Card,Completed
18537956,23801,390271,1,34.02,0,0.0,34.02,3.56,2025-01-26,2025-01-27,Debrecen,Website,PayPal,Completed
75882516,49073,962411,3,90.64,15,40.79,231.13,0.0,2026-01-10,2026-01-15,Budapest,Website,Card,Completed
89848913,20967,519033,1,133.18,10,13.32,119.86,5.15,2026-05-14,2026-05-15,Budapest,Website,Card,Completed
63814684,86989,254709,2,93.32,0,0.0,186.64,0.0,2025-10-29,2025-10-31,Budapest,Marketplace,Bank Transfer,Completed
76431661,15378,269814,2,180.01,0,0.0,360.02,0.0,2025-09-21,2025-09-22,Pécs,Website,Card,Completed
33400643,51232,389860,4,24.66,0,0.0,98.64,8.76,2025-08-16,2025-08-16,Budapest,Retail Store,Google Pay,Completed
10756930,95437,881604,1,56.94,20,11.39,45.55,4.44,2026-06-30,2026-07-04,Budapest,Website,Google Pay,Completed
43895598,23801,718697,3,34.28,10,10.28,92.56,4.77,2025-08-03,2025-08-05,Kecskemét,Retail Store,Bank Transfer,Completed
27488370,95437,370400,1,57.0,0,0.0,57.0,6.57,2026-08-15,2026-08-20,Győr,Marketplace,PayPal,Completed
31292289,49073,540499,1,90.34,5,4.52,85.82,6.99,2026-03-07,2026-03-10,Tatabánya,Website,Card,Completed
57502080,45415,852244,1,69.96,10,7.0,62.96,7.05,2025-08-29,2025-08-30,Budapest,Website,Card,Completed
88974901,86989,410557,1,89.89,0,0.0,89.89,5.44,2026-02-26,2026-03-04,Budapest,Mobile App,Card,Completed
20182175,45415,379921,1,70.29,10,7.03,63.26,5.63,2026-01-02,2026-01-04,Budapest,Website,Apple Pay,Completed
38605318,86989,136539,3,88.6,15,39.87,225.93,0.0,2025-05-16,2025-05-20,Tatabánya,Website,Card,Completed
50655920,49073,693300,1,87.8,15,13.17,74.63,5.12,2025-11-05,2025-11-10,Budapest,Retail Store,Apple Pay,Completed
53119494,72384,453108,2,58.69,5,5.87,111.51,4.9,2026-01-23,2026-01-25,Győr,Marketplace,Card,Completed
93562621,23801,121315,1,34.71,5,1.74,32.97,3.73,2025-08-22,2025-08-27,Szeged,Marketplace,Card,Completed
82269679,86989,328230,1,87.32,0,0.0,87.32,5.93,2025-06-02,2025-06-06,Szeged,Website,Card,Completed
66598333,95437,172094,1,55.77,15,8.37,47.4,7.37,2026-07-07,2026-07-12,Szombathely,Website,Cash on Delivery,Returned
24173284,17471,629221,1,30.37,0,0.0,30.37,7.72,2025-11-25,2025-11-30,Győr,Website,Card,Completed
56395490,86989,269526,1,87.82,5,4.39,83.43,3.85,2026-04-14,2026-04-15,Miskolc,Mobile App,Bank Transfer,Completed
21633021,51232,479585,5,25.27,0,0.0,126.35,0.0,2025-06-07,2025-06-11,Szeged,Website,Cash on Delivery,Completed
18595619,85983,981115,2,93.05,20,37.22,148.88,0.0,2025-02-17,2025-02-19,Budapest,Marketplace,Card,Completed
94187646,15378,945366,1,179.28,10,17.93,161.35,0.0,2025-06-18,2025-06-21,Nyíregyháza,Mobile App,Bank Transfer,Completed
50153759,45415,604832,1,69.66,10,6.97,62.69,5.82,2026-07-18,2026-07-19,Budapest,Mobile App,Card,Completed
63611998,86989,714564,1,91.03,0,0.0,91.03,7.33,2026-07-29,2026-07-31,Érd,Website,Card,Completed
27654381,15378,698871,2,185.39,0,0.0,370.78,0.0,2025-09-04,2025-09-08,Budapest,Website,Card,Completed
93675678,26644,155052,1,64.32,5,3.22,61.1,5.37,2025-08-10,2025-08-13,Miskolc,Website,Bank Transfer,Completed
29303805,86989,987171,1,93.25,0,0.0,93.25,5.22,2026-02-07,2026-02-12,Győr,Retail Store,Cash on Delivery,Completed
57526300,26644,349300,1,63.44,0,0.0,63.44,7.6,2025-04-24,2025-04-28,Budapest,Website,Card,Completed
23346079,45415,221103,2,71.98,0,0.0,143.96,0.0,2025-03-16,2025-03-20,Budapest,Mobile App,Card,Completed
19153109,86989,272100,3,91.55,5,13.73,260.92,0.0,2025-11-26,2025-11-29,Budapest,Retail Store,Bank Transfer,Completed
88855458,72384,976375,1,60.56,20,12.11,48.45,5.55,2025-01-08,2025-01-10,Budapest,Retail Store,Card,Completed
60121979,15378,998760,2,175.46,10,35.09,315.83,0.0,2026-02-14,2026-02-18,Veszprém,Mobile App,Card,Completed
69728994,26644,389860,1,66.93,0,0.0,66.93,4.24,2025-10-19,2025-10-23,Szeged,Website,Card,Completed
87838876,77262,437828,1,109.13,5,5.46,103.67,0.0,2025-09-04,2025-09-06,Budapest,Mobile App,Cash on Delivery,Completed
29251306,72384,224801,1,62.29,0,0.0,62.29,7.34,2025-03-29,2025-03-31,Budapest,Marketplace,PayPal,Completed
39281681,15378,218368,1,184.21,5,9.21,175.0,7.07,2025-11-11,2025-11-14,Pécs,Website,Cash on Delivery,Completed
68512746,26644,981115,2,64.66,20,25.86,103.46,0.0,2026-05-19,2026-05-21,Győr,Website,Card,Completed
34063028,51232,508469,2,25.54,0,0.0,51.08,5.19,2026-05-10,2026-05-11,Budapest,Mobile App,PayPal,Completed
68188978,51232,935764,1,24.32,10,2.43,21.89,8.83,2025-06-23,2025-06-27,Budapest,Retail Store,Card,Completed
51967580,15378,883490,2,183.28,0,0.0,366.56,0.0,2026-05-14,2026-05-17,Budapest,Marketplace,Card,Completed
45340373,49073,935888,1,88.49,0,0.0,88.49,7.17,2026-02-23,2026-02-23,Szeged,Mobile App,Card,Completed
54175063,45415,475095,2,70.07,0,0.0,140.14,0.0,2025-02-09,2025-02-13,Budapest,Website,Card,Completed
98132895,45415,191454,1,70.45,5,3.52,66.93,5.41,2025-11-07,2025-11-09,Budapest,Website,Card,Completed
67456871,72384,986489,1,59.88,10,5.99,53.89,6.72,2025-05-29,2025-06-01,Nyíregyháza,Website,Card,Completed
42122049,51232,730051,2,24.54,0,0.0,49.08,6.41,2025-11-01,2025-11-03,Kecskemét,Website,Card,Returned
80660980,77262,158847,1,112.26,0,0.0,112.26,7.15,2025-04-18,2025-04-21,Pécs,Website,Cash on Delivery,Completed
44865392,23801,234812,1,34.51,0,0.0,34.51,3.72,2025-11-10,2025-11-11,Budapest,Mobile App,Apple Pay,Returned
63371600,45415,379921,3,72.43,5,10.86,206.43,0.0,2025-10-10,2025-10-16,Budapest,Website,Apple Pay,Completed
21732673,86989,309026,3,92.81,25,69.61,208.82,0.0,2025-09-26,2025-09-27,Érd,Retail Store,Card,Completed
95670933,86989,670478,1,89.7,10,8.97,80.73,7.49,2026-08-19,2026-08-25,Budapest,Website,Cash on Delivery,Completed
20671537,85983,305422,1,95.11,15,14.27,80.84,8.78,2026-03-20,2026-03-20,Szeged,Mobile App,Card,Completed
24529566,17471,405002,3,30.34,10,9.1,81.92,7.89,2025-09-02,2025-09-03,Eger,Website,Card,Completed
48200265,51232,516223,2,25.22,10,5.04,45.4,5.2,2026-07-14,2026-07-17,Budapest,Website,Apple Pay,Completed
44878471,86989,951536,2,89.44,20,35.78,143.1,0.0,2025-09-26,2025-09-29,Budapest,Mobile App,Card,Completed
51895250,20967,453508,1,131.3,5,6.57,124.73,0.0,2026-07-25,2026-07-28,Budapest,Website,Card,Completed
36657786,72384,113826,3,62.01,0,0.0,186.03,0.0,2026-08-13,2026-08-16,Kecskemét,Retail Store,Card,Completed
44086746,45415,786233,1,70.97,0,0.0,70.97,6.34,2025-11-12,2025-11-16,Miskolc,Website,Bank Transfer,Completed
47269720,72384,352319,2,58.68,0,0.0,117.36,0.0,2026-03-13,2026-03-15,Győr,Website,Card,Completed
56371717,49073,172954,1,91.98,0,0.0,91.98,5.9,2026-05-04,2026-05-05,Budapest,Website,PayPal,Completed
38036709,72384,962563,1,60.58,0,0.0,60.58,4.67,2025-05-25,2025-05-29,Budapest,Website,Apple Pay,Completed
30092241,37136,628419,1,51.1,0,0.0,51.1,0.0,2025-06-18,,Budapest,Website,Card,Cancelled
52135008,45415,567968,1,70.66,20,14.13,56.53,5.66,2026-04-07,2026-04-08,Szeged,Website,PayPal,Completed
68700571,45415,242339,1,71.09,15,10.66,60.43,7.76,2026-06-19,2026-06-22,Szombathely,Mobile App,Card,Completed
27449525,23801,191454,1,36.22,15,5.43,30.79,6.48,2026-08-23,2026-08-26,Szombathely,Website,Cash on Delivery,Completed
49131900,20967,977931,2,126.22,0,0.0,252.44,0.0,2026-04-12,2026-04-15,Veszprém,Mobile App,PayPal,Completed
11168500,72384,992933,1,59.41,0,0.0,59.41,4.82,2025-12-21,2025-12-22,Budapest,Website,Card,Completed
82142777,86989,555672,1,88.48,5,4.42,84.06,8.67,2025-08-11,2025-08-16,Budapest,Marketplace,Cash on Delivery,Completed
60901116,45415,982137,1,72.5,20,14.5,58.0,7.91,2026-07-18,2026-07-19,Kecskemét,Website,Card,Completed
11768069,86989,261662,2,93.26,10,18.65,167.87,5.72,2026-02-11,2026-02-14,Sopron,Website,Card,Completed
64328334,95437,297289,2,56.11,10,11.22,101.0,0.0,2025-12-31,2026-01-03,Budapest,Marketplace,Card,Completed
76265205,39892,278512,1,116.75,5,5.84,110.91,0.0,2025-09-26,2025-09-28,Székesfehérvár,Mobile App,Card,Completed
82889249,86989,813258,1,88.01,25,22.0,66.01,4.77,2025-12-04,2025-12-07,Budapest,Mobile App,Cash on Delivery,Completed
75334088,26644,833331,1,63.75,5,3.19,60.56,6.97,2025-05-24,2025-05-31,Miskolc,Mobile App,Card,Completed
13244733,95437,172703,1,55.7,0,0.0,55.7,5.03,2025-11-11,2025-11-15,Debrecen,Mobile App,Card,Completed
78162860,86989,467200,1,89.13,0,0.0,89.13,5.96,2025-07-11,2025-07-12,Budapest,Website,Apple Pay,Completed
65188094,17471,471810,1,30.79,10,3.08,27.71,4.49,2025-12-17,2025-12-18,Szeged,Mobile App,Card,Completed
45923682,20967,617771,1,135.1,15,20.26,114.84,7.93,2025-03-17,2025-03-18,Szeged,Website,Card,Completed
48303645,45415,197732,1,71.03,0,0.0,71.03,0.0,2026-06-26,,Kecskemét,Marketplace,PayPal,Cancelled
76380520,26644,496282,3,64.42,10,19.33,173.93,0.0,2025-12-07,2025-12-14,Nyíregyháza,Mobile App,Apple Pay,Completed
50643156,86989,211474,1,90.41,10,9.04,81.37,7.88,2025-05-12,2025-05-14,Kecskemét,Mobile App,Card,Completed
80361809,45415,334864,1,71.76,15,10.76,61.0,5.56,2025-07-07,2025-07-09,Érd,Website,Bank Transfer,Completed
90435193,51232,795686,1,24.67,10,2.47,22.2,3.62,2025-12-05,2025-12-10,Nyíregyháza,Mobile App,Apple Pay,Completed
29518118,85983,646402,2,92.48,0,0.0,184.96,0.0,2025-04-18,2025-04-19,Budapest,Marketplace,Bank Transfer,Completed
33385357,37136,506816,1,51.5,15,7.72,43.78,7.52,2026-07-11,2026-07-12,Pécs,Website,Card,Completed
91806275,45415,131071,3,69.12,10,20.74,186.62,0.0,2026-07-22,2026-07-27,Pécs,Mobile App,PayPal,Completed
58177443,45415,352680,2,71.28,5,7.13,135.43,7.44,2025-03-01,2025-03-03,Budapest,Retail Store,Google Pay,Completed
59333767,37136,730051,2,50.64,0,0.0,101.28,0.0,2025-04-20,2025-04-26,Budapest,Website,Bank Transfer,Completed
83284537,37136,987171,1,49.81,5,2.49,47.32,4.09,2025-04-23,2025-04-26,Budapest,Mobile App,Card,Completed
21131678,49073,226849,1,87.66,10,8.77,78.89,5.31,2025-03-20,2025-03-22,Szeged,Website,PayPal,Completed
28351105,23801,431429,1,35.72,0,0.0,35.72,5.83,2026-04-09,2026-04-14,Budapest,Website,Apple Pay,Completed
56948526,86989,254929,1,91.09,0,0.0,91.09,4.83,2025-02-07,2025-02-08,Miskolc,Retail Store,Card,Completed
50655770,49073,760123,1,88.7,0,0.0,88.7,5.11,2025-02-10,2025-02-11,Miskolc,Website,Bank Transfer,Completed
74047348,85983,951479,1,96.07,0,0.0,96.07,8.48,2026-05-27,2026-05-31,Székesfehérvár,Website,Bank Transfer,Completed
73614792,85983,861241,1,98.25,15,14.74,83.51,8.59,2026-01-13,2026-01-17,Miskolc,Website,Card,Completed
78382028,15378,564700,1,178.05,0,0.0,178.05,0.0,2025-11-02,2025-11-04,Debrecen,Website,Apple Pay,Completed
33194630,77262,588136,1,113.1,15,16.96,96.14,6.55,2025-06-21,2025-06-26,Érd,Website,PayPal,Completed
87740137,72384,211474,1,60.11,15,9.02,51.09,6.73,2025-05-13,2025-05-17,Budapest,Website,Card,Completed
28417858,15378,653573,1,177.49,0,0.0,177.49,0.0,2025-12-31,2026-01-01,Szeged,Mobile App,Card,Completed
62188906,37136,436047,1,51.0,0,0.0,51.0,6.66,2025-01-30,2025-02-01,Nyíregyháza,Mobile App,Google Pay,Completed
51107058,51232,505234,1,25.88,0,0.0,25.88,5.87,2025-01-13,2025-01-15,Debrecen,Website,Card,Completed
53399321,26644,567968,1,65.19,20,13.04,52.15,4.72,2025-08-30,2025-09-03,Kecskemét,Website,Card,Completed
99227225,45415,726842,1,71.71,10,7.17,64.54,5.32,2025-12-10,2025-12-17,Kecskemét,Mobile App,Card,Completed
76821488,49073,672817,1,89.6,25,22.4,67.2,6.79,2025-12-08,2025-12-11,Nyíregyháza,Mobile App,Apple Pay,Completed
36113893,20967,460921,1,127.36,0,0.0,127.36,0.0,2025-04-11,2025-04-14,Győr,Mobile App,Card,Completed
99230548,51232,227202,2,25.58,0,0.0,51.16,4.38,2025-11-15,2025-11-17,Miskolc,Website,Bank Transfer,Completed
14152193,51232,824778,3,25.92,0,0.0,77.76,6.24,2025-11-09,2025-11-13,Budapest,Website,PayPal,Completed
73798124,23801,392518,1,34.25,0,0.0,34.25,6.84,2025-02-05,2025-02-08,Budapest,Marketplace,Google Pay,Completed
52468835,37136,142381,1,51.94,10,5.19,46.75,5.37,2026-08-26,2026-08-29,Veszprém,Website,Bank Transfer,Completed
83551955,85983,585763,1,96.4,5,4.82,91.58,8.31,2025-08-20,2025-08-27,Budapest,Retail Store,Bank Transfer,Completed
24139707,26644,969188,1,64.83,20,12.97,51.86,5.53,2026-05-12,2026-05-17,Nyíregyháza,Website,Google Pay,Completed
71364446,51232,566341,1,24.7,0,0.0,24.7,8.03,2025-09-27,2025-09-29,Budapest,Website,PayPal,Completed
10878826,85983,706778,1,94.82,0,0.0,94.82,0.0,2025-09-14,,Debrecen,Website,Card,Cancelled
27808557,51232,979755,1,24.4,0,0.0,24.4,3.53,2025-09-11,2025-09-12,Budapest,Marketplace,Card,Completed
64571559,86989,890845,1,90.04,10,9.0,81.04,5.29,2025-11-15,2025-11-20,Debrecen,Website,PayPal,Completed
28165391,85983,387737,4,97.68,0,0.0,390.72,0.0,2025-10-20,2025-10-24,Pécs,Marketplace,Card,Completed
92513084,51232,395087,4,25.66,0,0.0,102.64,0.0,2025-03-09,,Budapest,Retail Store,Apple Pay,Cancelled
47990978,15378,451105,3,181.96,0,0.0,545.88,0.0,2026-07-12,2026-07-15,Debrecen,Mobile App,Card,Completed
66447765,20967,890206,1,131.33,10,13.13,118.2,0.0,2026-05-15,2026-05-16,Miskolc,Website,Cash on Delivery,Completed
54595306,37136,658991,1,49.18,15,7.38,41.8,7.21,2025-04-21,2025-04-22,Pécs,Website,Bank Transfer,Completed
85871798,95437,677929,2,54.78,15,16.43,93.13,4.49,2026-02-09,2026-02-13,Kecskemét,Marketplace,Card,Completed
43921598,17471,706168,1,29.79,0,0.0,29.79,4.35,2026-08-19,2026-08-25,Sopron,Website,Card,Completed
39094120,51232,726907,2,25.29,0,0.0,50.58,7.64,2026-06-07,2026-06-09,Budapest,Mobile App,Google Pay,Completed
78087243,85983,842068,2,97.9,0,0.0,195.8,0.0,2025-11-18,2025-11-21,Budapest,Website,Card,Completed
98307430,20967,145189,1,130.24,0,0.0,130.24,0.0,2025-06-28,2025-06-30,Pécs,Website,Bank Transfer,Completed
78366438,15378,940740,1,178.24,0,0.0,178.24,7.48,2025-12-05,2025-12-08,Kecskemét,Website,Card,Completed
42583777,26644,474810,2,64.18,10,12.84,115.52,7.03,2026-08-13,2026-08-15,Budapest,Website,Google Pay,Completed
68930528,49073,494016,1,91.86,0,0.0,91.86,5.03,2025-02-20,2025-02-22,Budapest,Website,Card,Completed
46583916,15378,152946,1,181.55,0,0.0,181.55,0.0,2025-02-03,2025-02-06,Miskolc,Website,Card,Completed
61313140,37136,410557,1,49.42,0,0.0,49.42,0.0,2026-08-18,,Székesfehérvár,Website,Apple Pay,Cancelled
76665225,45415,540053,1,70.37,10,7.04,63.33,8.74,2026-01-09,2026-01-12,Pécs,Website,Card,Completed
35511001,23801,299858,1,35.21,0,0.0,35.21,4.42,2025-12-27,2025-12-30,Szeged,Website,PayPal,Completed
42249599,49073,937208,3,88.1,0,0.0,264.3,0.0,2026-03-25,2026-03-28,Budapest,Website,Apple Pay,Returned
87429651,86989,402055,5,88.94,0,0.0,444.7,0.0,2025-05-02,2025-05-05,Érd,Website,Card,Completed
80025162,37136,925586,2,51.57,0,0.0,103.14,0.0,2025-02-07,2025-02-09,Tatabánya,Website,Card,Completed
11029244,45415,284218,5,72.32,0,0.0,361.6,0.0,2026-07-04,2026-07-06,Budapest,Website,Cash on Delivery,Completed
21497607,77262,819202,1,110.49,0,0.0,110.49,5.49,2025-10-31,2025-11-01,Szeged,Website,Apple Pay,Completed
72067346,23801,258547,1,34.66,15,5.2,29.46,6.51,2025-03-05,2025-03-08,Debrecen,Website,Card,Completed
35824348,23801,795686,1,34.0,0,0.0,34.0,5.09,2025-05-09,2025-05-14,Érd,Website,Cash on Delivery,Completed
50195667,26644,883490,1,64.81,0,0.0,64.81,8.63,2025-04-13,2025-04-15,Debrecen,Mobile App,Google Pay,Completed
35642740,85983,806207,1,94.49,0,0.0,94.49,8.07,2026-05-27,2026-05-30,Debrecen,Website,Card,Returned
17309477,45415,459675,1,71.7,0,0.0,71.7,7.78,2026-05-20,2026-05-23,Sopron,Marketplace,Card,Completed
43091417,51232,660748,1,24.79,10,2.48,22.31,8.21,2025-02-16,2025-02-18,Budapest,Website,Card,Completed
68148374,85983,124512,1,93.85,5,4.69,89.16,6.27,2025-09-18,2025-09-21,Budapest,Marketplace,Bank Transfer,Completed
99605903,49073,367402,2,88.87,0,0.0,177.74,0.0,2025-08-20,2025-08-23,Budapest,Website,Card,Completed
14219284,26644,381603,2,65.0,10,13.0,117.0,0.0,2025-06-30,2025-07-04,Érd,Marketplace,Bank Transfer,Completed
79205999,49073,506816,1,92.14,5,4.61,87.53,4.21,2025-07-13,2025-07-16,Nyíregyháza,Mobile App,Google Pay,Completed
15099253,15378,780953,1,174.63,10,17.46,157.17,0.0,2025-03-27,2025-03-29,Budapest,Website,Card,Completed
16141642,72384,370400,2,61.56,0,0.0,123.12,0.0,2026-05-25,2026-05-28,Budapest,Website,PayPal,Returned
15468261,20967,163679,1,127.11,10,12.71,114.4,4.49,2026-02-22,2026-02-25,Kecskemét,Mobile App,Bank Transfer,Completed
77881960,15378,457915,1,184.55,0,0.0,184.55,0.0,2026-08-01,2026-08-04,Budapest,Mobile App,Apple Pay,Completed
21577054,20967,329638,1,132.04,15,19.81,112.23,4.43,2026-08-15,2026-08-18,Szeged,Website,Google Pay,Completed
28537746,23801,355971,1,34.27,0,0.0,34.27,6.28,2026-06-08,2026-06-09,Budapest,Mobile App,Cash on Delivery,Completed
40378540,86989,339188,1,87.56,5,4.38,83.18,4.87,2025-11-09,2025-11-12,Szeged,Website,Card,Completed
62510272,15378,250783,2,186.09,0,0.0,372.18,6.91,2025-08-06,2025-08-08,Sopron,Website,Card,Completed
83114418,37136,363865,1,49.55,0,0.0,49.55,6.17,2026-07-02,2026-07-08,Szeged,Website,Card,Completed
14977848,26644,656708,1,65.46,5,3.27,62.19,5.88,2025-11-12,2025-11-13,Budapest,Marketplace,Apple Pay,Completed
72453744,26644,909482,2,66.38,25,33.19,99.57,7.48,2026-03-01,2026-03-03,Budapest,Website,Card,Completed
19533382,49073,897048,2,90.7,20,36.28,145.12,0.0,2026-01-07,2026-01-11,Budapest,Mobile App,Card,Completed
65975035,77262,439918,2,114.34,5,11.43,217.25,4.5,2025-12-12,2025-12-16,Érd,Mobile App,Apple Pay,Completed
55924808,45415,117761,1,68.32,5,3.42,64.9,5.87,2026-08-03,2026-08-04,Budapest,Website,Google Pay,Completed
36912922,95437,782745,1,54.16,0,0.0,54.16,5.41,2025-03-05,2025-03-12,Veszprém,Mobile App,Google Pay,Completed
52257162,72384,360082,1,61.07,0,0.0,61.07,4.68,2026-08-04,2026-08-06,Pécs,Mobile App,Card,Completed
14327765,20967,976850,1,128.93,0,0.0,128.93,0.0,2025-04-18,2025-04-20,Kecskemét,Website,Bank Transfer,Completed
83247550,72384,731296,1,62.06,0,0.0,62.06,5.38,2025-04-22,2025-04-25,Debrecen,Website,Google Pay,Completed
66790030,49073,232381,2,89.23,0,0.0,178.46,0.0,2026-07-12,2026-07-15,Szeged,Website,Cash on Delivery,Completed
72539136,20967,165273,1,131.34,0,0.0,131.34,6.67,2025-09-17,2025-09-20,Debrecen,Retail Store,Card,Completed
72164479,51232,861241,2,25.83,10,5.17,46.49,8.11,2026-07-01,2026-07-04,Miskolc,Retail Store,Google Pay,Completed
71440320,39892,605291,1,117.56,5,5.88,111.68,0.0,2026-02-03,2026-02-05,Budapest,Marketplace,Card,Completed
16990583,49073,881591,1,89.83,10,8.98,80.85,7.01,2026-04-13,2026-04-15,Sopron,Mobile App,Card,Completed
60300229,39892,185994,1,117.68,10,11.77,105.91,0.0,2026-06-08,2026-06-09,Pécs,Website,Cash on Delivery,Completed
20930256,86989,681073,1,90.05,0,0.0,90.05,7.11,2025-08-07,2025-08-08,Budapest,Website,Card,Completed
24034286,20967,718697,1,132.6,0,0.0,132.6,3.53,2025-08-10,2025-08-11,Budapest,Website,Card,Completed
92783591,15378,925586,1,181.11,20,36.22,144.89,0.0,2025-12-25,2025-12-28,Debrecen,Mobile App,Card,Completed
64162760,72384,588076,1,61.31,0,0.0,61.31,3.61,2026-07-24,2026-07-26,Budapest,Website,Bank Transfer,Completed
42907437,77262,924438,1,113.81,20,22.76,91.05,7.65,2025-12-17,2025-12-19,Győr,Marketplace,PayPal,Completed
75035558,49073,737100,1,92.02,0,0.0,92.02,8.01,2026-04-17,2026-04-19,Nyíregyháza,Mobile App,Apple Pay,Completed
18388659,23801,780953,1,34.32,10,3.43,30.89,7.37,2025-10-01,2025-10-07,Eger,Website,Card,Completed
33881451,49073,605291,2,89.92,20,35.97,143.87,5.83,2025-12-24,2025-12-26,Miskolc,Website,Apple Pay,Completed
17648971,45415,297289,2,71.23,5,7.12,135.34,0.0,2026-01-11,2026-01-12,Győr,Website,Card,Completed
93917182,20967,761366,2,129.24,0,0.0,258.48,3.65,2025-10-30,2025-10-31,Debrecen,Mobile App,Card,Completed
79620921,51232,981714,1,25.75,5,1.29,24.46,8.65,2025-03-28,2025-04-01,Budapest,Mobile App,Apple Pay,Completed
17961148,45415,439383,1,72.4,0,0.0,72.4,4.97,2025-12-23,2025-12-24,Győr,Mobile App,Bank Transfer,Completed
37186819,86989,272393,2,89.99,0,0.0,179.98,0.0,2025-10-24,2025-10-24,Miskolc,Website,PayPal,Completed
52082218,51232,819202,1,24.98,20,5.0,19.98,3.96,2025-08-13,2025-08-16,Tatabánya,Marketplace,PayPal,Completed
24923058,49073,937208,1,88.42,5,4.42,84.0,7.51,2025-08-16,2025-08-17,Pécs,Retail Store,Google Pay,Completed
41612290,95437,775999,1,53.5,0,0.0,53.5,7.18,2026-04-28,2026-05-02,Kecskemét,Website,Card,Completed
11570566,72384,270015,1,61.04,20,12.21,48.83,8.19,2025-01-09,2025-01-12,Budapest,Mobile App,PayPal,Completed
18488183,23801,710680,1,35.83,0,0.0,35.83,5.92,2025-02-16,2025-02-18,Pécs,Marketplace,Google Pay,Completed
21248429,51232,945366,1,25.89,0,0.0,25.89,4.47,2025-01-25,2025-01-27,Budapest,Mobile App,Card,Completed
32641855,20967,560207,1,134.75,0,0.0,134.75,0.0,2026-06-16,2026-06-17,Budapest,Website,Bank Transfer,Completed
75354117,95437,636282,1,53.81,10,5.38,48.43,6.72,2025-10-09,2025-10-13,Pécs,Marketplace,Apple Pay,Completed
91081601,72384,605837,1,60.9,0,0.0,60.9,6.56,2026-08-16,2026-08-22,Miskolc,Website,Apple Pay,Completed
91053766,72384,860165,1,59.91,5,3.0,56.91,8.3,2026-06-04,2026-06-07,Budapest,Mobile App,Cash on Delivery,Completed
27823314,51232,370716,1,24.93,0,0.0,24.93,7.49,2026-03-08,2026-03-10,Budapest,Website,PayPal,Completed
35227856,15378,371473,1,186.78,5,9.34,177.44,0.0,2026-07-15,2026-07-17,Budapest,Marketplace,Card,Completed
86920388,45415,220405,1,70.1,0,0.0,70.1,7.69,2026-05-15,2026-05-18,Pécs,Website,Google Pay,Completed
77000035,72384,574494,1,58.4,0,0.0,58.4,6.29,2026-07-10,2026-07-11,Nyíregyháza,Mobile App,Card,Completed
45619356,37136,475851,1,50.5,5,2.53,47.97,5.99,2026-08-27,2026-08-30,Szeged,Marketplace,Card,Completed
52689338,39892,289020,2,124.46,0,0.0,248.92,3.61,2025-10-15,2025-10-16,Budapest,Mobile App,Card,Completed
90537820,23801,590789,1,36.31,0,0.0,36.31,3.77,2025-03-25,2025-03-25,Miskolc,Marketplace,Card,Completed
80031753,51232,932611,1,25.98,10,2.6,23.38,4.07,2026-08-25,2026-08-27,Kecskemét,Mobile App,PayPal,Completed
13152294,51232,592050,1,24.7,10,2.47,22.23,5.64,2025-03-04,2025-03-11,Győr,Website,PayPal,Completed
61378763,49073,990676,1,91.3,0,0.0,91.3,3.87,2026-06-02,2026-06-04,Érd,Retail Store,Card,Returned
50386154,37136,884155,1,50.38,0,0.0,50.38,4.6,2025-07-03,2025-07-05,Érd,Website,PayPal,Completed
92477914,72384,226849,2,60.37,10,12.07,108.67,0.0,2025-08-25,2025-08-28,Érd,Website,Card,Completed
94583475,86989,346105,2,93.04,0,0.0,186.08,0.0,2025-01-21,2025-01-22,Budapest,Website,Card,Completed
94506319,26644,323224,1,67.39,25,16.85,50.54,6.46,2025-05-09,2025-05-12,Kecskemét,Website,Card,Completed
45527938,37136,495930,1,51.19,10,5.12,46.07,6.94,2026-04-07,2026-04-07,Kecskemét,Retail Store,Card,Completed
74052888,15378,299858,1,182.94,20,36.59,146.35,0.0,2025-07-12,2025-07-16,Szeged,Mobile App,Card,Completed
36026750,51232,795656,3,25.26,5,3.79,71.99,9.02,2025-03-07,2025-03-07,Érd,Mobile App,Google Pay,Completed
47249323,86989,502830,1,90.65,0,0.0,90.65,6.22,2025-12-10,2025-12-12,Budapest,Website,Apple Pay,Completed
75130406,72384,237578,1,60.56,20,12.11,48.45,6.37,2026-05-03,2026-05-08,Budapest,Mobile App,Card,Completed
87600145,86989,562736,1,90.04,0,0.0,90.04,6.6,2025-03-18,2025-03-21,Budapest,Website,Card,Completed
92593591,15378,409141,1,180.24,0,0.0,180.24,0.0,2026-08-03,2026-08-08,Budapest,Mobile App,Card,Completed
74767471,37136,495930,1,51.27,0,0.0,51.27,4.21,2026-03-09,2026-03-12,Sopron,Website,PayPal,Completed
19973046,85983,126979,1,97.66,15,14.65,83.01,5.55,2025-08-11,2025-08-13,Budapest,Website,PayPal,Completed
79107153,85983,611887,1,94.94,5,4.75,90.19,5.17,2025-10-02,2025-10-03,Kecskemét,Mobile App,PayPal,Completed
15632684,49073,920885,1,92.19,0,0.0,92.19,8.22,2026-03-24,2026-03-26,Veszprém,Website,Card,Completed
64186315,72384,465427,1,60.0,10,6.0,54.0,7.87,2025-12-09,2025-12-12,Budapest,Mobile App,Card,Completed
77782546,85983,226849,1,96.06,0,0.0,96.06,6.73,2025-09-19,2025-09-23,Budapest,Mobile App,Card,Completed
65854753,85983,278681,2,92.6,20,37.04,148.16,5.93,2025-10-28,2025-11-01,Nyíregyháza,Website,Card,Completed
59570556,86989,610661,1,90.15,0,0.0,90.15,4.31,2025-02-17,2025-02-18,Kecskemét,Marketplace,Card,Completed
60561361,39892,202806,1,121.37,0,0.0,121.37,0.0,2026-07-13,2026-07-15,Budapest,Mobile App,Card,Completed
46222058,51232,714879,1,25.32,0,0.0,25.32,6.23,2026-05-10,2026-05-13,Sopron,Marketplace,Card,Completed
63307379,77262,830709,2,107.35,0,0.0,214.7,0.0,2025-12-19,2025-12-19,Nyíregyháza,Retail Store,PayPal,Completed
72764464,85983,677707,3,98.33,0,0.0,294.99,0.0,2026-05-09,2026-05-11,Budapest,Website,Card,Completed
75398293,37136,963120,1,50.11,5,2.51,47.6,5.69,2025-04-24,2025-04-26,Budapest,Retail Store,PayPal,Returned
27825060,20967,223989,2,131.38,5,13.14,249.62,4.94,2025-04-15,2025-04-17,Budapest,Website,Google Pay,Completed
65052070,95437,389860,2,56.77,10,11.35,102.19,0.0,2025-02-15,2025-02-17,Miskolc,Marketplace,Card,Completed
21239251,95437,272393,1,53.69,15,8.05,45.64,3.93,2026-05-22,2026-05-27,Eger,Mobile App,Bank Transfer,Completed
77233845,45415,124034,1,72.27,10,7.23,65.04,4.54,2025-12-10,2025-12-10,Miskolc,Website,Card,Completed
32503556,15378,740779,1,185.16,0,0.0,185.16,0.0,2026-07-14,2026-07-21,Budapest,Website,Apple Pay,Completed
41345146,72384,731977,1,59.99,0,0.0,59.99,5.24,2025-02-22,2025-02-27,Budapest,Website,PayPal,Completed
70310492,51232,564160,1,25.5,10,2.55,22.95,8.93,2026-07-28,2026-07-31,Budapest,Marketplace,Google Pay,Completed
80910015,20967,227343,2,127.29,15,38.19,216.39,0.0,2025-11-22,2025-11-24,Győr,Website,Cash on Delivery,Completed
58141831,51232,476304,1,25.21,5,1.26,23.95,5.96,2026-08-17,2026-08-19,Nyíregyháza,Website,Card,Completed
67224382,86989,690172,1,89.38,0,0.0,89.38,4.83,2025-09-14,2025-09-17,Budapest,Website,Card,Completed
78841632,49073,508469,1,89.86,0,0.0,89.86,5.72,2026-05-07,2026-05-12,Budapest,Marketplace,PayPal,Completed
66285704,45415,749436,1,67.99,0,0.0,67.99,5.51,2026-05-12,2026-05-15,Veszprém,Website,Card,Completed
54076346,45415,233736,1,71.56,0,0.0,71.56,3.88,2025-09-02,2025-09-04,Nyíregyháza,Website,Bank Transfer,Completed
61795007,39892,737385,3,120.9,0,0.0,362.7,0.0,2025-01-17,2025-01-20,Budapest,Mobile App,Card,Completed
66302258,23801,414093,2,35.45,0,0.0,70.9,7.2,2025-07-12,2025-07-14,Kecskemét,Website,Card,Completed
93339756,49073,258927,1,92.45,0,0.0,92.45,7.78,2025-07-25,2025-07-28,Kecskemét,Website,Card,Completed
29067538,85983,945366,1,98.76,0,0.0,98.76,6.77,2025-01-22,2025-01-28,Budapest,Mobile App,Card,Completed
35967735,51232,202806,1,25.69,0,0.0,25.69,7.68,2025-07-30,2025-07-31,Budapest,Website,Google Pay,Completed
57854915,85983,962563,3,93.67,15,42.15,238.86,0.0,2026-01-15,2026-01-16,Kecskemét,Website,Cash on Delivery,Completed
51610100,95437,672560,5,57.06,0,0.0,285.3,0.0,2026-02-12,2026-02-14,Győr,Mobile App,Card,Completed
90224908,95437,361637,1,56.89,0,0.0,56.89,8.72,2026-08-12,2026-08-16,Kecskemét,Website,Card,Completed
10876731,72384,935367,1,60.95,0,0.0,60.95,7.01,2026-05-15,2026-05-21,Budapest,Marketplace,Bank Transfer,Returned
44905442,45415,113453,2,71.51,20,28.6,114.42,0.0,2025-01-17,2025-01-21,Miskolc,Marketplace,Card,Completed
42820846,45415,172877,3,71.63,0,0.0,214.89,0.0,2025-11-02,2025-11-06,Kecskemét,Mobile App,Cash on Delivery,Completed
48329366,86989,540731,1,91.67,0,0.0,91.67,5.81,2026-05-09,2026-05-12,Eger,Website,Card,Completed
48092988,39892,507728,1,120.15,5,6.01,114.14,3.64,2025-05-06,2025-05-10,Pécs,Website,Google Pay,Completed
89337005,51232,410557,1,24.31,0,0.0,24.31,6.68,2026-05-12,2026-05-14,Érd,Marketplace,PayPal,Completed
58073584,72384,510037,3,61.58,20,36.95,147.79,0.0,2025-11-14,2025-11-15,Budapest,Retail Store,Apple Pay,Completed
79534594,51232,833331,1,24.79,20,4.96,19.83,3.93,2025-11-19,2025-11-21,Debrecen,Website,Card,Completed
62834388,49073,839870,3,87.8,10,26.34,237.06,0.0,2025-03-25,2025-04-01,Kecskemét,Marketplace,Card,Completed
36488559,49073,605291,1,90.21,5,4.51,85.7,8.24,2025-12-28,2025-12-30,Budapest,Website,Cash on Delivery,Returned
38564695,86989,914352,1,89.7,0,0.0,89.7,8.52,2026-03-20,2026-03-22,Budapest,Website,Card,Completed
16046155,45415,459675,1,69.18,5,3.46,65.72,4.51,2025-11-25,2025-11-26,Budapest,Marketplace,Cash on Delivery,Completed
72506718,15378,239960,1,177.05,0,0.0,177.05,3.97,2026-08-15,2026-08-18,Budapest,Marketplace,Card,Completed
74369083,26644,581944,1,64.15,0,0.0,64.15,7.43,2025-02-13,2025-02-14,Budapest,Website,Apple Pay,Completed
65771536,15378,412411,1,183.94,10,18.39,165.55,0.0,2025-03-23,2025-03-24,Budapest,Marketplace,PayPal,Completed
83860409,45415,948623,1,72.74,10,7.27,65.47,5.1,2025-12-30,2026-01-02,Pécs,Website,Card,Completed
22889706,51232,802399,2,25.95,0,0.0,51.9,7.63,2025-11-15,2025-11-17,Budapest,Mobile App,Bank Transfer,Completed
14618054,17471,932611,2,30.92,0,0.0,61.84,8.3,2025-10-29,2025-10-31,Győr,Website,Google Pay,Completed
25459122,20967,872081,1,134.67,25,33.67,101.0,0.0,2025-03-21,2025-03-23,Budapest,Website,Google Pay,Completed
87791328,20967,489624,1,133.59,0,0.0,133.59,0.0,2025-11-22,2025-11-25,Szeged,Website,PayPal,Completed
52477207,49073,555067,3,90.72,0,0.0,272.16,0.0,2025-08-25,2025-08-27,Pécs,Mobile App,PayPal,Completed
88351024,23801,611887,1,35.51,5,1.78,33.73,3.52,2025-05-15,2025-05-16,Sopron,Website,Card,Completed
70064302,15378,223994,1,186.89,10,18.69,168.2,0.0,2025-10-25,2025-10-26,Pécs,Website,Card,Completed
47635401,45415,213981,1,72.33,10,7.23,65.1,8.33,2026-07-02,2026-07-04,Tatabánya,Mobile App,Google Pay,Completed
81096373,51232,628419,1,24.3,0,0.0,24.3,7.21,2025-11-20,2025-11-22,Budapest,Website,Card,Completed
27949464,49073,993904,1,90.01,0,0.0,90.01,8.71,2025-07-27,2025-07-29,Miskolc,Website,Apple Pay,Completed
26671362,45415,724022,2,71.83,0,0.0,143.66,0.0,2025-10-02,2025-10-04,Nyíregyháza,Website,Google Pay,Completed
81390407,37136,765675,1,50.96,25,12.74,38.22,5.93,2025-10-28,2025-10-30,Érd,Retail Store,Google Pay,Completed
76293900,39892,722251,1,119.57,0,0.0,119.57,0.0,2026-05-08,2026-05-13,Érd,Website,Google Pay,Completed
83855238,26644,255988,1,64.92,10,6.49,58.43,4.53,2025-08-14,2025-08-17,Budapest,Mobile App,Apple Pay,Completed
13587649,85983,486940,4,97.49,0,0.0,389.96,0.0,2025-02-08,2025-02-09,Budapest,Website,Card,Completed
63108849,51232,540731,1,25.84,0,0.0,25.84,7.79,2025-04-12,2025-04-18,Sopron,Website,Google Pay,Completed
33060823,45415,731777,1,72.55,5,3.63,68.92,5.93,2026-05-24,2026-05-29,Budapest,Marketplace,Google Pay,Completed
24470262,85983,420184,1,94.73,0,0.0,94.73,0.0,2025-02-25,,Budapest,Website,Google Pay,Cancelled
99454499,86989,300525,3,89.01,10,26.7,240.33,0.0,2025-05-10,2025-05-13,Debrecen,Retail Store,Apple Pay,Completed
99861118,86989,337197,1,89.46,0,0.0,89.46,7.97,2026-08-05,2026-08-08,Budapest,Website,Cash on Delivery,Completed
29578719,85983,844105,1,96.68,15,14.5,82.18,4.59,2025-04-05,2025-04-11,Tatabánya,Mobile App,Bank Transfer,Completed
42098066,23801,701933,2,34.81,0,0.0,69.62,8.94,2026-05-23,2026-05-30,Budapest,Website,Cash on Delivery,Completed
89028813,51232,636282,1,24.94,0,0.0,24.94,7.23,2026-07-02,2026-07-03,Budapest,Retail Store,Card,Completed
83751968,17471,301798,1,29.55,0,0.0,29.55,4.97,2026-03-28,2026-04-02,Budapest,Mobile App,Card,Completed
97366191,86989,124034,1,87.94,0,0.0,87.94,7.12,2025-09-10,2025-09-12,Veszprém,Mobile App,Card,Completed
85381950,20967,790563,1,129.43,0,0.0,129.43,0.0,2025-04-10,2025-04-14,Budapest,Retail Store,Google Pay,Completed
39470686,20967,761366,1,128.16,10,12.82,115.34,3.54,2025-04-29,2025-05-01,Budapest,Marketplace,Card,Returned
56730331,45415,609567,1,70.35,0,0.0,70.35,7.43,2026-06-09,2026-06-11,Miskolc,Mobile App,Bank Transfer,Completed
82383750,45415,564160,1,71.29,5,3.56,67.73,7.54,2025-11-22,2025-11-26,Pécs,Website,PayPal,Completed
36124069,20967,340538,2,131.51,5,13.15,249.87,0.0,2025-01-09,2025-01-12,Szeged,Mobile App,Bank Transfer,Completed
72460885,95437,475095,1,53.54,5,2.68,50.86,5.29,2026-05-08,2026-05-10,Budapest,Website,Card,Completed
17960050,86989,727356,1,87.83,15,13.17,74.66,6.39,2026-07-17,2026-07-23,Győr,Mobile App,Card,Completed
86057606,51232,472199,1,25.98,0,0.0,25.98,5.43,2025-03-05,2025-03-06,Érd,Retail Store,Card,Completed
85059152,85983,726781,2,93.7,0,0.0,187.4,0.0,2025-07-31,2025-08-04,Budapest,Website,Card,Completed
90593920,45415,823480,1,68.01,10,6.8,61.21,6.02,2025-11-01,2025-11-03,Győr,Mobile App,Google Pay,Completed
78732391,15378,896153,1,184.25,0,0.0,184.25,0.0,2026-01-11,2026-01-16,Szeged,Website,Card,Completed
93607325,49073,575829,1,87.46,0,0.0,87.46,3.53,2026-07-25,2026-07-28,Miskolc,Website,Card,Completed
29285897,45415,392518,1,72.21,20,14.44,57.77,4.07,2025-01-14,2025-01-15,Budapest,Mobile App,PayPal,Completed
47493006,49073,536315,1,92.14,0,0.0,92.14,6.21,2025-01-06,2025-01-08,Érd,Mobile App,Apple Pay,Completed
40994694,37136,274680,1,49.0,15,7.35,41.65,5.66,2025-05-29,2025-06-01,Budapest,Website,Cash on Delivery,Completed
50397556,15378,160490,1,179.66,25,44.91,134.75,0.0,2025-12-27,2025-12-29,Szombathely,Website,Cash on Delivery,Completed
40744507,15378,879641,1,182.92,0,0.0,182.92,6.73,2025-05-11,2025-05-14,Székesfehérvár,Retail Store,Card,Completed
81685375,37136,751202,1,51.51,0,0.0,51.51,8.69,2025-11-13,2025-11-17,Budapest,Mobile App,PayPal,Completed
23968062,49073,872081,3,91.42,20,54.85,219.41,7.63,2026-05-27,2026-06-01,Budapest,Marketplace,Apple Pay,Completed
81457820,37136,414093,1,50.31,0,0.0,50.31,4.63,2026-06-28,2026-07-02,Budapest,Website,Card,Completed
44214145,77262,356432,1,108.34,0,0.0,108.34,6.5,2026-06-29,2026-07-04,Budapest,Website,Card,Completed
40909554,20967,382273,1,128.2,0,0.0,128.2,0.0,2025-05-31,2025-06-03,Miskolc,Website,Card,Completed
60019699,20967,380978,1,129.3,0,0.0,129.3,5.6,2025-06-07,2025-06-09,Győr,Marketplace,Apple Pay,Completed
39767257,20967,979755,1,130.45,15,19.57,110.88,6.41,2025-06-16,2025-06-18,Budapest,Website,Bank Transfer,Completed
81806979,86989,215512,1,90.88,0,0.0,90.88,3.5,2026-08-07,2026-08-08,Pécs,Mobile App,Apple Pay,Completed
76468704,95437,856887,1,56.56,15,8.48,48.08,8.72,2025-07-18,2025-07-21,Nyíregyháza,Marketplace,Card,Completed
50429288,23801,738694,1,34.76,15,5.21,29.55,6.14,2025-08-07,2025-08-12,Szeged,Mobile App,Card,Completed
26581448,45415,646402,2,71.47,0,0.0,142.94,4.99,2026-07-11,2026-07-16,Nyíregyháza,Website,Card,Completed
65293782,85983,447236,2,97.51,10,19.5,175.52,0.0,2026-07-28,2026-07-31,Debrecen,Website,PayPal,Completed
38221878,15378,295897,1,175.09,15,26.26,148.83,0.0,2025-03-14,2025-03-14,Budapest,Website,Apple Pay,Completed
80398736,17471,453528,2,29.33,0,0.0,58.66,4.34,2026-01-30,2026-02-01,Budapest,Retail Store,PayPal,Completed
19608097,39892,720346,1,124.71,0,0.0,124.71,0.0,2026-02-22,2026-02-26,Veszprém,Mobile App,Apple Pay,Completed
63909059,95437,210690,1,56.21,0,0.0,56.21,8.17,2026-03-02,2026-03-03,Budapest,Website,Card,Completed
64440973,23801,257087,1,35.87,20,7.17,28.7,8.02,2026-05-25,2026-05-27,Székesfehérvár,Mobile App,Cash on Delivery,Completed
10268952,95437,235610,2,55.12,5,5.51,104.73,0.0,2025-08-04,2025-08-08,Budapest,Marketplace,PayPal,Completed
55955034,86989,448104,1,91.88,0,0.0,91.88,6.65,2025-12-05,2025-12-07,Budapest,Website,Apple Pay,Completed
93157867,85983,385603,1,98.71,0,0.0,98.71,8.48,2025-10-02,2025-10-02,Budapest,Website,Apple Pay,Completed
15107880,86989,223989,1,87.52,0,0.0,87.52,8.8,2026-05-11,2026-05-13,Budapest,Retail Store,Google Pay,Completed
64613941,85983,507728,1,95.03,0,0.0,95.03,8.2,2026-01-16,2026-01-19,Budapest,Retail Store,Card,Completed
98009793,49073,982137,1,89.74,25,22.43,67.31,6.16,2025-12-23,2025-12-26,Budapest,Mobile App,Card,Completed
97068938,15378,759301,1,184.01,10,18.4,165.61,0.0,2025-10-09,2025-10-14,Szeged,Mobile App,Bank Transfer,Completed
85321574,15378,570828,4,179.31,0,0.0,717.24,0.0,2026-01-29,2026-01-31,Budapest,Website,Cash on Delivery,Completed
74828478,86989,329638,1,93.26,0,0.0,93.26,8.39,2025-12-14,2025-12-16,Szeged,Website,Card,Completed
82745545,20967,369542,2,130.76,0,0.0,261.52,0.0,2025-05-18,2025-05-20,Miskolc,Website,Card,Completed
88836563,51232,292777,1,25.11,0,0.0,25.11,3.96,2026-05-23,2026-05-29,Érd,Marketplace,Card,Completed
38431403,86989,965496,3,87.6,0,0.0,262.8,0.0,2025-08-04,2025-08-09,Szeged,Retail Store,Card,Completed
14456294,49073,935264,4,92.69,10,37.08,333.68,4.99,2026-08-05,2026-08-10,Budapest,Website,Card,Completed
90349726,26644,917585,2,64.88,0,0.0,129.76,3.67,2025-07-20,2025-07-22,Budapest,Website,Card,Completed
20145833,51232,152946,2,25.69,5,2.57,48.81,5.69,2026-05-20,2026-05-22,Debrecen,Marketplace,Apple Pay,Completed
86335258,37136,295408,1,50.88,0,0.0,50.88,7.77,2026-02-16,2026-02-20,Budapest,Marketplace,Card,Completed
52086430,26644,371154,3,65.95,0,0.0,197.85,5.07,2025-09-23,2025-09-25,Pécs,Website,Card,Completed
34400056,20967,765675,1,131.65,25,32.91,98.74,8.98,2025-12-14,2025-12-17,Budapest,Marketplace,Apple Pay,Completed
16449893,20967,424475,1,127.81,25,31.95,95.86,3.53,2025-10-27,2025-11-01,Veszprém,Marketplace,Cash on Delivery,Returned
41797622,95437,103219,1,56.34,10,5.63,50.71,4.53,2025-08-23,2025-08-24,Tatabánya,Website,Card,Completed
22514221,49073,619421,3,91.15,0,0.0,273.45,5.64,2026-07-07,2026-07-09,Debrecen,Website,Cash on Delivery,Completed
24028477,26644,172094,1,66.94,20,13.39,53.55,8.72,2025-05-18,2025-05-19,Szombathely,Retail Store,Card,Completed
78147465,72384,271009,1,59.92,10,5.99,53.93,3.97,2025-11-16,2025-11-19,Budapest,Website,Cash on Delivery,Completed
15098000,85983,494016,1,98.63,10,9.86,88.77,4.24,2025-09-25,2025-09-29,Budapest,Marketplace,Google Pay,Completed
21711203,85983,243780,1,95.51,15,14.33,81.18,7.06,2026-05-17,2026-05-20,Győr,Website,Bank Transfer,Completed
40726805,20967,859568,1,133.95,0,0.0,133.95,4.62,2026-02-25,2026-02-28,Szombathely,Website,Google Pay,Completed
33616597,37136,981714,1,51.87,10,5.19,46.68,6.81,2026-01-09,2026-01-10,Budapest,Marketplace,Card,Completed
63548820,26644,706168,1,63.26,0,0.0,63.26,8.22,2026-03-28,2026-03-30,Nyíregyháza,Marketplace,Google Pay,Completed
68692283,51232,722757,1,24.35,0,0.0,24.35,6.47,2025-01-15,2025-01-21,Sopron,Website,Card,Completed
85001020,86989,760123,1,91.35,0,0.0,91.35,5.54,2025-07-13,2025-07-17,Budapest,Website,Cash on Delivery,Completed
22206190,37136,805042,1,51.89,15,7.78,44.11,5.24,2025-04-11,2025-04-15,Budapest,Mobile App,Google Pay,Completed
10283847,23801,976375,2,36.02,0,0.0,72.04,8.2,2026-04-11,2026-04-14,Budapest,Mobile App,Card,Completed
70025463,86989,463432,2,93.43,0,0.0,186.86,0.0,2026-04-21,2026-04-24,Székesfehérvár,Website,PayPal,Completed
57761593,15378,400505,1,181.22,0,0.0,181.22,0.0,2025-01-08,2025-01-10,Veszprém,Website,Card,Completed
94439195,15378,407131,3,182.67,15,82.2,465.81,7.0,2025-05-29,2025-06-02,Érd,Marketplace,Apple Pay,Completed
50714145,20967,179132,1,130.83,0,0.0,130.83,0.0,2026-04-29,2026-04-30,Budapest,Website,Bank Transfer,Completed
14878818,26644,617771,5,66.7,0,0.0,333.5,0.0,2025-06-09,2025-06-11,Szombathely,Website,Google Pay,Returned
85455741,86989,495352,1,91.85,0,0.0,91.85,7.4,2025-07-08,2025-07-10,Veszprém,Website,Card,Completed
24524271,45415,590655,3,70.16,0,0.0,210.48,0.0,2025-05-24,2025-05-29,Debrecen,Retail Store,Google Pay,Completed
61472489,85983,242844,1,94.48,20,18.9,75.58,3.89,2025-12-02,2025-12-04,Veszprém,Website,Bank Transfer,Completed
28580295,51232,130851,1,25.34,0,0.0,25.34,4.82,2025-12-01,2025-12-05,Kecskemét,Retail Store,Card,Returned
63897067,85983,891733,1,97.97,0,0.0,97.97,4.03,2026-06-24,2026-06-26,Szeged,Website,PayPal,Completed
86468368,17471,208640,1,30.81,20,6.16,24.65,5.47,2026-04-10,2026-04-14,Debrecen,Mobile App,Card,Completed
34248185,77262,463225,1,114.39,0,0.0,114.39,0.0,2026-03-20,2026-03-24,Kecskemét,Mobile App,PayPal,Completed
34984627,86989,484418,3,87.93,0,0.0,263.79,0.0,2025-12-01,2025-12-04,Kecskemét,Website,Card,Completed
58422673,15378,725794,1,177.76,15,26.66,151.1,4.99,2025-12-09,2025-12-10,Kecskemét,Marketplace,Card,Completed
21328698,49073,609567,2,91.7,15,27.51,155.89,0.0,2026-05-13,2026-05-17,Pécs,Website,Cash on Delivery,Completed
20567365,77262,163679,2,107.13,5,10.71,203.55,3.91,2025-05-17,2025-05-22,Budapest,Website,PayPal,Completed
71328234,49073,570828,3,92.65,15,41.69,236.26,0.0,2026-05-23,2026-05-26,Nyíregyháza,Website,Cash on Delivery,Completed
78432614,45415,902953,1,70.17,0,0.0,70.17,4.01,2026-03-13,2026-03-15,Budapest,Marketplace,PayPal,Completed
43556262,49073,251672,1,92.84,0,0.0,92.84,5.82,2026-01-24,2026-01-27,Budapest,Website,Card,Completed
56387243,17471,610866,1,30.22,0,0.0,30.22,5.91,2026-06-29,2026-06-30,Budapest,Website,Apple Pay,Completed
90835156,72384,300237,1,60.26,10,6.03,54.23,7.82,2025-03-03,2025-03-04,Szeged,Website,PayPal,Returned
39540169,15378,159374,2,181.9,5,18.19,345.61,0.0,2025-05-11,2025-05-14,Budapest,Marketplace,Cash on Delivery,Completed
47678707,86989,924438,3,91.44,0,0.0,274.32,6.55,2025-04-21,2025-04-23,Veszprém,Website,Card,Completed
39988958,95437,373397,1,54.22,0,0.0,54.22,6.73,2025-09-04,2025-09-07,Budapest,Website,Apple Pay,Completed
47255432,49073,507728,1,88.18,0,0.0,88.18,8.55,2026-06-02,2026-06-03,Szombathely,Mobile App,Card,Completed
40087949,15378,453108,1,177.87,10,17.79,160.08,4.82,2025-03-08,2025-03-10,Budapest,Website,Apple Pay,Completed
39751343,15378,251672,1,176.64,15,26.5,150.14,7.5,2025-01-05,2025-01-09,Szombathely,Website,Card,Completed
18882372,77262,656708,3,111.17,20,66.7,266.81,5.2,2025-01-09,2025-01-11,Miskolc,Mobile App,Google Pay,Completed
55097025,26644,356176,1,65.06,0,0.0,65.06,8.49,2025-01-15,2025-01-18,Budapest,Mobile App,Google Pay,Completed
34414143,86989,885670,1,93.52,0,0.0,93.52,8.44,2026-08-14,2026-08-15,Szeged,Website,Card,Completed
37385019,45415,434476,1,68.58,0,0.0,68.58,4.06,2025-04-21,2025-04-24,Győr,Website,Bank Transfer,Completed
51973965,20967,401215,1,128.76,0,0.0,128.76,0.0,2025-03-08,2025-03-12,Debrecen,Website,Google Pay,Completed
93653413,86989,473332,3,91.1,0,0.0,273.3,0.0,2026-01-17,2026-01-21,Tatabánya,Retail Store,Card,Completed
98686371,17471,923787,2,29.59,0,0.0,59.18,7.24,2025-07-14,2025-07-17,Sopron,Website,Cash on Delivery,Completed
75994446,37136,172877,1,48.89,5,2.44,46.45,7.64,2026-01-31,2026-02-03,Budapest,Website,Card,Completed
43517367,45415,348650,1,72.28,15,10.84,61.44,7.02,2025-11-20,2025-11-23,Győr,Website,Apple Pay,Completed
95866735,17471,157689,1,31.16,0,0.0,31.16,8.54,2025-10-30,2025-11-03,Budapest,Website,Card,Completed
25703384,72384,210690,1,62.0,0,0.0,62.0,8.69,2025-10-08,2025-10-09,Debrecen,Mobile App,PayPal,Completed
56774438,20967,610524,3,127.9,15,57.56,326.14,0.0,2025-06-16,2025-06-18,Nyíregyháza,Website,Card,Completed
90797445,45415,827616,1,71.96,15,10.79,61.17,8.46,2025-02-01,2025-02-04,Budapest,Mobile App,PayPal,Completed
39771836,86989,879943,2,87.4,25,43.7,131.1,0.0,2026-02-22,2026-02-24,Veszprém,Mobile App,PayPal,Completed
29941284,26644,152946,1,66.35,5,3.32,63.03,5.75,2025-12-22,2025-12-27,Budapest,Website,Bank Transfer,Completed
50008394,45415,969470,1,70.71,10,7.07,63.64,4.25,2026-04-06,2026-04-08,Győr,Mobile App,Card,Completed
21293579,85983,481610,1,93.69,0,0.0,93.69,7.82,2026-04-15,2026-04-16,Győr,Retail Store,Card,Completed
40638633,15378,702862,1,175.12,0,0.0,175.12,0.0,2025-09-12,2025-09-14,Budapest,Website,PayPal,Completed
87335930,45415,788554,1,69.44,15,10.42,59.02,0.0,2026-03-29,,Győr,Website,Card,Cancelled
10323062,77262,309408,1,111.72,10,11.17,100.55,0.0,2025-03-08,2025-03-11,Budapest,Website,PayPal,Completed
93085542,51232,937208,1,24.56,0,0.0,24.56,0.0,2025-09-24,,Budapest,Mobile App,Card,Cancelled
87117898,45415,826279,1,68.35,25,17.09,51.26,6.66,2025-06-17,2025-06-18,Miskolc,Website,Bank Transfer,Completed
68241032,20967,763962,2,133.03,10,26.61,239.45,0.0,2026-03-11,2026-03-17,Pécs,Website,PayPal,Completed
41161320,20967,763962,1,131.41,10,13.14,118.27,0.0,2025-03-29,,Budapest,Website,Card,Cancelled
26091773,20967,988365,5,129.3,15,96.97,549.53,0.0,2025-08-02,2025-08-03,Eger,Website,Card,Completed
70409694,23801,771770,2,36.24,0,0.0,72.48,6.72,2026-04-30,2026-05-03,Győr,Mobile App,Apple Pay,Completed
16951518,15378,412411,1,180.72,5,9.04,171.68,0.0,2026-06-21,2026-06-24,Nyíregyháza,Website,Bank Transfer,Completed
48872716,95437,436047,1,55.26,5,2.76,52.5,5.14,2025-04-11,2025-04-14,Budapest,Website,Card,Completed
94756386,86989,811515,1,89.65,5,4.48,85.17,6.11,2025-07-07,2025-07-09,Budapest,Mobile App,Card,Completed
70573659,20967,112951,3,134.45,0,0.0,403.35,0.0,2025-04-20,2025-04-21,Érd,Website,Card,Completed
76049299,86989,499460,1,87.85,10,8.79,79.06,7.65,2026-06-10,2026-06-15,Szombathely,Website,Card,Returned
86514895,45415,203142,1,69.19,0,0.0,69.19,7.52,2025-10-06,2025-10-08,Budapest,Marketplace,Card,Completed
44299011,51232,570776,2,24.66,0,0.0,49.32,7.42,2025-11-22,2025-11-25,Székesfehérvár,Website,Apple Pay,Returned
91146038,15378,718697,1,186.2,0,0.0,186.2,0.0,2025-03-06,2025-03-08,Győr,Website,Card,Completed
64073636,86989,301798,1,92.12,10,9.21,82.91,6.88,2025-05-07,2025-05-09,Miskolc,Retail Store,Apple Pay,Completed
29225930,77262,991220,1,109.84,5,5.49,104.35,0.0,2026-06-01,,Budapest,Mobile App,Google Pay,Cancelled
62575331,51232,382273,1,24.78,10,2.48,22.3,8.63,2026-02-15,2026-02-16,Debrecen,Website,Card,Completed
98552657,51232,811515,1,25.29,0,0.0,25.29,6.39,2025-11-08,2025-11-13,Győr,Website,Card,Completed
55957665,51232,852199,1,25.98,0,0.0,25.98,7.22,2025-06-04,2025-06-05,Nyíregyháza,Website,Google Pay,Completed
92664872,49073,275072,2,93.17,5,9.32,177.02,0.0,2026-04-13,2026-04-14,Győr,Marketplace,Card,Completed
60866141,45415,113826,1,72.46,0,0.0,72.46,8.32,2026-08-02,2026-08-02,Győr,Website,Apple Pay,Completed
59269483,45415,369542,1,71.34,5,3.57,67.77,4.81,2025-10-20,2025-10-21,Kecskemét,Website,Card,Completed
42173436,15378,465427,1,176.3,20,35.26,141.04,0.0,2025-05-20,2025-05-22,Veszprém,Mobile App,PayPal,Returned
74036842,85983,988365,1,96.06,0,0.0,96.06,7.45,2025-09-30,2025-10-02,Tatabánya,Website,Card,Completed
26159529,85983,239772,2,98.4,10,19.68,177.12,0.0,2025-04-30,2025-05-01,Érd,Website,Card,Completed
55118017,51232,409141,1,25.85,0,0.0,25.85,3.84,2026-02-27,2026-03-02,Miskolc,Website,Card,Completed
87894639,45415,315645,1,72.46,0,0.0,72.46,8.33,2026-03-07,2026-03-09,Budapest,Website,Card,Completed
92596843,45415,390720,1,71.41,15,10.71,60.7,8.64,2026-07-02,2026-07-04,Tatabánya,Website,PayPal,Completed
41669730,85983,964696,1,98.57,5,4.93,93.64,8.73,2025-08-03,2025-08-04,Tatabánya,Mobile App,PayPal,Completed
74492490,20967,136013,4,128.16,5,25.63,487.01,0.0,2025-12-17,2025-12-18,Debrecen,Website,Card,Completed
52060327,86989,373080,4,90.51,0,0.0,362.04,0.0,2025-08-07,2025-08-09,Budapest,Mobile App,Bank Transfer,Completed
15532588,51232,108130,1,25.16,10,2.52,22.64,6.95,2026-01-30,2026-01-31,Szeged,Website,Apple Pay,Completed
69580236,49073,961299,2,88.16,0,0.0,176.32,0.0,2026-02-24,2026-02-28,Budapest,Mobile App,Bank Transfer,Completed
96422288,49073,763059,1,93.34,10,9.33,84.01,5.8,2026-01-31,2026-02-03,Budapest,Website,Cash on Delivery,Completed
38001640,86989,549022,1,91.4,0,0.0,91.4,8.49,2026-01-02,2026-01-04,Budapest,Website,Apple Pay,Completed
11198049,26644,394169,2,67.4,10,13.48,121.32,5.19,2025-07-16,2025-07-20,Érd,Marketplace,Google Pay,Completed
13151761,26644,624678,1,63.42,0,0.0,63.42,6.92,2025-05-16,2025-05-18,Székesfehérvár,Website,Card,Completed
53008561,86989,475095,1,87.41,0,0.0,87.41,7.76,2026-04-10,2026-04-13,Tatabánya,Mobile App,Card,Completed
97238905,86989,295408,2,89.75,10,17.95,161.55,0.0,2025-08-24,2025-08-26,Eger,Marketplace,Card,Completed
44117787,45415,727356,1,71.23,0,0.0,71.23,8.09,2025-05-29,2025-05-30,Budapest,Mobile App,Card,Completed
25416201,51232,925808,1,24.86,0,0.0,24.86,4.74,2025-02-07,2025-02-10,Debrecen,Mobile App,Card,Completed
72994796,37136,138978,1,50.9,10,5.09,45.81,5.59,2025-09-18,2025-09-22,Érd,Website,Apple Pay,Completed
69000758,15378,232381,2,175.32,0,0.0,350.64,5.41,2025-11-26,2025-11-29,Pécs,Mobile App,Card,Returned
48854603,15378,805017,1,177.18,5,8.86,168.32,0.0,2025-02-03,2025-02-04,Budapest,Marketplace,Google Pay,Completed
37368762,51232,281868,1,24.6,5,1.23,23.37,8.45,2026-03-06,2026-03-09,Miskolc,Website,Card,Completed
48400531,95437,867215,3,55.43,25,41.57,124.72,0.0,2025-04-11,2025-04-14,Budapest,Website,Apple Pay,Completed
47513638,86989,130865,1,88.77,10,8.88,79.89,3.71,2025-04-26,2025-04-28,Székesfehérvár,Website,Apple Pay,Completed
90376215,37136,356176,2,51.38,0,0.0,102.76,0.0,2026-04-18,2026-04-22,Szombathely,Website,Card,Completed
83292630,20967,604173,1,129.81,0,0.0,129.81,5.69,2025-07-31,2025-08-05,Veszprém,Website,Card,Completed
53457446,15378,397617,1,180.62,15,27.09,153.53,0.0,2026-02-17,2026-02-18,Pécs,Website,Card,Completed
58531117,45415,749436,1,69.14,10,6.91,62.23,5.61,2025-08-09,2025-08-11,Budapest,Website,Card,Completed
34708543,39892,795686,1,122.27,5,6.11,116.16,0.0,2025-09-27,2025-09-28,Debrecen,Mobile App,Card,Completed
55539036,85983,950151,1,97.66,20,19.53,78.13,4.37,2025-03-07,2025-03-10,Szeged,Website,Cash on Delivery,Completed
28354972,23801,226849,2,34.9,10,6.98,62.82,5.93,2025-03-07,2025-03-09,Budapest,Retail Store,Card,Completed
72442270,45415,299149,3,72.34,5,10.85,206.17,0.0,2025-10-06,2025-10-08,Győr,Mobile App,Card,Completed
73025311,51232,156003,1,24.27,0,0.0,24.27,8.23,2025-03-19,2025-03-21,Pécs,Website,Bank Transfer,Completed
58803697,86989,876245,2,88.12,15,26.44,149.8,4.37,2025-03-24,2025-03-24,Érd,Website,Card,Completed
75505472,45415,155450,1,71.39,15,10.71,60.68,5.93,2025-09-16,2025-09-19,Budapest,Marketplace,Card,Completed
70917495,51232,624678,1,25.68,0,0.0,25.68,5.55,2026-06-07,2026-06-10,Budapest,Retail Store,Card,Completed
83357661,23801,297289,1,35.47,0,0.0,35.47,5.57,2025-12-22,2025-12-24,Budapest,Website,Card,Completed
25668054,51232,487192,1,24.37,5,1.22,23.15,7.05,2026-02-17,2026-02-18,Érd,Mobile App,Card,Completed
69106192,15378,371473,1,182.87,10,18.29,164.58,0.0,2026-08-12,2026-08-13,Pécs,Retail Store,Cash on Delivery,Completed
69994450,86989,239226,1,93.09,0,0.0,93.09,6.3,2025-03-09,2025-03-14,Szeged,Mobile App,Card,Completed
42223897,86989,763059,1,90.64,20,18.13,72.51,4.39,2025-07-14,2025-07-17,Győr,Website,Apple Pay,Completed
78732238,77262,764981,2,114.19,10,22.84,205.54,0.0,2025-10-08,2025-10-10,Sopron,Retail Store,Card,Completed
72964801,23801,519033,1,35.03,0,0.0,35.03,0.0,2025-06-28,,Budapest,Mobile App,Cash on Delivery,Cancelled
47416465,45415,573807,2,68.53,10,13.71,123.35,0.0,2025-11-15,2025-11-18,Sopron,Website,Card,Completed
56189299,20967,311579,1,130.62,0,0.0,130.62,0.0,2026-05-11,,Szeged,Website,Cash on Delivery,Cancelled
95697109,39892,232899,2,118.27,0,0.0,236.54,0.0,2026-01-13,2026-01-17,Budapest,Mobile App,Cash on Delivery,Completed
12228660,86989,564160,1,91.13,5,4.56,86.57,5.73,2025-08-26,2025-08-29,Debrecen,Marketplace,Cash on Delivery,Completed
80508643,51232,535672,1,24.57,15,3.69,20.88,4.04,2025-06-10,2025-06-14,Budapest,Mobile App,Card,Completed
19036263,45415,935888,1,72.72,15,10.91,61.81,6.12,2025-12-14,2025-12-16,Tatabánya,Mobile App,Card,Completed
52742197,15378,242339,2,177.79,0,0.0,355.58,0.0,2026-06-15,2026-06-17,Budapest,Marketplace,Card,Completed
51522148,26644,376126,1,63.41,10,6.34,57.07,4.01,2025-08-02,2025-08-05,Szeged,Marketplace,Apple Pay,Completed
10613729,77262,584962,2,109.36,5,10.94,207.78,0.0,2025-05-15,2025-05-18,Eger,Mobile App,Card,Completed
92525980,51232,129550,2,25.96,15,7.79,44.13,7.33,2025-04-28,2025-05-01,Budapest,Mobile App,Card,Completed
71920346,39892,369542,1,120.29,0,0.0,120.29,0.0,2026-01-07,2026-01-09,Miskolc,Mobile App,Cash on Delivery,Completed
55466984,17471,608791,1,30.21,5,1.51,28.7,6.14,2025-03-25,2025-03-28,Debrecen,Marketplace,Card,Completed
58610239,86989,985928,1,87.57,0,0.0,87.57,6.98,2025-02-15,2025-02-17,Szombathely,Mobile App,Apple Pay,Completed
71417869,77262,405002,3,110.67,10,33.2,298.81,0.0,2026-08-18,2026-08-19,Budapest,Website,Card,Completed
66528808,77262,582813,2,113.34,0,0.0,226.68,0.0,2025-04-16,2025-04-19,Pécs,Website,Bank Transfer,Completed
67610487,86989,548154,1,88.71,10,8.87,79.84,6.69,2025-01-07,2025-01-08,Miskolc,Website,Apple Pay,Completed
55053723,20967,172877,1,134.49,20,26.9,107.59,0.0,2025-02-07,2025-02-08,Budapest,Website,Card,Completed
53439023,51232,875612,1,25.14,0,0.0,25.14,5.09,2025-11-17,2025-11-20,Sopron,Mobile App,Apple Pay,Completed
73309532,86989,989215,1,90.67,10,9.07,81.6,4.04,2025-09-13,2025-09-15,Szeged,Website,Card,Completed
19767822,72384,317060,1,60.72,0,0.0,60.72,8.37,2026-01-08,2026-01-10,Budapest,Website,Card,Completed
20990066,15378,134053,1,175.18,0,0.0,175.18,0.0,2025-04-18,2025-04-20,Pécs,Mobile App,Card,Completed
60507248,20967,356176,1,130.1,0,0.0,130.1,0.0,2025-10-25,2025-10-27,Budapest,Website,Card,Completed
73541936,45415,382406,1,68.81,5,3.44,65.37,4.27,2025-09-06,2025-09-07,Szeged,Retail Store,Cash on Delivery,Completed
84689452,45415,496282,1,69.56,0,0.0,69.56,8.97,2026-07-08,2026-07-09,Miskolc,Mobile App,Bank Transfer,Completed
24687699,86989,566714,1,88.55,0,0.0,88.55,6.43,2026-07-03,2026-07-09,Budapest,Website,Card,Completed
23075807,23801,945366,1,35.37,10,3.54,31.83,6.83,2025-04-21,2025-04-23,Budapest,Retail Store,Card,Completed
72630205,45415,897974,1,69.77,0,0.0,69.77,8.65,2025-12-08,2025-12-11,Szeged,Mobile App,Card,Completed
73992213,95437,235610,1,53.63,0,0.0,53.63,8.79,2025-06-06,2025-06-08,Budapest,Website,Apple Pay,Completed
14381963,15378,982828,1,183.99,0,0.0,183.99,5.06,2026-07-21,2026-07-23,Budapest,Marketplace,Google Pay,Completed
89200744,23801,655289,2,35.7,5,3.57,67.83,4.21,2025-06-27,2025-06-29,Budapest,Website,Card,Completed
95526836,45415,117761,1,71.21,0,0.0,71.21,3.97,2025-03-31,2025-04-03,Budapest,Website,PayPal,Completed
87955596,45415,951536,3,67.99,0,0.0,203.97,0.0,2025-07-12,2025-07-14,Érd,Website,Cash on Delivery,Returned
88587427,49073,879641,1,89.97,0,0.0,89.97,5.58,2026-05-28,2026-06-02,Budapest,Website,Card,Completed
63410219,15378,453528,2,184.48,0,0.0,368.96,0.0,2025-09-27,2025-09-28,Szeged,Mobile App,Bank Transfer,Completed
66870505,45415,862431,1,72.59,0,0.0,72.59,6.11,2025-09-12,2025-09-15,Szeged,Mobile App,Card,Completed
54183251,26644,781835,1,67.54,10,6.75,60.79,6.26,2025-12-18,2025-12-20,Budapest,Website,Card,Completed
32335051,45415,780717,4,71.77,0,0.0,287.08,0.0,2025-12-05,2025-12-09,Szombathely,Mobile App,Card,Completed
10454820,20967,226849,1,134.94,0,0.0,134.94,0.0,2026-07-23,2026-07-28,Budapest,Retail Store,Card,Completed
50091635,20967,510037,2,127.3,10,25.46,229.14,5.85,2025-11-22,2025-11-26,Érd,Marketplace,Apple Pay,Completed
88893211,45415,874219,3,69.65,10,20.9,188.05,0.0,2026-02-17,2026-02-23,Székesfehérvár,Marketplace,Bank Transfer,Completed
88191497,49073,316143,2,92.81,0,0.0,185.62,0.0,2026-01-23,2026-01-27,Budapest,Website,PayPal,Completed
38403399,20967,467427,1,128.13,10,12.81,115.32,0.0,2025-05-26,2025-05-31,Budapest,Mobile App,PayPal,Completed
94747031,85983,844105,1,92.89,0,0.0,92.89,8.27,2025-02-28,2025-03-01,Tatabánya,Mobile App,Apple Pay,Completed
78737435,86989,315267,1,88.53,0,0.0,88.53,5.72,2025-06-15,2025-06-21,Budapest,Marketplace,Card,Completed
70086642,15378,218368,2,179.71,5,17.97,341.45,0.0,2025-08-05,2025-08-07,Debrecen,Marketplace,Card,Completed
16188735,45415,888509,1,71.31,0,0.0,71.31,6.21,2026-01-31,2026-02-02,Pécs,Website,Bank Transfer,Completed
96261473,51232,489624,1,25.88,5,1.29,24.59,6.9,2025-03-19,2025-03-24,Miskolc,Marketplace,Cash on Delivery,Completed
65211057,85983,982129,1,96.51,0,0.0,96.51,3.91,2026-05-02,2026-05-05,Szeged,Retail Store,Card,Completed
88045097,49073,311579,1,89.66,10,8.97,80.69,8.26,2026-08-04,2026-08-08,Budapest,Website,Cash on Delivery,Completed
11805823,20967,824419,1,133.76,5,6.69,127.07,0.0,2026-02-28,2026-03-05,Győr,Website,PayPal,Completed
37070348,20967,271801,1,134.71,10,13.47,121.24,0.0,2025-09-08,2025-09-09,Budapest,Mobile App,Card,Completed
42213802,20967,878074,1,126.55,0,0.0,126.55,0.0,2025-03-07,2025-03-09,Nyíregyháza,Website,Google Pay,Completed
18418046,86989,559367,2,90.3,0,0.0,180.6,0.0,2025-12-12,2025-12-15,Eger,Mobile App,Card,Completed
78084379,51232,834893,3,24.89,10,7.47,67.2,5.43,2025-03-29,2025-03-31,Sopron,Marketplace,Apple Pay,Completed
17684009,49073,940740,2,89.0,0,0.0,178.0,0.0,2025-12-26,2025-12-27,Pécs,Website,Card,Completed
96841327,15378,111570,1,182.72,20,36.54,146.18,0.0,2025-03-06,2025-03-08,Debrecen,Marketplace,Cash on Delivery,Completed
22951707,49073,383864,1,90.72,0,0.0,90.72,5.83,2025-12-09,2025-12-12,Kecskemét,Mobile App,Card,Completed
52436439,86989,323224,1,90.48,15,13.57,76.91,4.66,2026-03-08,2026-03-10,Debrecen,Mobile App,Bank Transfer,Completed
26893863,49073,299149,1,89.03,15,13.35,75.68,5.73,2025-12-21,2025-12-22,Szeged,Mobile App,Google Pay,Completed
90200298,49073,955580,3,88.98,10,26.69,240.25,0.0,2025-07-31,2025-08-03,Szeged,Website,Card,Returned
63641863,20967,349351,1,130.26,0,0.0,130.26,0.0,2025-10-08,2025-10-10,Budapest,Mobile App,Google Pay,Completed
54544314,20967,453524,1,131.92,20,26.38,105.54,5.13,2025-08-03,2025-08-06,Budapest,Website,Card,Completed
87345908,45415,706778,1,71.52,10,7.15,64.37,6.78,2025-09-21,2025-09-22,Pécs,Website,Bank Transfer,Completed
39846206,49073,727356,2,92.01,0,0.0,184.02,0.0,2025-01-09,2025-01-10,Miskolc,Retail Store,Cash on Delivery,Completed
87844911,95437,559340,1,55.23,0,0.0,55.23,6.82,2026-03-27,2026-03-28,Székesfehérvár,Marketplace,PayPal,Completed
23780948,86989,283302,2,93.59,0,0.0,187.18,0.0,2025-09-20,2025-09-22,Székesfehérvár,Website,Bank Transfer,Completed
39514699,17471,225293,1,30.31,10,3.03,27.28,5.62,2025-10-12,2025-10-16,Budapest,Mobile App,Card,Completed
86319484,95437,191454,1,56.16,20,11.23,44.93,5.86,2025-05-17,2025-05-19,Sopron,Mobile App,Apple Pay,Completed
57264528,51232,749402,1,24.79,0,0.0,24.79,8.85,2025-02-01,2025-02-06,Szeged,Mobile App,Card,Completed
29325668,85983,562736,1,95.26,0,0.0,95.26,7.29,2026-07-26,2026-07-29,Budapest,Mobile App,Apple Pay,Completed
81350314,86989,983305,1,88.4,0,0.0,88.4,4.59,2025-04-26,2025-04-30,Pécs,Website,Card,Completed
43139647,37136,512232,1,49.24,0,0.0,49.24,4.71,2026-02-25,2026-02-26,Budapest,Website,Cash on Delivery,Completed
38422860,45415,116230,1,67.96,10,6.8,61.16,5.59,2025-08-30,2025-09-03,Budapest,Website,Card,Completed
97683451,15378,793973,3,180.52,0,0.0,541.56,0.0,2025-11-20,2025-11-22,Budapest,Marketplace,PayPal,Completed
33794250,86989,841862,4,88.38,10,35.35,318.17,0.0,2026-05-19,2026-05-20,Székesfehérvár,Retail Store,Card,Completed
78179585,85983,159275,1,98.27,0,0.0,98.27,5.86,2025-06-20,2025-06-24,Miskolc,Website,Card,Completed
95962125,51232,223989,3,24.29,0,0.0,72.87,7.01,2025-02-14,2025-02-16,Érd,Marketplace,PayPal,Completed
42568125,72384,406346,2,60.11,5,6.01,114.21,0.0,2026-07-09,2026-07-15,Székesfehérvár,Mobile App,Google Pay,Completed
93296888,51232,472199,1,24.38,10,2.44,21.94,4.48,2025-05-23,2025-05-25,Budapest,Website,Google Pay,Completed
71260426,72384,519033,1,62.01,0,0.0,62.01,8.35,2026-01-07,2026-01-09,Debrecen,Marketplace,Google Pay,Completed
42307225,86989,215512,1,91.04,0,0.0,91.04,6.14,2025-02-02,2025-02-04,Debrecen,Website,PayPal,Completed
56504599,39892,465427,3,116.75,0,0.0,350.25,0.0,2025-02-12,2025-02-14,Miskolc,Website,Card,Completed
61805460,85983,401215,1,92.61,15,13.89,78.72,5.5,2025-05-06,2025-05-08,Budapest,Marketplace,Apple Pay,Completed
41019096,37136,507728,1,49.73,0,0.0,49.73,6.1,2025-12-23,2025-12-29,Pécs,Retail Store,Card,Completed
74033242,45415,142381,1,71.8,10,7.18,64.62,4.15,2026-07-01,2026-07-02,Budapest,Website,Apple Pay,Completed
91779300,72384,159374,2,61.65,20,24.66,98.64,5.41,2025-10-30,2025-11-05,Kecskemét,Website,Apple Pay,Completed
47278561,86989,233736,1,87.85,0,0.0,87.85,6.75,2026-02-27,2026-03-05,Budapest,Retail Store,Card,Completed
58690183,86989,432087,1,91.98,25,23.0,68.98,8.96,2025-12-22,2025-12-24,Budapest,Mobile App,Card,Completed
73225764,86989,278512,1,91.65,0,0.0,91.65,6.23,2025-11-18,2025-11-19,Szombathely,Website,PayPal,Completed
78457749,51232,839870,1,24.61,10,2.46,22.15,4.02,2025-07-12,2025-07-17,Szeged,Website,Bank Transfer,Completed
86207557,95437,923787,2,56.84,5,5.68,108.0,0.0,2026-04-02,2026-04-04,Miskolc,Website,Card,Completed
69072665,51232,516826,1,25.04,5,1.25,23.79,5.86,2026-05-04,2026-05-08,Budapest,Website,Card,Completed
92181126,45415,987171,2,69.55,0,0.0,139.1,0.0,2026-02-15,2026-02-17,Nyíregyháza,Website,Card,Completed
41227852,45415,235610,1,71.5,10,7.15,64.35,6.51,2025-10-19,2025-10-24,Érd,Website,Apple Pay,Completed
67033406,37136,722251,1,51.22,0,0.0,51.22,8.55,2025-02-27,2025-03-03,Székesfehérvár,Website,Card,Completed
69081718,23801,232381,1,34.64,0,0.0,34.64,7.17,2025-10-01,2025-10-03,Székesfehérvár,Mobile App,Card,Completed
75022252,86989,464357,1,90.69,20,18.14,72.55,3.8,2025-10-18,2025-10-22,Miskolc,Mobile App,Card,Completed
57908903,45415,507765,2,70.04,0,0.0,140.08,0.0,2025-02-24,2025-02-27,Budapest,Website,Card,Completed
65123703,51232,669829,1,25.92,10,2.59,23.33,6.38,2025-12-13,2025-12-16,Budapest,Website,Card,Completed
89819020,39892,564433,1,116.9,10,11.69,105.21,0.0,2026-05-18,2026-05-22,Budapest,Marketplace,Apple Pay,Completed
16908127,77262,495871,2,113.16,5,11.32,215.0,7.89,2026-08-21,2026-08-23,Debrecen,Mobile App,PayPal,Completed
23881118,72384,749436,3,58.73,10,17.62,158.57,0.0,2026-04-26,2026-04-30,Debrecen,Website,Card,Completed
98821860,20967,344064,2,132.75,0,0.0,265.5,0.0,2025-11-03,2025-11-07,Budapest,Website,Apple Pay,Returned
93972904,49073,951479,1,91.6,5,4.58,87.02,6.78,2026-04-19,2026-04-20,Budapest,Marketplace,Card,Completed
39271410,45415,155052,1,71.72,0,0.0,71.72,7.41,2026-02-10,2026-02-11,Budapest,Website,Card,Completed
63220041,45415,114223,1,71.52,5,3.58,67.94,3.66,2026-07-16,2026-07-19,Budapest,Retail Store,Card,Completed
92643607,26644,385992,1,67.18,10,6.72,60.46,4.15,2025-09-10,2025-09-12,Győr,Website,PayPal,Completed
24176457,37136,163195,1,50.9,10,5.09,45.81,3.62,2026-02-10,2026-02-11,Budapest,Website,Apple Pay,Completed
95792430,95437,621655,1,53.41,0,0.0,53.41,7.5,2025-07-09,2025-07-10,Kecskemét,Mobile App,Card,Completed
64366120,26644,699727,1,67.12,0,0.0,67.12,7.6,2025-09-08,2025-09-12,Szeged,Website,Card,Completed
61717564,86989,884413,3,89.58,0,0.0,268.74,0.0,2025-09-27,2025-10-03,Budapest,Website,PayPal,Completed
65192047,45415,234812,2,68.23,0,0.0,136.46,0.0,2025-12-03,2025-12-03,Miskolc,Mobile App,Card,Completed
21991455,45415,731296,2,71.96,0,0.0,143.92,0.0,2025-05-14,2025-05-16,Érd,Mobile App,Cash on Delivery,Completed
94859948,51232,832897,1,25.03,10,2.5,22.53,3.54,2025-03-25,2025-03-25,Sopron,Marketplace,Card,Completed
71679235,51232,159374,1,25.05,0,0.0,25.05,4.83,2025-09-13,2025-09-15,Nyíregyháza,Marketplace,Card,Completed
72294565,45415,295408,1,69.83,0,0.0,69.83,7.08,2025-07-25,2025-07-28,Pécs,Website,Google Pay,Completed
39722388,86989,191454,1,87.57,0,0.0,87.57,8.59,2026-04-02,2026-04-04,Miskolc,Marketplace,Apple Pay,Completed
43051125,45415,672153,1,70.86,0,0.0,70.86,7.57,2026-07-27,2026-07-29,Pécs,Website,Bank Transfer,Completed
20290968,45415,665068,5,72.13,10,36.06,324.59,0.0,2025-03-22,2025-03-24,Győr,Marketplace,Bank Transfer,Completed
52395131,86989,604173,3,93.1,20,55.86,223.44,5.18,2025-01-12,2025-01-15,Kecskemét,Retail Store,Card,Completed
75187921,15378,494349,1,186.24,10,18.62,167.62,0.0,2025-11-05,2025-11-06,Budapest,Website,Google Pay,Completed
60841228,86989,460471,2,87.61,0,0.0,175.22,0.0,2025-08-24,2025-08-25,Budapest,Retail Store,Google Pay,Completed
71779054,49073,235610,1,89.24,0,0.0,89.24,7.97,2026-02-22,2026-02-23,Budapest,Mobile App,Card,Completed
49779493,51232,632380,1,25.83,25,6.46,19.37,7.49,2026-03-24,2026-03-25,Szombathely,Website,PayPal,Returned
25277346,15378,467348,1,179.63,10,17.96,161.67,0.0,2025-11-22,2025-11-22,Győr,Website,Google Pay,Completed
99217853,86989,535303,1,87.85,0,0.0,87.85,3.89,2025-11-29,2025-12-02,Győr,Website,Card,Completed
50151561,20967,405980,1,133.69,20,26.74,106.95,0.0,2025-05-14,2025-05-20,Budapest,Website,Card,Completed
38000976,23801,252214,1,35.01,5,1.75,33.26,5.76,2025-11-21,2025-11-24,Székesfehérvár,Website,Card,Completed
62423256,86989,938708,1,90.07,10,9.01,81.06,8.42,2025-04-26,2025-04-27,Nyíregyháza,Mobile App,PayPal,Completed
67505507,15378,781835,1,183.39,5,9.17,174.22,5.54,2025-06-15,2025-06-18,Miskolc,Website,Apple Pay,Completed
99154654,23801,142405,1,34.13,5,1.71,32.42,6.64,2025-07-15,2025-07-17,Budapest,Website,Google Pay,Completed
94795177,17471,484418,1,29.23,0,0.0,29.23,5.62,2026-07-19,2026-07-21,Budapest,Mobile App,Card,Completed
64257782,45415,408333,1,71.39,0,0.0,71.39,7.82,2026-06-14,2026-06-16,Székesfehérvár,Website,Google Pay,Completed
13659709,51232,569983,2,25.68,10,5.14,46.22,4.94,2025-12-20,2025-12-21,Debrecen,Website,PayPal,Completed
76588153,86989,410187,3,89.45,10,26.84,241.51,0.0,2025-04-01,2025-04-04,Szeged,Marketplace,Card,Completed
49043301,37136,876408,1,48.64,15,7.3,41.34,7.45,2026-04-23,2026-04-26,Szeged,Website,Cash on Delivery,Completed
20785196,20967,344064,2,131.84,0,0.0,263.68,0.0,2025-05-13,2025-05-20,Győr,Mobile App,Card,Completed
34356830,95437,272100,2,57.15,0,0.0,114.3,7.91,2026-05-08,2026-05-14,Budapest,Mobile App,Card,Completed
66697056,17471,155450,1,30.91,15,4.64,26.27,4.21,2025-08-01,2025-08-05,Budapest,Retail Store,Google Pay,Completed
38256568,86989,487480,1,91.87,10,9.19,82.68,6.67,2025-12-02,2025-12-04,Érd,Website,Apple Pay,Completed
17378827,20967,232554,2,129.42,0,0.0,258.84,7.3,2025-05-15,2025-05-17,Budapest,Website,Card,Completed
98979063,51232,399232,1,25.73,10,2.57,23.16,7.83,2025-12-15,2025-12-22,Győr,Marketplace,Card,Completed
76858051,45415,830998,1,68.65,20,13.73,54.92,4.47,2025-01-19,2025-01-23,Budapest,Website,Google Pay,Completed
49076349,86989,486940,1,88.53,0,0.0,88.53,5.42,2026-06-26,2026-06-29,Székesfehérvár,Website,Card,Completed
97334722,45415,513747,3,69.46,5,10.42,197.96,0.0,2026-05-09,2026-05-13,Budapest,Website,Card,Completed
69652877,23801,741127,1,35.75,0,0.0,35.75,6.08,2025-07-16,2025-07-18,Szeged,Mobile App,Card,Completed
76906045,20967,158847,1,129.72,0,0.0,129.72,0.0,2025-10-23,2025-10-26,Székesfehérvár,Website,Card,Completed
22704192,20967,852199,1,134.02,0,0.0,134.02,0.0,2025-02-28,2025-03-02,Budapest,Website,Card,Completed
14642793,15378,985928,2,178.29,0,0.0,356.58,5.02,2025-07-09,2025-07-11,Debrecen,Mobile App,Apple Pay,Completed
44848483,77262,157771,1,106.99,0,0.0,106.99,5.58,2025-02-02,2025-02-04,Budapest,Retail Store,Card,Completed
16730911,39892,527580,1,118.46,20,23.69,94.77,3.56,2025-11-14,2025-11-20,Debrecen,Retail Store,Google Pay,Completed
14406301,15378,434635,1,186.76,10,18.68,168.08,0.0,2026-01-23,2026-01-26,Eger,Website,Card,Completed
22965891,15378,565115,3,186.79,15,84.06,476.31,0.0,2025-12-26,2025-12-27,Szeged,Marketplace,Google Pay,Completed
31926546,49073,855875,1,87.4,10,8.74,78.66,4.92,2026-04-15,2026-04-19,Miskolc,Website,Card,Completed
71468618,95437,402055,1,53.66,10,5.37,48.29,7.91,2025-08-21,2025-08-22,Budapest,Retail Store,Google Pay,Completed
39428279,23801,530168,2,35.8,0,0.0,71.6,8.66,2026-05-03,2026-05-07,Debrecen,Mobile App,Card,Completed
92789975,51232,405002,1,25.66,5,1.28,24.38,7.16,2025-11-18,2025-11-20,Budapest,Mobile App,Card,Completed
99250069,85983,338479,1,98.77,10,9.88,88.89,5.42,2026-02-08,2026-02-10,Győr,Marketplace,PayPal,Completed
22941664,17471,132400,1,30.13,0,0.0,30.13,5.08,2026-03-19,2026-03-20,Nyíregyháza,Mobile App,Cash on Delivery,Completed
77777405,86989,458514,1,92.81,20,18.56,74.25,5.47,2025-12-29,2025-12-30,Veszprém,Retail Store,Card,Completed
74484692,49073,759301,1,88.94,10,8.89,80.05,6.59,2025-12-22,2025-12-23,Budapest,Marketplace,Apple Pay,Returned
95041734,86989,467427,2,89.36,0,0.0,178.72,6.11,2026-02-21,2026-02-28,Debrecen,Mobile App,Bank Transfer,Completed
42711869,85983,842068,2,93.62,0,0.0,187.24,0.0,2025-03-15,2025-03-16,Szombathely,Website,PayPal,Returned
30749913,20967,316803,1,128.99,10,12.9,116.09,0.0,2025-03-16,2025-03-21,Szeged,Marketplace,Card,Completed
57847125,86989,191454,2,92.25,5,9.22,175.28,0.0,2026-07-26,2026-07-31,Szeged,Mobile App,Card,Completed
89497900,95437,909182,3,55.13,10,16.54,148.85,0.0,2025-07-12,2025-07-16,Szeged,Website,Card,Completed
86910422,45415,132400,1,69.37,0,0.0,69.37,7.06,2025-11-29,2025-12-02,Budapest,Website,Google Pay,Completed
27596038,49073,495930,1,91.72,0,0.0,91.72,5.32,2025-07-19,2025-07-20,Pécs,Website,Card,Completed
13854574,86989,992933,1,89.88,0,0.0,89.88,4.93,2025-11-21,2025-11-24,Budapest,Website,Card,Completed
28382968,85983,475095,1,93.28,0,0.0,93.28,5.83,2025-07-17,2025-07-19,Budapest,Website,Card,Completed
22618131,45415,133913,1,69.29,25,17.32,51.97,3.98,2025-11-29,2025-12-01,Budapest,Marketplace,Apple Pay,Completed
44886470,86989,710680,1,88.64,0,0.0,88.64,8.51,2025-12-21,2025-12-23,Debrecen,Website,Google Pay,Completed
82308839,45415,670127,5,72.63,0,0.0,363.15,0.0,2025-04-15,2025-04-17,Budapest,Website,Bank Transfer,Completed
88677486,37136,432087,1,51.13,0,0.0,51.13,6.06,2025-11-26,2025-12-01,Budapest,Website,PayPal,Completed
66092574,20967,429834,2,134.56,0,0.0,269.12,0.0,2025-04-26,2025-04-27,Tatabánya,Website,PayPal,Completed
34712069,51232,439918,1,25.32,15,3.8,21.52,6.61,2025-04-28,2025-05-04,Pécs,Mobile App,Card,Completed
20349574,23801,940608,1,33.98,0,0.0,33.98,6.74,2026-04-27,2026-05-01,Pécs,Website,PayPal,Completed
69895694,15378,251672,1,187.1,0,0.0,187.1,0.0,2026-06-19,2026-06-23,Szombathely,Website,Card,Completed
91701488,37136,224801,1,51.79,0,0.0,51.79,5.51,2026-06-16,2026-06-19,Budapest,Website,Card,Completed
94516176,37136,377165,1,50.07,20,10.01,40.06,6.88,2025-12-26,2025-12-29,Debrecen,Marketplace,Bank Transfer,Completed
37339592,85983,983305,3,94.1,15,42.34,239.96,4.34,2025-12-09,2025-12-10,Kecskemét,Website,Apple Pay,Completed
93648772,51232,361637,2,25.26,0,0.0,50.52,8.74,2026-04-20,2026-04-23,Budapest,Website,PayPal,Completed
14805897,45415,276421,1,70.77,0,0.0,70.77,5.65,2025-12-19,2025-12-25,Debrecen,Website,Apple Pay,Completed
20065121,77262,405002,1,107.26,10,10.73,96.53,3.82,2025-10-25,2025-10-28,Székesfehérvár,Website,Cash on Delivery,Completed
37605101,77262,489113,1,112.47,0,0.0,112.47,0.0,2025-03-16,2025-03-18,Debrecen,Mobile App,Card,Completed
42173134,23801,729179,3,36.35,0,0.0,109.05,6.31,2025-01-11,2025-01-13,Budapest,Website,Card,Completed
80506116,85983,453524,1,96.34,10,9.63,86.71,8.46,2025-09-15,2025-09-21,Miskolc,Marketplace,Google Pay,Completed
40790422,49073,636439,1,90.95,0,0.0,90.95,7.62,2025-02-02,2025-02-04,Szombathely,Website,Card,Completed
91868088,23801,659705,1,34.26,0,0.0,34.26,6.44,2025-06-01,2025-06-02,Budapest,Mobile App,Cash on Delivery,Completed
84651598,77262,473921,2,113.13,10,22.63,203.63,0.0,2025-06-09,2025-06-11,Miskolc,Marketplace,Apple Pay,Completed
54687810,26644,185190,1,67.4,0,0.0,67.4,7.71,2025-10-03,2025-10-06,Nyíregyháza,Website,Card,Completed
39595754,23801,962627,1,34.11,10,3.41,30.7,6.55,2025-07-28,2025-07-30,Budapest,Website,Google Pay,Completed
99203892,49073,927747,1,88.2,10,8.82,79.38,6.89,2025-01-09,2025-01-10,Pécs,Website,PayPal,Completed
98381495,95437,373397,2,53.45,0,0.0,106.9,0.0,2025-11-13,2025-11-15,Kecskemét,Website,PayPal,Completed
79384416,45415,475095,1,71.43,0,0.0,71.43,4.52,2025-12-19,2025-12-26,Miskolc,Website,Apple Pay,Completed
13110895,45415,428612,1,70.75,0,0.0,70.75,6.13,2026-05-07,2026-05-09,Kecskemét,Mobile App,Bank Transfer,Completed
81252636,86989,924438,1,92.49,15,13.87,78.62,3.56,2026-05-11,2026-05-12,Budapest,Mobile App,PayPal,Completed
55032658,45415,722251,1,69.31,0,0.0,69.31,3.56,2026-07-12,2026-07-17,Debrecen,Mobile App,Card,Completed
88441087,86989,883490,1,88.32,0,0.0,88.32,5.6,2025-07-16,2025-07-17,Miskolc,Mobile App,Apple Pay,Completed
45438617,86989,872025,1,91.1,10,9.11,81.99,5.18,2025-03-08,2025-03-12,Győr,Mobile App,Cash on Delivery,Completed
60860568,37136,138030,1,50.41,0,0.0,50.41,5.0,2026-05-20,2026-05-22,Budapest,Mobile App,Apple Pay,Completed
64658748,85983,274680,1,93.99,0,0.0,93.99,3.61,2026-02-23,2026-02-27,Budapest,Mobile App,Card,Completed
41172162,26644,184904,1,66.68,0,0.0,66.68,5.69,2026-08-31,2026-09-02,Budapest,Website,Apple Pay,Completed
55117640,45415,967844,1,72.17,0,0.0,72.17,8.32,2025-09-05,2025-09-08,Budapest,Marketplace,Card,Completed
21136705,72384,985928,4,60.59,0,0.0,242.36,4.94,2025-12-14,2025-12-16,Kecskemét,Website,Google Pay,Completed
73440529,20967,225293,1,127.73,0,0.0,127.73,6.34,2025-10-01,2025-10-04,Pécs,Website,Card,Completed
94574721,37136,108130,1,50.09,20,10.02,40.07,5.58,2025-05-15,2025-05-22,Budapest,Mobile App,Cash on Delivery,Returned
14892202,95437,312696,5,56.24,0,0.0,281.2,0.0,2025-11-22,2025-11-24,Debrecen,Website,Card,Completed
30743179,95437,947649,3,53.87,15,24.24,137.37,0.0,2026-01-29,2026-02-02,Budapest,Mobile App,Apple Pay,Completed
76953130,49073,185994,1,91.59,15,13.74,77.85,4.96,2026-08-28,2026-09-01,Veszprém,Website,Card,Completed
42333944,45415,235610,1,68.97,0,0.0,68.97,4.41,2025-11-21,2025-11-23,Kecskemét,Mobile App,Bank Transfer,Completed
66679860,85983,879641,3,95.32,5,14.3,271.66,0.0,2025-07-11,2025-07-14,Szombathely,Website,Bank Transfer,Completed
26784136,49073,338479,1,90.34,0,0.0,90.34,6.89,2025-07-12,2025-07-15,Kecskemét,Mobile App,PayPal,Completed
42670898,77262,643252,1,109.05,20,21.81,87.24,6.99,2026-05-02,2026-05-07,Budapest,Retail Store,Cash on Delivery,Completed
14810336,23801,232381,2,36.04,0,0.0,72.08,4.2,2026-05-09,2026-05-11,Veszprém,Marketplace,PayPal,Completed
13907932,72384,705908,1,59.0,10,5.9,53.1,4.84,2025-05-12,2025-05-15,Miskolc,Mobile App,PayPal,Completed
53392562,95437,130851,1,53.62,15,8.04,45.58,5.03,2025-12-28,2025-12-30,Eger,Website,Card,Completed
68886581,72384,157689,2,61.26,10,12.25,110.27,0.0,2025-06-22,2025-06-23,Kecskemét,Website,Cash on Delivery,Completed
38078512,20967,383578,2,134.84,15,40.45,229.23,0.0,2025-03-28,2025-03-29,Budapest,Mobile App,Card,Completed
28334459,86989,250783,2,88.68,0,0.0,177.36,0.0,2026-03-12,2026-03-14,Kecskemét,Retail Store,Card,Completed
24556572,51232,935888,1,25.78,10,2.58,23.2,5.98,2025-01-10,2025-01-14,Debrecen,Mobile App,Apple Pay,Completed
37515235,45415,780953,3,68.88,15,31.0,175.64,0.0,2026-04-12,2026-04-14,Budapest,Mobile App,Card,Returned
21828103,20967,352680,4,134.07,25,134.07,402.21,4.27,2026-02-09,2026-02-11,Pécs,Mobile App,Card,Completed
44477587,45415,925808,1,71.38,10,7.14,64.24,5.01,2025-01-27,2025-01-31,Budapest,Mobile App,Card,Completed
87422667,72384,850325,1,60.34,0,0.0,60.34,7.1,2025-12-17,2025-12-23,Budapest,Website,Bank Transfer,Completed
72178571,86989,881604,1,92.34,0,0.0,92.34,7.43,2026-06-10,2026-06-11,Budapest,Mobile App,PayPal,Completed
77355982,15378,117436,2,181.15,0,0.0,362.3,0.0,2026-06-22,2026-06-25,Eger,Website,Card,Completed
92754897,37136,260104,1,51.14,15,7.67,43.47,6.52,2025-12-31,2026-01-03,Nyíregyháza,Mobile App,Card,Returned
27745780,51232,630843,3,24.95,10,7.48,67.37,7.47,2026-06-20,2026-06-22,Veszprém,Website,Card,Completed
26954869,15378,387737,1,179.8,15,26.97,152.83,0.0,2025-07-30,2025-08-02,Miskolc,Website,PayPal,Completed
90505771,23801,202806,1,34.37,15,5.16,29.21,3.89,2025-08-11,2025-08-14,Szeged,Website,Google Pay,Completed
23708150,45415,185994,2,70.46,15,21.14,119.78,0.0,2026-07-31,2026-08-02,Szombathely,Website,Card,Completed
52087598,45415,218368,4,71.86,0,0.0,287.44,0.0,2025-04-06,2025-04-07,Kecskemét,Website,Apple Pay,Completed
87117315,86989,276421,1,87.55,10,8.76,78.79,8.68,2025-02-18,2025-02-19,Budapest,Mobile App,Apple Pay,Completed
60638267,49073,706912,1,89.28,0,0.0,89.28,7.32,2025-06-08,2025-06-11,Debrecen,Mobile App,Card,Completed
29548820,49073,502830,1,93.16,0,0.0,93.16,7.05,2025-09-11,2025-09-14,Sopron,Mobile App,Card,Completed
99009231,95437,463428,1,54.39,20,10.88,43.51,8.1,2026-03-10,2026-03-13,Debrecen,Website,Apple Pay,Completed
18385048,86989,174469,2,88.22,15,26.47,149.97,0.0,2026-04-19,2026-04-20,Veszprém,Mobile App,Card,Completed
59944011,45415,123371,1,71.03,0,0.0,71.03,8.11,2025-05-17,2025-05-19,Eger,Retail Store,Card,Completed
23012580,17471,574494,1,29.18,20,5.84,23.34,3.85,2025-04-21,2025-04-24,Kecskemét,Mobile App,Cash on Delivery,Completed
24528807,72384,467348,1,60.11,15,9.02,51.09,4.25,2025-01-16,2025-01-21,Miskolc,Marketplace,Card,Completed
92948246,20967,718307,1,127.74,5,6.39,121.35,7.67,2026-01-08,2026-01-11,Érd,Website,Card,Completed
51274956,85983,586787,1,95.91,0,0.0,95.91,8.19,2026-01-10,2026-01-14,Budapest,Marketplace,Apple Pay,Completed
98585422,86989,945366,1,93.01,0,0.0,93.01,5.12,2026-07-25,2026-07-27,Szombathely,Website,Card,Completed
88515303,86989,855803,1,87.68,0,0.0,87.68,6.61,2026-01-30,2026-02-05,Budapest,Website,Card,Completed
83144897,51232,857290,1,24.82,0,0.0,24.82,7.1,2026-08-07,2026-08-09,Budapest,Website,PayPal,Completed
31561697,45415,283302,3,68.74,0,0.0,206.22,4.69,2026-08-02,2026-08-04,Miskolc,Website,Bank Transfer,Completed
99292101,37136,424475,1,50.49,10,5.05,45.44,6.95,2026-07-27,2026-07-27,Debrecen,Website,PayPal,Completed
43287437,15378,518417,1,179.35,20,35.87,143.48,0.0,2026-02-17,2026-02-23,Budapest,Website,PayPal,Completed
87810354,49073,332217,1,90.46,10,9.05,81.41,5.87,2026-08-02,2026-08-06,Miskolc,Retail Store,PayPal,Completed
67697565,77262,811515,1,108.54,15,16.28,92.26,8.58,2026-03-06,2026-03-09,Szombathely,Website,Card,Completed
39287552,20967,931265,2,134.75,20,53.9,215.6,5.86,2025-02-28,2025-03-07,Budapest,Retail Store,Card,Completed
48919850,26644,582813,1,64.66,10,6.47,58.19,3.99,2025-01-15,2025-01-18,Győr,Website,PayPal,Completed
46920418,51232,458514,1,24.47,20,4.89,19.58,6.13,2025-07-04,2025-07-08,Kecskemét,Website,Card,Completed
62831354,20967,639159,1,133.47,0,0.0,133.47,0.0,2026-03-03,2026-03-06,Budapest,Website,Card,Completed
78142631,86989,436047,1,87.38,0,0.0,87.38,7.38,2025-12-01,2025-12-05,Pécs,Mobile App,Google Pay,Completed
27803143,72384,564433,1,61.16,0,0.0,61.16,6.51,2025-07-11,2025-07-14,Budapest,Website,Google Pay,Completed
98833485,85983,950151,4,92.78,0,0.0,371.12,0.0,2025-10-25,2025-11-01,Győr,Website,Card,Completed
13494975,72384,732852,1,59.97,10,6.0,53.97,7.94,2026-04-26,2026-04-28,Győr,Website,Card,Completed
74661986,39892,906753,1,120.97,0,0.0,120.97,5.64,2026-04-04,2026-04-11,Érd,Website,Bank Transfer,Completed
76183384,86989,893136,1,88.5,10,8.85,79.65,8.57,2025-03-01,2025-03-07,Pécs,Retail Store,Apple Pay,Completed
50149707,20967,719758,1,129.12,0,0.0,129.12,0.0,2026-08-26,2026-08-27,Budapest,Retail Store,Bank Transfer,Completed
24558365,51232,145710,2,25.2,0,0.0,50.4,0.0,2026-06-22,,Eger,Website,Card,Cancelled
25632096,37136,672153,2,51.33,20,20.53,82.13,4.71,2025-07-10,2025-07-15,Nyíregyháza,Mobile App,Card,Completed
83967062,86989,370716,1,89.25,0,0.0,89.25,5.05,2025-05-24,2025-05-28,Budapest,Website,Google Pay,Completed
97535736,45415,706168,1,71.98,25,18.0,53.98,5.79,2026-06-11,2026-06-13,Budapest,Mobile App,Bank Transfer,Completed
26231358,51232,381875,1,25.84,0,0.0,25.84,3.57,2025-01-18,2025-01-25,Érd,Website,PayPal,Completed
66967421,86989,494016,1,90.9,0,0.0,90.9,8.15,2025-04-05,2025-04-10,Miskolc,Mobile App,Cash on Delivery,Completed
81820926,86989,893136,1,87.98,25,22.0,65.98,4.68,2026-05-11,2026-05-15,Budapest,Website,Card,Completed
61763619,51232,776749,1,24.56,0,0.0,24.56,4.86,2025-05-21,2025-05-23,Miskolc,Retail Store,Card,Completed
77884153,26644,671028,1,64.51,5,3.23,61.28,7.3,2026-04-16,2026-04-17,Budapest,Website,Bank Transfer,Completed
98801383,15378,741127,1,184.01,25,46.0,138.01,0.0,2025-10-13,2025-10-14,Nyíregyháza,Retail Store,Bank Transfer,Completed
17692778,49073,475095,2,89.21,0,0.0,178.42,4.48,2026-06-04,2026-06-11,Sopron,Mobile App,Card,Completed
63659270,51232,233768,1,25.31,0,0.0,25.31,4.53,2025-11-25,2025-11-27,Érd,Website,PayPal,Completed
51875613,95437,569983,2,56.64,0,0.0,113.28,7.67,2025-10-23,2025-10-28,Érd,Website,Card,Completed
70471931,86989,829682,2,88.77,5,8.88,168.66,0.0,2025-07-01,2025-07-05,Budapest,Mobile App,Card,Completed
28537547,45415,844105,1,69.16,10,6.92,62.24,7.18,2026-08-27,2026-08-29,Szombathely,Website,Google Pay,Completed
22196676,85983,271801,1,94.47,0,0.0,94.47,4.11,2025-12-20,2025-12-24,Budapest,Website,Apple Pay,Completed
42167365,51232,157689,1,25.04,0,0.0,25.04,8.76,2025-09-24,2025-09-25,Budapest,Mobile App,Cash on Delivery,Completed
23530601,51232,453566,1,25.93,10,2.59,23.34,6.2,2025-12-01,2025-12-04,Eger,Website,Google Pay,Completed
63888306,37136,208640,1,50.27,0,0.0,50.27,8.45,2026-02-09,2026-02-12,Szeged,Marketplace,Card,Completed
28734504,37136,315645,1,48.7,0,0.0,48.7,8.24,2026-01-31,2026-02-04,Szeged,Website,PayPal,Completed
47983026,45415,201892,1,68.8,15,10.32,58.48,5.17,2025-04-09,2025-04-10,Budapest,Website,Card,Completed
32462562,17471,610661,1,31.08,5,1.55,29.53,0.0,2026-07-27,,Budapest,Mobile App,Card,Cancelled
59331422,86989,436611,2,89.29,0,0.0,178.58,0.0,2026-01-11,2026-01-15,Budapest,Mobile App,Google Pay,Completed
75374924,77262,914352,1,109.57,0,0.0,109.57,0.0,2026-03-18,2026-03-20,Győr,Retail Store,Card,Completed
74807758,45415,983138,2,72.37,0,0.0,144.74,0.0,2025-05-29,2025-06-03,Debrecen,Website,Card,Completed
98339268,85983,141390,1,97.91,20,19.58,78.33,5.57,2026-08-04,2026-08-06,Miskolc,Website,PayPal,Completed
28701453,23801,738694,1,35.09,0,0.0,35.09,7.36,2025-04-10,2025-04-12,Kecskemét,Mobile App,Card,Completed
72502593,17471,496240,1,30.98,0,0.0,30.98,8.57,2025-10-01,2025-10-05,Budapest,Website,Card,Completed
71039972,51232,174469,1,25.82,0,0.0,25.82,7.69,2026-03-24,2026-03-26,Szeged,Marketplace,Bank Transfer,Completed
55684016,86989,496240,1,92.53,20,18.51,74.02,4.33,2026-06-22,2026-06-24,Eger,Marketplace,Card,Completed
85892059,15378,876408,2,176.06,20,70.42,281.7,7.14,2026-04-12,2026-04-13,Szeged,Website,Card,Completed
89328265,51232,889915,1,25.0,0,0.0,25.0,7.02,2025-12-12,2025-12-18,Budapest,Website,Google Pay,Completed
77256812,45415,312696,1,69.36,5,3.47,65.89,8.08,2025-08-19,2025-08-20,Budapest,Marketplace,Card,Completed
55560794,86989,253752,1,92.62,5,4.63,87.99,8.34,2025-10-21,2025-10-24,Budapest,Marketplace,Google Pay,Completed
13140141,15378,101683,1,178.57,5,8.93,169.64,0.0,2025-04-02,2025-04-05,Győr,Website,Cash on Delivery,Completed
17279173,51232,937208,1,25.36,0,0.0,25.36,6.0,2025-06-29,2025-06-30,Sopron,Mobile App,Card,Completed
99794537,45415,439918,1,69.57,15,10.44,59.13,7.38,2025-12-13,2025-12-18,Szeged,Retail Store,Card,Completed
34620633,17471,124034,1,29.67,20,5.93,23.74,5.63,2025-09-09,2025-09-12,Szeged,Website,Card,Completed
98383310,86989,373166,2,87.5,20,35.0,140.0,0.0,2026-06-15,2026-06-18,Szeged,Website,Cash on Delivery,Completed
11879631,39892,920885,1,120.43,0,0.0,120.43,7.5,2025-09-13,2025-09-19,Győr,Website,Cash on Delivery,Completed
43542446,20967,495199,1,126.74,10,12.67,114.07,6.21,2026-04-16,2026-04-17,Budapest,Website,Apple Pay,Completed
44857132,77262,382406,4,114.31,0,0.0,457.24,0.0,2026-07-09,2026-07-12,Győr,Website,PayPal,Completed
78599553,86989,377165,2,89.83,0,0.0,179.66,0.0,2025-11-10,2025-11-12,Budapest,Website,Apple Pay,Completed
39652927,51232,653573,2,25.1,0,0.0,50.2,6.76,2025-01-15,2025-01-16,Sopron,Mobile App,Card,Completed
61211288,15378,969470,2,179.29,0,0.0,358.58,6.47,2025-02-24,2025-02-27,Budapest,Retail Store,Bank Transfer,Completed
56274981,72384,591244,1,59.38,0,0.0,59.38,6.53,2026-05-23,2026-05-25,Tatabánya,Website,Card,Completed
79147866,51232,494097,2,25.91,20,10.36,41.46,6.11,2025-07-16,2025-07-21,Szeged,Marketplace,Card,Completed
43447491,20967,366798,2,128.99,10,25.8,232.18,0.0,2025-04-25,2025-05-02,Budapest,Website,Card,Completed
19998964,85983,508469,2,93.62,0,0.0,187.24,0.0,2025-04-26,2025-04-28,Pécs,Website,Apple Pay,Completed
48283773,20967,852115,1,131.98,10,13.2,118.78,0.0,2025-11-27,2025-12-02,Miskolc,Marketplace,Card,Completed
87657628,72384,453508,1,61.67,15,9.25,52.42,7.17,2026-01-23,2026-01-27,Budapest,Mobile App,Card,Completed
21920693,45415,459675,1,68.37,10,6.84,61.53,0.0,2025-10-09,,Debrecen,Mobile App,Apple Pay,Cancelled
77589506,15378,499460,1,183.18,0,0.0,183.18,0.0,2025-11-02,2025-11-06,Budapest,Website,Cash on Delivery,Completed
20329450,26644,660748,1,64.59,0,0.0,64.59,8.84,2025-10-20,2025-10-23,Kecskemét,Website,Apple Pay,Completed
67189061,86989,460123,1,87.66,0,0.0,87.66,7.58,2025-06-16,2025-06-17,Budapest,Website,Card,Completed
78011326,51232,775999,1,25.79,0,0.0,25.79,7.58,2025-05-06,2025-05-07,Székesfehérvár,Website,PayPal,Completed
36862251,39892,371154,1,119.05,15,17.86,101.19,0.0,2025-05-05,2025-05-08,Debrecen,Website,Google Pay,Completed
63375828,20967,703806,1,131.06,0,0.0,131.06,0.0,2026-05-02,2026-05-05,Miskolc,Website,Card,Completed
66567744,72384,737100,4,61.25,15,36.75,208.25,6.3,2026-04-25,2026-04-27,Szeged,Website,Cash on Delivery,Completed
87392243,86989,741488,2,88.49,5,8.85,168.13,0.0,2025-05-29,2025-06-02,Budapest,Website,Card,Completed
98243636,23801,476304,2,35.39,0,0.0,70.78,5.9,2025-11-05,2025-11-08,Budapest,Marketplace,Card,Completed
80339936,15378,829682,1,181.1,0,0.0,181.1,0.0,2025-03-19,2025-03-23,Sopron,Website,Card,Completed
63906890,86989,227202,1,88.54,10,8.85,79.69,4.16,2025-11-05,2025-11-08,Győr,Mobile App,PayPal,Completed
65014246,95437,931804,1,56.35,10,5.64,50.71,5.97,2025-12-18,2025-12-19,Budapest,Website,Card,Completed
14833502,51232,180008,2,24.67,0,0.0,49.34,8.75,2025-12-13,2025-12-14,Budapest,Website,Card,Completed
72800395,51232,381603,1,24.99,0,0.0,24.99,6.34,2026-08-08,2026-08-11,Miskolc,Marketplace,PayPal,Completed
94073312,51232,239098,1,24.9,0,0.0,24.9,0.0,2025-01-08,,Budapest,Website,Card,Cancelled
51450160,15378,436047,1,179.58,5,8.98,170.6,0.0,2025-04-12,2025-04-14,Érd,Mobile App,Cash on Delivery,Completed
31320739,77262,656708,1,110.97,20,22.19,88.78,7.37,2026-01-01,2026-01-08,Nyíregyháza,Mobile App,Card,Completed
72204884,95437,131161,1,56.61,0,0.0,56.61,6.5,2026-04-17,2026-04-17,Veszprém,Marketplace,Apple Pay,Returned
81586048,45415,763059,1,71.16,15,10.67,60.49,7.64,2026-03-26,2026-03-29,Budapest,Website,Card,Completed
81888382,51232,646402,1,24.8,0,0.0,24.8,5.54,2025-08-07,2025-08-11,Nyíregyháza,Marketplace,Card,Completed
11282968,51232,558050,1,24.83,0,0.0,24.83,8.22,2025-11-22,2025-11-25,Miskolc,Mobile App,Cash on Delivery,Completed
13885400,49073,917585,1,91.0,0,0.0,91.0,8.33,2026-03-24,2026-03-27,Szeged,Marketplace,Card,Completed
65639923,45415,226849,1,69.39,0,0.0,69.39,7.67,2025-12-29,2026-01-02,Sopron,Website,Card,Returned
64033627,86989,145710,1,90.22,0,0.0,90.22,5.33,2025-03-19,2025-03-21,Kecskemét,Website,Card,Completed
23292132,45415,383578,1,70.59,0,0.0,70.59,7.41,2026-01-25,2026-01-26,Budapest,Retail Store,Apple Pay,Completed
59325829,49073,731777,1,88.28,0,0.0,88.28,6.94,2026-05-02,2026-05-05,Kecskemét,Mobile App,Apple Pay,Completed
23103842,15378,260104,1,178.93,0,0.0,178.93,0.0,2025-06-02,2025-06-05,Tatabánya,Website,Card,Completed
35289302,86989,884155,2,90.1,0,0.0,180.2,0.0,2026-03-26,2026-03-31,Szeged,Marketplace,Card,Completed
35886671,86989,349300,2,88.91,10,17.78,160.04,0.0,2026-01-27,2026-01-28,Szeged,Retail Store,Card,Completed
78866840,15378,137875,2,182.17,5,18.22,346.12,0.0,2025-03-16,2025-03-23,Budapest,Mobile App,Card,Completed
60165291,20967,535722,1,133.82,15,20.07,113.75,5.62,2025-09-05,2025-09-06,Budapest,Mobile App,Card,Completed
46325762,51232,672817,1,24.84,20,4.97,19.87,6.47,2025-09-09,2025-09-12,Veszprém,Mobile App,Card,Completed
25027533,86989,555936,3,87.58,10,26.27,236.47,6.72,2025-10-05,2025-10-06,Debrecen,Mobile App,Google Pay,Completed
19056400,51232,437828,2,24.56,5,2.46,46.66,6.01,2025-04-21,2025-04-25,Budapest,Mobile App,Bank Transfer,Completed
31673544,20967,142381,1,129.24,20,25.85,103.39,6.88,2026-07-15,2026-07-18,Budapest,Mobile App,Apple Pay,Completed
10372104,85983,830709,1,98.06,0,0.0,98.06,4.02,2025-11-08,2025-11-11,Budapest,Marketplace,PayPal,Completed
41389771,49073,507765,1,90.99,0,0.0,90.99,4.21,2025-03-22,2025-03-24,Budapest,Mobile App,Card,Completed
11986452,51232,853113,1,25.76,20,5.15,20.61,7.88,2025-11-16,2025-11-18,Pécs,Website,Google Pay,Completed
33129330,77262,305196,2,107.18,0,0.0,214.36,0.0,2026-01-01,2026-01-03,Budapest,Mobile App,Google Pay,Completed
66322549,85983,532068,4,97.77,10,39.11,351.97,0.0,2025-06-01,2025-06-05,Tatabánya,Website,PayPal,Completed
34338443,77262,349351,1,109.28,10,10.93,98.35,3.51,2025-02-01,2025-02-03,Pécs,Mobile App,Card,Completed
80665912,72384,338479,1,61.16,0,0.0,61.16,8.09,2025-03-21,2025-03-24,Szeged,Website,Card,Completed
39627766,49073,793973,1,88.8,0,0.0,88.8,8.21,2025-05-08,2025-05-09,Budapest,Marketplace,Apple Pay,Completed
71014414,77262,585877,1,107.03,20,21.41,85.62,7.84,2025-08-02,2025-08-04,Érd,Mobile App,Card,Completed
54892561,20967,399232,2,128.95,10,25.79,232.11,0.0,2025-10-10,2025-10-13,Szeged,Website,Card,Completed
91231981,51232,957301,1,25.25,0,0.0,25.25,4.29,2025-10-10,2025-10-14,Pécs,Website,Card,Completed
41849216,20967,261662,1,130.89,0,0.0,130.89,0.0,2026-03-04,2026-03-05,Pécs,Website,Bank Transfer,Completed
73634155,72384,213981,3,59.59,20,35.75,143.02,0.0,2025-03-04,2025-03-09,Sopron,Website,Card,Completed
41227011,23801,853765,1,35.05,20,7.01,28.04,8.45,2025-07-04,2025-07-11,Budapest,Website,Card,Completed
13025845,86989,409141,1,87.9,0,0.0,87.9,4.5,2025-01-12,2025-01-14,Szeged,Retail Store,Cash on Delivery,Completed
73340351,49073,540053,1,88.94,10,8.89,80.05,8.24,2025-05-12,2025-05-14,Nyíregyháza,Mobile App,Bank Transfer,Completed
50743207,86989,564445,1,87.97,20,17.59,70.38,3.73,2026-05-25,2026-05-26,Kecskemét,Mobile App,Google Pay,Completed
34343562,49073,332217,1,90.22,0,0.0,90.22,5.94,2025-02-22,2025-02-25,Szeged,Website,Bank Transfer,Completed
35112621,20967,252214,1,134.72,0,0.0,134.72,0.0,2025-01-19,2025-01-23,Debrecen,Website,Card,Completed
52183109,49073,953459,1,88.36,5,4.42,83.94,5.66,2025-06-22,2025-06-26,Debrecen,Website,Cash on Delivery,Completed
90574781,86989,475546,1,90.05,0,0.0,90.05,7.49,2026-04-13,2026-04-17,Budapest,Marketplace,Card,Completed
38837049,51232,387758,1,25.25,10,2.53,22.72,4.09,2025-06-24,2025-06-27,Budapest,Marketplace,Card,Completed
41875686,37136,540731,1,51.57,0,0.0,51.57,0.0,2025-02-02,,Budapest,Marketplace,Card,Cancelled
82115491,86989,636282,1,88.74,5,4.44,84.3,4.69,2025-12-10,2025-12-15,Nyíregyháza,Mobile App,Card,Completed
50255879,23801,672817,1,35.85,0,0.0,35.85,3.77,2025-03-19,2025-03-21,Győr,Mobile App,Google Pay,Completed
80358085,39892,133982,1,117.29,0,0.0,117.29,0.0,2025-01-13,2025-01-18,Nyíregyháza,Mobile App,Card,Completed
52537153,45415,254929,1,72.7,0,0.0,72.7,6.36,2026-01-22,2026-01-24,Budapest,Retail Store,Bank Transfer,Completed
35048841,77262,215512,1,110.56,0,0.0,110.56,0.0,2026-07-23,2026-07-30,Budapest,Website,Cash on Delivery,Completed
19996287,85983,855803,1,92.3,10,9.23,83.07,7.13,2025-06-30,2025-07-02,Pécs,Website,Card,Completed
75027216,86989,316143,1,92.87,15,13.93,78.94,5.92,2025-12-12,2025-12-19,Kecskemét,Website,PayPal,Completed
95049871,15378,439918,1,175.13,5,8.76,166.37,3.52,2025-10-02,2025-10-03,Budapest,Mobile App,Bank Transfer,Completed
56414832,51232,458528,1,25.19,0,0.0,25.19,3.55,2025-11-06,2025-11-12,Debrecen,Website,Apple Pay,Completed
97861965,51232,909482,2,25.1,10,5.02,45.18,4.83,2025-12-08,2025-12-09,Budapest,Retail Store,Card,Completed
31987054,49073,860165,1,92.01,10,9.2,82.81,7.68,2025-03-29,2025-04-01,Budapest,Marketplace,Card,Completed
72737953,85983,155052,1,98.15,5,4.91,93.24,4.96,2025-04-29,2025-05-01,Budapest,Website,Card,Completed
42315520,23801,355191,3,33.95,15,15.28,86.57,7.83,2025-09-23,2025-09-26,Budapest,Website,Card,Completed
87055538,86989,255988,1,89.13,10,8.91,80.22,8.53,2026-04-14,2026-04-15,Budapest,Mobile App,PayPal,Completed
31134278,85983,481610,1,97.17,0,0.0,97.17,8.68,2026-08-23,2026-08-26,Budapest,Mobile App,Apple Pay,Returned
93398603,72384,381875,1,61.6,0,0.0,61.6,3.9,2026-07-16,2026-07-19,Tatabánya,Website,Google Pay,Completed
92099288,15378,172231,1,177.53,15,26.63,150.9,0.0,2026-02-17,2026-02-19,Budapest,Mobile App,Cash on Delivery,Completed
12185571,39892,385097,2,120.7,10,24.14,217.26,0.0,2025-11-15,2025-11-17,Szombathely,Website,Card,Completed
24518431,45415,988365,1,71.71,0,0.0,71.71,8.49,2026-07-20,2026-07-27,Budapest,Website,Cash on Delivery,Completed
61467220,51232,147724,1,25.97,0,0.0,25.97,6.02,2025-11-17,2025-11-20,Budapest,Mobile App,Card,Completed
50345770,86989,654545,3,87.35,0,0.0,262.05,0.0,2026-08-12,2026-08-12,Budapest,Retail Store,PayPal,Completed
69254559,77262,969188,1,112.64,5,5.63,107.01,6.05,2025-09-10,2025-09-13,Debrecen,Mobile App,Google Pay,Completed
85845749,95437,231868,2,54.09,5,5.41,102.77,0.0,2025-11-10,2025-11-13,Sopron,Website,Card,Completed
13247124,85983,447431,1,95.07,0,0.0,95.07,4.48,2026-02-24,2026-02-26,Győr,Mobile App,Cash on Delivery,Completed
70923901,85983,434476,1,97.82,10,9.78,88.04,5.62,2025-08-08,2025-08-15,Budapest,Website,Card,Completed
25226386,20967,231868,2,128.01,5,12.8,243.22,4.91,2026-03-28,2026-04-02,Tatabánya,Mobile App,Card,Completed
18169763,85983,624678,3,95.49,10,28.65,257.82,0.0,2026-05-15,2026-05-17,Székesfehérvár,Mobile App,Card,Completed
21550883,45415,570776,1,71.98,0,0.0,71.98,3.59,2026-04-14,2026-04-16,Nyíregyháza,Retail Store,Card,Completed
82361517,86989,776749,1,90.78,5,4.54,86.24,6.3,2026-02-12,2026-02-15,Nyíregyháza,Website,Card,Completed
12198221,72384,264437,1,59.6,5,2.98,56.62,3.5,2025-11-10,2025-11-17,Győr,Website,Card,Completed
90989437,95437,232899,1,55.07,5,2.75,52.32,6.33,2025-05-24,2025-05-26,Budapest,Mobile App,Card,Completed
70054708,86989,883490,1,87.38,10,8.74,78.64,7.29,2025-01-27,2025-01-31,Érd,Website,Card,Completed
91789679,37136,702862,1,50.5,25,12.62,37.88,4.15,2025-08-01,2025-08-07,Pécs,Mobile App,Bank Transfer,Completed
28017647,37136,369405,1,50.12,10,5.01,45.11,6.43,2026-05-23,2026-05-26,Budapest,Retail Store,Card,Completed
53027999,15378,495741,1,178.37,0,0.0,178.37,0.0,2026-06-19,,Debrecen,Retail Store,Cash on Delivery,Cancelled
51695551,95437,481610,1,56.26,0,0.0,56.26,8.25,2025-09-12,2025-09-14,Debrecen,Mobile App,Google Pay,Completed
88829018,45415,706912,1,68.83,10,6.88,61.95,7.12,2025-12-04,2025-12-07,Pécs,Mobile App,Bank Transfer,Completed
44600893,20967,574494,1,127.82,0,0.0,127.82,0.0,2025-01-21,,Miskolc,Website,Card,Cancelled
28769020,86989,821868,1,92.1,15,13.81,78.29,4.54,2026-08-04,2026-08-07,Budapest,Mobile App,Card,Completed
97507313,86989,473542,4,89.53,5,17.91,340.21,0.0,2026-01-30,2026-02-02,Szeged,Website,Card,Completed
29671357,86989,950151,2,92.86,5,9.29,176.43,4.73,2026-03-24,2026-03-25,Szeged,Mobile App,Card,Completed
23814591,72384,131161,2,58.31,0,0.0,116.62,0.0,2025-12-08,2025-12-10,Debrecen,Mobile App,Card,Completed
51992114,15378,499460,1,180.57,0,0.0,180.57,0.0,2026-07-29,2026-07-31,Székesfehérvár,Website,PayPal,Completed
84535254,86989,740779,2,88.24,0,0.0,176.48,0.0,2025-05-19,2025-05-22,Veszprém,Marketplace,Google Pay,Completed
13125592,23801,364783,1,35.19,0,0.0,35.19,5.84,2026-06-27,2026-06-29,Pécs,Mobile App,Bank Transfer,Completed
60453635,45415,339217,1,69.48,0,0.0,69.48,7.71,2025-11-19,2025-11-23,Pécs,Retail Store,Card,Completed
73692150,45415,797683,1,69.46,0,0.0,69.46,3.6,2025-06-14,2025-06-16,Miskolc,Mobile App,Card,Completed
40590414,45415,605291,1,71.28,10,7.13,64.15,4.23,2026-04-24,2026-04-26,Budapest,Mobile App,Card,Completed
65362519,37136,605837,1,51.92,20,10.38,41.54,5.43,2026-08-27,2026-08-29,Budapest,Retail Store,Cash on Delivery,Completed
56145994,86989,751445,1,89.82,20,17.96,71.86,7.76,2025-03-01,2025-03-03,Budapest,Marketplace,Card,Completed
80830495,85983,361637,1,98.3,10,9.83,88.47,4.18,2025-06-09,2025-06-12,Szeged,Mobile App,Card,Completed
76063124,20967,278512,2,131.94,0,0.0,263.88,6.62,2026-04-20,2026-04-22,Győr,Retail Store,Cash on Delivery,Completed
59324746,51232,174469,1,24.58,5,1.23,23.35,6.17,2025-06-12,2025-06-17,Budapest,Website,Google Pay,Completed
44028438,49073,117761,3,92.67,0,0.0,278.01,0.0,2026-01-01,2026-01-03,Budapest,Retail Store,Apple Pay,Completed
21459802,37136,502600,1,51.54,10,5.15,46.39,6.31,2026-08-27,2026-09-01,Budapest,Marketplace,Card,Completed
24290254,95437,806070,1,54.97,10,5.5,49.47,4.3,2026-06-05,2026-06-08,Pécs,Retail Store,Card,Completed
40691715,45415,559335,1,71.36,0,0.0,71.36,4.08,2025-12-05,2025-12-07,Sopron,Website,Apple Pay,Completed
84205930,85983,355971,1,98.52,20,19.7,78.82,7.12,2025-12-30,2026-01-06,Budapest,Website,PayPal,Completed
71059129,20967,179132,2,129.07,15,38.72,219.42,0.0,2026-08-07,2026-08-09,Kecskemét,Retail Store,Card,Completed
58722743,20967,232381,2,129.24,20,51.7,206.78,0.0,2026-08-09,2026-08-12,Kecskemét,Website,Apple Pay,Completed
43996381,23801,208640,2,34.45,0,0.0,68.9,4.88,2025-06-16,2025-06-18,Pécs,Website,Card,Completed
93770995,15378,332217,3,185.18,0,0.0,555.54,0.0,2025-03-26,2025-03-30,Győr,Website,Apple Pay,Completed
65162820,86989,376126,2,92.15,0,0.0,184.3,0.0,2026-08-25,2026-08-28,Szeged,Mobile App,Card,Completed
14690848,86989,745242,1,89.25,0,0.0,89.25,8.21,2026-03-03,2026-03-07,Sopron,Mobile App,Card,Completed
22712100,85983,585763,1,97.04,15,14.56,82.48,8.15,2026-02-11,2026-02-14,Miskolc,Retail Store,Card,Completed
52138814,51232,751202,1,25.13,0,0.0,25.13,5.1,2026-07-10,2026-07-11,Budapest,Marketplace,Google Pay,Completed
92310277,77262,521093,2,108.96,15,32.69,185.23,5.53,2025-11-13,2025-11-18,Pécs,Mobile App,Apple Pay,Completed
50432981,85983,635014,1,92.87,5,4.64,88.23,3.76,2026-06-13,2026-06-18,Székesfehérvár,Website,Bank Transfer,Completed
13226823,51232,672560,1,25.41,15,3.81,21.6,5.01,2026-04-13,2026-04-16,Budapest,Website,PayPal,Completed
41573227,45415,401215,1,71.18,25,17.8,53.38,7.86,2025-06-25,2025-06-28,Szombathely,Website,Google Pay,Completed
50654158,45415,465427,4,68.49,0,0.0,273.96,0.0,2025-06-05,2025-06-10,Szeged,Website,Google Pay,Completed
90531876,72384,378969,2,58.96,0,0.0,117.92,0.0,2026-04-20,2026-04-23,Veszprém,Website,Google Pay,Completed
71893523,37136,802399,1,50.69,0,0.0,50.69,7.08,2025-11-28,2025-12-03,Budapest,Website,Card,Completed
11676042,37136,238951,4,48.64,0,0.0,194.56,0.0,2025-05-27,2025-05-31,Győr,Website,PayPal,Completed
90231141,37136,852199,1,49.96,20,9.99,39.97,4.73,2025-04-10,2025-04-13,Budapest,Mobile App,Cash on Delivery,Completed
65650497,86989,374088,1,87.93,15,13.19,74.74,5.0,2025-09-28,2025-09-30,Győr,Website,Bank Transfer,Completed
74627997,86989,919535,1,89.24,25,22.31,66.93,6.14,2026-01-31,2026-02-02,Győr,Website,Apple Pay,Completed
95735670,51232,923489,1,25.96,10,2.6,23.36,6.07,2026-06-23,2026-06-25,Budapest,Retail Store,Card,Completed
81873341,85983,284675,1,97.45,15,14.62,82.83,6.16,2025-09-22,2025-09-27,Debrecen,Mobile App,Apple Pay,Completed
42702644,15378,381603,1,176.25,0,0.0,176.25,0.0,2025-08-11,2025-08-14,Kecskemét,Website,Card,Completed
71532511,23801,881600,2,35.08,0,0.0,70.16,3.81,2025-05-31,2025-06-07,Pécs,Website,Apple Pay,Completed
55394032,45415,981714,1,69.99,0,0.0,69.99,5.55,2025-06-14,2025-06-16,Budapest,Website,Apple Pay,Completed
12402599,37136,439383,1,50.85,0,0.0,50.85,5.83,2025-11-11,2025-11-14,Debrecen,Mobile App,Cash on Delivery,Completed
68604313,20967,284218,1,130.64,0,0.0,130.64,0.0,2025-06-14,2025-06-16,Miskolc,Retail Store,Card,Completed
16509620,49073,706168,1,90.77,0,0.0,90.77,7.22,2026-06-25,2026-06-29,Debrecen,Retail Store,PayPal,Completed
10491462,86989,434476,1,89.92,0,0.0,89.92,7.17,2025-12-07,2025-12-08,Kecskemét,Website,Cash on Delivery,Completed
86112964,45415,615507,1,70.79,15,10.62,60.17,4.9,2025-03-05,2025-03-07,Nyíregyháza,Website,Apple Pay,Completed
18904988,20967,172094,1,127.0,0,0.0,127.0,0.0,2026-02-14,2026-02-19,Budapest,Mobile App,Card,Completed
35116500,20967,387737,1,133.97,0,0.0,133.97,0.0,2026-02-19,2026-02-21,Tatabánya,Marketplace,Card,Completed
85376750,51232,932611,1,25.06,0,0.0,25.06,4.09,2025-10-11,2025-10-17,Budapest,Website,Card,Completed
74138873,17471,911893,1,30.49,0,0.0,30.49,5.53,2025-11-04,2025-11-10,Budapest,Mobile App,Card,Completed
52407897,45415,271801,1,72.67,10,7.27,65.4,5.14,2025-09-20,2025-09-22,Budapest,Website,PayPal,Completed
84113615,86989,864524,1,90.28,5,4.51,85.77,8.33,2025-08-16,2025-08-17,Kecskemét,Marketplace,Card,Completed
49198432,86989,436305,1,91.45,0,0.0,91.45,3.99,2025-07-09,2025-07-11,Pécs,Mobile App,Card,Completed
28695461,85983,388501,1,93.17,25,23.29,69.88,5.26,2025-12-27,2025-12-29,Budapest,Website,PayPal,Returned
96252953,45415,983105,1,70.16,0,0.0,70.16,6.04,2025-05-14,2025-05-16,Eger,Mobile App,Google Pay,Completed
52711812,15378,316143,2,183.29,5,18.33,348.25,0.0,2025-04-27,2025-05-01,Budapest,Website,Apple Pay,Completed
69223446,23801,720701,1,35.54,20,7.11,28.43,5.6,2026-05-21,2026-05-22,Budapest,Marketplace,Cash on Delivery,Returned
75037981,45415,366220,1,70.63,0,0.0,70.63,7.53,2025-11-08,2025-11-09,Miskolc,Mobile App,Card,Completed
11688194,20967,658991,1,135.14,0,0.0,135.14,6.75,2026-07-15,2026-07-20,Szeged,Website,Card,Completed
86118153,23801,463428,1,35.71,10,3.57,32.14,4.78,2025-11-04,2025-11-08,Budapest,Marketplace,Bank Transfer,Completed
48811734,15378,300525,1,179.91,10,17.99,161.92,4.61,2025-04-29,2025-05-02,Miskolc,Retail Store,Card,Completed
27596523,37136,732852,2,48.97,25,24.48,73.46,8.25,2026-01-18,2026-01-20,Budapest,Website,Card,Completed
67266179,86989,955615,1,91.83,0,0.0,91.83,7.13,2025-02-16,2025-02-18,Kecskemét,Website,PayPal,Completed
32181935,15378,508469,1,176.4,25,44.1,132.3,0.0,2026-05-05,2026-05-06,Pécs,Website,Card,Completed
52684187,51232,391290,1,25.02,0,0.0,25.02,5.23,2025-01-09,2025-01-14,Eger,Website,Card,Completed
35020832,45415,302753,1,71.41,0,0.0,71.41,8.13,2026-06-19,2026-06-22,Nyíregyháza,Marketplace,Card,Completed
16159997,26644,340538,2,64.2,0,0.0,128.4,0.0,2025-03-12,2025-03-15,Budapest,Marketplace,Bank Transfer,Completed
65446646,37136,389860,2,50.85,0,0.0,101.7,0.0,2025-04-04,2025-04-08,Veszprém,Retail Store,PayPal,Completed
21497164,86989,133913,2,89.38,10,17.88,160.88,0.0,2026-05-16,2026-05-19,Debrecen,Mobile App,Cash on Delivery,Completed
99102107,86989,564445,1,88.21,10,8.82,79.39,5.9,2025-12-14,2025-12-15,Budapest,Mobile App,Cash on Delivery,Completed
97942942,17471,570776,1,30.73,15,4.61,26.12,3.81,2025-03-05,2025-03-08,Kecskemét,Retail Store,Card,Completed
19869547,23801,472636,1,36.12,0,0.0,36.12,5.97,2026-02-21,2026-02-22,Sopron,Mobile App,Card,Completed
83408004,26644,556753,1,65.57,20,13.11,52.46,3.85,2026-07-28,2026-07-30,Kecskemét,Marketplace,Card,Completed
13558361,72384,400505,1,60.24,0,0.0,60.24,7.76,2026-04-29,2026-05-01,Szeged,Marketplace,Card,Completed
79937057,51232,473434,1,25.88,0,0.0,25.88,5.92,2026-04-10,2026-04-13,Győr,Marketplace,Card,Completed
35676914,77262,475851,2,107.35,10,21.47,193.23,0.0,2025-03-10,2025-03-11,Miskolc,Website,Apple Pay,Completed
33871234,15378,401215,2,187.16,10,37.43,336.89,0.0,2026-04-15,2026-04-16,Budapest,Website,Card,Completed
51204956,86989,237578,2,88.1,0,0.0,176.2,0.0,2026-03-29,2026-04-01,Veszprém,Marketplace,Card,Completed
13624420,51232,145189,1,25.79,15,3.87,21.92,6.87,2026-05-04,2026-05-07,Érd,Website,Bank Transfer,Completed
90920174,72384,714879,1,60.39,0,0.0,60.39,8.12,2026-02-15,2026-02-16,Szeged,Website,Card,Completed
43610575,45415,961543,4,71.22,5,14.24,270.64,0.0,2025-09-26,2025-10-01,Budapest,Marketplace,Card,Completed
15620148,15378,397141,2,185.43,0,0.0,370.86,0.0,2026-04-04,2026-04-07,Szombathely,Website,Google Pay,Completed
45409120,86989,318337,1,88.0,10,8.8,79.2,4.03,2026-07-26,2026-07-29,Székesfehérvár,Website,Cash on Delivery,Completed
48151507,20967,373166,1,127.73,0,0.0,127.73,0.0,2026-03-31,2026-04-02,Szombathely,Website,Card,Completed
80924096,23801,749402,1,34.91,0,0.0,34.91,6.34,2025-08-20,2025-08-26,Veszprém,Website,PayPal,Completed
70425936,86989,859177,2,92.55,5,9.26,175.84,0.0,2025-05-30,2025-06-01,Győr,Mobile App,Cash on Delivery,Completed
94196635,26644,564160,2,65.22,0,0.0,130.44,0.0,2025-11-19,,Miskolc,Marketplace,Card,Cancelled
87155040,17471,275072,1,29.57,15,4.44,25.13,3.87,2025-04-25,2025-04-28,Budapest,Website,PayPal,Completed
54044360,77262,495199,2,107.17,15,32.15,182.19,0.0,2026-02-28,2026-03-04,Nyíregyháza,Mobile App,Card,Completed
39805300,23801,449032,1,35.26,0,0.0,35.26,8.48,2025-11-16,2025-11-19,Szeged,Website,Apple Pay,Completed
95129266,77262,592973,1,114.25,5,5.71,108.54,0.0,2025-01-04,2025-01-07,Budapest,Website,PayPal,Completed
37670454,15378,487192,2,179.41,0,0.0,358.82,0.0,2025-10-04,2025-10-06,Székesfehérvár,Website,Cash on Delivery,Completed
57962648,39892,172231,1,121.67,0,0.0,121.67,0.0,2026-07-16,2026-07-17,Érd,Website,Google Pay,Completed
57798689,26644,254709,2,65.89,0,0.0,131.78,0.0,2025-07-21,2025-07-25,Budapest,Website,Card,Returned
93643133,72384,237578,1,62.23,10,6.22,56.01,6.76,2025-11-24,2025-11-26,Nyíregyháza,Mobile App,Apple Pay,Completed
24489309,45415,370400,1,68.17,15,10.23,57.94,5.26,2026-01-12,2026-01-15,Pécs,Retail Store,Card,Completed
68853819,20967,505313,1,132.23,0,0.0,132.23,0.0,2025-10-21,2025-10-23,Pécs,Website,Card,Returned
73838638,86989,562736,1,88.99,0,0.0,88.99,6.04,2025-01-28,2025-02-01,Kecskemét,Website,Card,Completed
40748611,45415,211474,1,72.5,15,10.88,61.62,5.73,2025-03-17,2025-03-21,Budapest,Marketplace,Card,Completed
96714969,23801,895377,1,35.33,5,1.77,33.56,4.43,2026-06-29,2026-07-02,Budapest,Mobile App,Apple Pay,Completed
67889253,86989,575474,1,91.17,0,0.0,91.17,5.84,2025-01-04,2025-01-07,Szeged,Mobile App,Card,Completed
20463936,86989,629221,1,90.43,10,9.04,81.39,7.16,2025-11-27,2025-12-01,Budapest,Website,Card,Completed
56415394,77262,268958,1,109.95,15,16.49,93.46,3.85,2026-06-01,2026-06-07,Szeged,Retail Store,Card,Completed
73545453,45415,749436,1,70.74,10,7.07,63.67,8.94,2025-04-12,2025-04-15,Budapest,Mobile App,Cash on Delivery,Completed
78682824,37136,933151,2,51.91,0,0.0,103.82,0.0,2025-11-18,2025-11-22,Kecskemét,Website,Google Pay,Completed
46693641,51232,909482,1,25.75,5,1.29,24.46,6.13,2025-06-29,2025-07-02,Győr,Mobile App,Card,Completed
92969524,20967,998760,1,128.89,0,0.0,128.89,5.48,2025-06-09,2025-06-11,Budapest,Mobile App,Card,Completed
27204059,45415,499460,1,69.75,0,0.0,69.75,6.84,2025-12-21,2025-12-24,Szeged,Website,Apple Pay,Completed
11175649,49073,119090,1,88.84,0,0.0,88.84,7.46,2025-10-07,2025-10-09,Budapest,Marketplace,Card,Completed
55347394,72384,473921,1,62.31,0,0.0,62.31,8.0,2025-12-19,2025-12-22,Szeged,Website,Cash on Delivery,Completed
28618312,77262,875321,2,111.44,0,0.0,222.88,0.0,2025-09-16,2025-09-20,Debrecen,Mobile App,Google Pay,Completed
43527681,49073,382273,2,89.33,0,0.0,178.66,0.0,2026-06-28,2026-07-02,Budapest,Website,Bank Transfer,Completed
37621791,20967,941759,1,127.47,0,0.0,127.47,0.0,2025-08-07,,Pécs,Website,Google Pay,Cancelled
98145782,17471,133913,2,30.57,20,12.23,48.91,3.68,2025-05-20,2025-05-23,Szombathely,Marketplace,Card,Completed
63185241,45415,613733,1,69.42,5,3.47,65.95,8.78,2026-05-01,2026-05-04,Debrecen,Retail Store,Google Pay,Completed
23980581,95437,526711,1,54.34,10,5.43,48.91,5.42,2025-10-21,2025-10-24,Kecskemét,Website,Card,Completed
84113976,20967,931265,2,133.15,0,0.0,266.3,0.0,2025-11-21,2025-11-23,Érd,Website,Bank Transfer,Completed
66068135,85983,508469,1,93.47,5,4.67,88.8,5.79,2026-02-27,2026-02-28,Pécs,Website,Bank Transfer,Completed
72088280,86989,172094,1,91.34,0,0.0,91.34,3.95,2025-10-06,2025-10-07,Székesfehérvár,Website,Apple Pay,Completed
51751356,51232,208640,2,25.22,0,0.0,50.44,8.5,2025-11-21,2025-11-22,Budapest,Website,Card,Completed
76884827,51232,566714,1,25.57,5,1.28,24.29,4.47,2026-05-14,2026-05-15,Tatabánya,Retail Store,PayPal,Completed
58072641,49073,180008,1,87.87,25,21.97,65.9,5.73,2025-08-28,2025-08-29,Pécs,Mobile App,Apple Pay,Completed
27702512,26644,235610,1,66.49,0,0.0,66.49,4.75,2025-04-04,2025-04-07,Budapest,Retail Store,Bank Transfer,Completed
38732022,45415,935264,1,72.74,20,14.55,58.19,8.42,2025-12-08,2025-12-11,Budapest,Website,Card,Completed
57671724,85983,142381,1,94.75,5,4.74,90.01,6.37,2025-08-11,2025-08-17,Budapest,Website,Cash on Delivery,Completed
20170961,37136,130865,2,51.44,10,10.29,92.59,7.11,2025-09-14,2025-09-18,Debrecen,Marketplace,Bank Transfer,Completed
81708055,51232,133884,1,25.66,5,1.28,24.38,6.95,2025-12-07,2025-12-10,Miskolc,Retail Store,Apple Pay,Completed
27043680,86989,369542,3,87.53,0,0.0,262.59,0.0,2025-04-17,2025-04-19,Budapest,Mobile App,Bank Transfer,Completed
20149424,23801,133884,1,33.98,5,1.7,32.28,5.17,2026-08-09,2026-08-10,Budapest,Website,Card,Completed
69525835,26644,601412,1,67.52,0,0.0,67.52,0.0,2025-02-21,,Eger,Marketplace,Card,Cancelled
90321591,20967,962411,1,126.26,10,12.63,113.63,0.0,2026-03-10,2026-03-12,Szeged,Website,PayPal,Completed
67792322,45415,623433,1,69.72,10,6.97,62.75,8.7,2026-06-20,2026-06-23,Székesfehérvár,Mobile App,PayPal,Completed
78919905,51232,558494,1,25.34,15,3.8,21.54,8.09,2026-01-01,2026-01-03,Győr,Mobile App,PayPal,Completed
72750701,45415,447431,1,68.77,5,3.44,65.33,3.62,2026-04-07,2026-04-09,Veszprém,Website,Card,Completed
76310740,20967,983105,2,131.41,0,0.0,262.82,4.25,2026-04-10,2026-04-12,Budapest,Website,PayPal,Returned
93659636,20967,155052,1,134.41,0,0.0,134.41,0.0,2026-05-11,2026-05-13,Budapest,Website,Card,Completed
71031178,23801,635014,2,34.44,0,0.0,68.88,8.98,2025-12-17,2025-12-18,Győr,Marketplace,Bank Transfer,Completed
56177357,86989,165273,3,87.34,25,65.5,196.52,4.47,2026-06-22,2026-06-26,Budapest,Website,Cash on Delivery,Completed
10009506,15378,639159,3,176.47,0,0.0,529.41,0.0,2025-12-17,2025-12-24,Kecskemét,Website,Card,Completed
98531872,17471,355217,1,30.32,0,0.0,30.32,7.51,2026-08-22,2026-08-23,Budapest,Website,PayPal,Completed
13301566,72384,236297,4,62.2,20,49.76,199.04,5.99,2025-04-11,2025-04-12,Sopron,Website,Card,Completed
74808010,37136,229479,3,50.85,0,0.0,152.55,0.0,2025-03-26,2025-03-28,Sopron,Mobile App,PayPal,Completed
71190834,37136,636439,1,50.14,10,5.01,45.13,3.58,2026-04-21,2026-04-25,Budapest,Mobile App,PayPal,Completed
48454356,85983,646402,1,95.16,0,0.0,95.16,7.52,2026-05-25,2026-05-28,Győr,Website,Card,Completed
41726654,26644,276063,3,65.94,0,0.0,197.82,7.7,2026-07-18,2026-07-20,Budapest,Website,Google Pay,Completed
86422420,45415,628458,1,69.05,0,0.0,69.05,4.61,2025-11-12,2025-11-15,Budapest,Website,Card,Completed
20329095,20967,208640,1,130.09,0,0.0,130.09,0.0,2026-05-05,2026-05-06,Székesfehérvár,Marketplace,Card,Completed
41397593,26644,508469,1,65.53,0,0.0,65.53,4.37,2026-08-02,2026-08-07,Pécs,Website,Card,Completed
51517725,37136,136539,1,49.27,0,0.0,49.27,4.62,2025-11-25,2025-11-29,Miskolc,Website,Apple Pay,Completed
98526922,86989,171600,2,90.31,10,18.06,162.56,0.0,2025-04-29,,Eger,Website,Card,Cancelled
53838591,86989,124034,4,87.39,0,0.0,349.56,0.0,2025-11-07,2025-11-08,Érd,Website,PayPal,Completed
69056758,26644,676533,1,63.74,0,0.0,63.74,4.47,2026-03-03,2026-03-04,Miskolc,Retail Store,Card,Completed
11597926,49073,788554,1,90.86,0,0.0,90.86,7.57,2025-06-02,2025-06-05,Budapest,Website,Card,Completed
37604536,49073,771770,2,87.78,10,17.56,158.0,0.0,2025-11-01,2025-11-04,Sopron,Mobile App,Bank Transfer,Completed
85921084,49073,460123,1,90.0,0,0.0,90.0,6.63,2025-11-27,2025-11-28,Debrecen,Website,Card,Completed
60583009,86989,364843,2,87.77,0,0.0,175.54,0.0,2025-09-21,2025-09-24,Budapest,Marketplace,Google Pay,Completed
22889590,86989,677929,1,92.04,0,0.0,92.04,4.42,2025-11-08,2025-11-10,Pécs,Mobile App,Card,Completed
67887123,20967,217118,1,129.19,20,25.84,103.35,4.89,2025-04-09,2025-04-13,Szombathely,Marketplace,PayPal,Returned
96496868,77262,297289,1,113.32,15,17.0,96.32,4.55,2026-01-05,2026-01-12,Budapest,Website,Card,Completed
20864802,49073,835429,3,93.44,0,0.0,280.32,7.7,2026-03-30,2026-04-01,Szeged,Website,Card,Completed
20611782,26644,473921,1,64.55,5,3.23,61.32,7.49,2025-06-25,2025-06-27,Budapest,Website,Card,Completed
62805881,23801,481610,1,34.52,5,1.73,32.79,7.52,2026-08-25,2026-08-28,Budapest,Website,Cash on Delivery,Completed
31084049,15378,581944,1,176.0,0,0.0,176.0,4.45,2025-04-01,2025-04-04,Budapest,Marketplace,Card,Completed
77032780,20967,274812,1,132.27,0,0.0,132.27,0.0,2025-10-24,2025-10-26,Budapest,Website,Card,Completed
97193178,39892,495199,3,121.45,0,0.0,364.35,0.0,2026-08-09,2026-08-10,Budapest,Mobile App,Card,Completed
43024195,45415,564433,2,70.65,0,0.0,141.3,0.0,2025-02-11,2025-02-14,Budapest,Retail Store,Google Pay,Completed
36366002,17471,136539,1,29.38,10,2.94,26.44,4.13,2026-03-30,2026-04-01,Eger,Website,Apple Pay,Completed
89887742,85983,749402,1,95.29,0,0.0,95.29,6.89,2025-06-29,2025-06-30,Budapest,Website,Apple Pay,Completed
36701001,95437,225293,2,53.89,0,0.0,107.78,0.0,2025-11-16,2025-11-19,Budapest,Marketplace,Card,Completed
45555186,86989,136539,3,91.62,20,54.97,219.89,0.0,2025-08-15,2025-08-16,Debrecen,Mobile App,Card,Completed
66683056,85983,795686,2,92.88,5,9.29,176.47,0.0,2025-10-18,2025-10-24,Győr,Website,Card,Completed
17294756,86989,681073,1,89.62,0,0.0,89.62,5.06,2025-03-10,2025-03-11,Szeged,Website,Cash on Delivery,Completed
65548971,51232,618831,1,24.98,0,0.0,24.98,8.36,2026-07-27,2026-08-01,Budapest,Mobile App,Apple Pay,Completed
50107526,72384,336083,1,60.72,5,3.04,57.68,8.72,2026-08-06,2026-08-12,Kecskemét,Website,Google Pay,Completed
87068094,23801,163679,2,36.09,25,18.05,54.13,6.03,2025-10-23,2025-10-29,Kecskemét,Mobile App,Google Pay,Completed
17055741,45415,772322,1,69.6,20,13.92,55.68,8.58,2025-04-16,2025-04-20,Szeged,Mobile App,PayPal,Completed
83302422,20967,906753,2,126.55,0,0.0,253.1,0.0,2025-07-21,2025-07-28,Budapest,Marketplace,Card,Completed
43437918,49073,730051,1,92.41,20,18.48,73.93,3.56,2025-04-29,2025-05-01,Kecskemét,Website,Card,Completed
41362459,45415,864524,1,68.28,10,6.83,61.45,5.42,2026-08-03,2026-08-05,Pécs,Retail Store,Card,Completed
85082049,39892,950151,1,124.14,0,0.0,124.14,6.33,2025-03-22,2025-03-23,Budapest,Website,Card,Completed
82851596,45415,356176,2,72.47,5,7.25,137.69,0.0,2026-05-31,2026-06-05,Miskolc,Website,Card,Completed
91373016,72384,116230,1,59.09,10,5.91,53.18,8.18,2025-08-14,2025-08-19,Budapest,Website,Google Pay,Returned
40844849,20967,463428,1,126.88,0,0.0,126.88,0.0,2026-06-29,2026-07-04,Budapest,Marketplace,Card,Completed
25629443,45415,855803,5,72.45,0,0.0,362.25,0.0,2025-11-20,2025-11-22,Nyíregyháza,Website,Card,Completed
75430125,45415,352947,1,70.0,0,0.0,70.0,5.5,2025-08-27,2025-08-30,Győr,Website,Apple Pay,Completed
14339503,86989,566341,4,90.2,15,54.12,306.68,0.0,2025-04-16,2025-04-17,Budapest,Retail Store,Card,Returned
11359543,37136,517374,1,48.5,0,0.0,48.5,6.1,2025-07-20,2025-07-27,Tatabánya,Mobile App,Apple Pay,Completed
78558550,51232,623433,1,24.28,15,3.64,20.64,3.89,2025-07-24,2025-07-30,Miskolc,Marketplace,Card,Completed
14113306,23801,795656,1,34.13,0,0.0,34.13,4.58,2025-02-10,2025-02-13,Sopron,Website,Google Pay,Completed
72087877,39892,494097,1,120.37,5,6.02,114.35,6.56,2026-02-11,2026-02-13,Miskolc,Mobile App,Card,Completed
46856776,49073,935764,1,89.51,0,0.0,89.51,8.2,2026-01-23,2026-01-27,Budapest,Website,Card,Completed
33665208,37136,979755,1,51.48,0,0.0,51.48,6.37,2026-06-11,2026-06-14,Pécs,Marketplace,Google Pay,Completed
93571801,51232,942270,1,24.42,0,0.0,24.42,3.74,2025-11-27,2025-11-29,Budapest,Marketplace,Card,Completed
14282306,37136,604418,2,48.53,10,9.71,87.35,5.33,2025-03-23,2025-03-24,Budapest,Mobile App,Card,Completed
85712527,39892,361637,1,123.08,5,6.15,116.93,0.0,2026-07-11,2026-07-16,Tatabánya,Mobile App,Card,Completed
59912493,20967,172094,4,130.49,0,0.0,521.96,0.0,2025-02-08,,Budapest,Website,PayPal,Cancelled
98236846,51232,218368,3,24.42,0,0.0,73.26,5.61,2025-08-14,2025-08-16,Budapest,Website,PayPal,Completed
81323721,26644,693752,2,64.24,0,0.0,128.48,0.0,2025-05-21,2025-05-22,Debrecen,Mobile App,Google Pay,Completed
85995797,20967,232554,1,127.96,10,12.8,115.16,5.51,2026-03-14,2026-03-15,Sopron,Website,Google Pay,Completed
21772951,49073,983138,1,92.67,20,18.53,74.14,6.85,2025-08-07,2025-08-12,Sopron,Marketplace,Card,Completed
80466909,45415,439383,1,69.9,5,3.5,66.4,3.65,2025-03-29,2025-04-05,Székesfehérvár,Marketplace,Cash on Delivery,Completed
86487427,15378,348650,1,185.23,0,0.0,185.23,0.0,2026-07-24,2026-07-30,Budapest,Marketplace,Bank Transfer,Completed
11850095,26644,460471,1,66.02,20,13.2,52.82,4.06,2025-04-13,2025-04-16,Debrecen,Mobile App,Card,Completed
92817996,85983,300525,1,96.51,20,19.3,77.21,7.22,2025-12-30,2026-01-01,Budapest,Mobile App,Google Pay,Returned
13519289,15378,764981,2,186.58,5,18.66,354.5,0.0,2026-02-18,2026-02-22,Nyíregyháza,Website,Card,Completed
77110271,77262,317927,1,114.26,0,0.0,114.26,0.0,2026-05-27,,Szeged,Website,Apple Pay,Cancelled
91840093,20967,677929,5,134.01,5,33.5,636.55,0.0,2025-05-24,2025-05-26,Budapest,Marketplace,PayPal,Completed
59514897,15378,558494,2,175.18,0,0.0,350.36,0.0,2025-04-07,2025-04-08,Győr,Mobile App,Card,Completed
68885639,37136,127995,1,50.47,0,0.0,50.47,3.87,2025-04-01,2025-04-02,Budapest,Website,Cash on Delivery,Completed
18608166,85983,136013,2,95.32,0,0.0,190.64,0.0,2025-11-02,2025-11-03,Székesfehérvár,Retail Store,Google Pay,Completed
46017885,77262,566714,1,113.74,10,11.37,102.37,7.64,2026-05-24,2026-05-27,Pécs,Mobile App,Cash on Delivery,Completed
77527140,26644,121315,1,66.42,10,6.64,59.78,5.74,2025-10-06,2025-10-07,Szeged,Website,Cash on Delivery,Completed
41486377,86989,363865,1,89.14,10,8.91,80.23,7.15,2026-05-28,2026-05-31,Tatabánya,Website,Apple Pay,Completed
84076301,45415,802399,2,68.92,20,27.57,110.27,0.0,2025-12-03,2025-12-09,Szeged,Website,Card,Completed
37558646,86989,228457,1,89.22,10,8.92,80.3,5.48,2025-05-20,2025-05-22,Budapest,Website,Card,Completed
24491784,23801,166725,1,34.61,5,1.73,32.88,7.02,2025-08-21,2025-08-22,Győr,Retail Store,Bank Transfer,Completed
86025654,51232,651916,1,25.29,0,0.0,25.29,6.69,2026-03-21,2026-03-27,Győr,Website,Apple Pay,Completed
98110931,37136,309480,2,51.36,10,10.27,92.45,8.83,2026-01-26,2026-01-28,Kecskemét,Marketplace,Bank Transfer,Completed
59854102,15378,197732,1,182.72,5,9.14,173.58,0.0,2026-05-21,2026-05-27,Székesfehérvár,Website,Card,Completed
87038663,45415,555672,1,68.25,10,6.83,61.42,8.44,2025-06-30,2025-07-02,Debrecen,Website,Card,Completed
84572538,15378,434635,1,180.31,0,0.0,180.31,7.47,2025-12-07,2025-12-09,Székesfehérvár,Marketplace,Card,Completed
49050528,49073,982828,2,88.93,0,0.0,177.86,4.58,2025-08-09,2025-08-11,Győr,Marketplace,Card,Returned
29937084,17471,889915,2,29.29,0,0.0,58.58,5.37,2026-07-04,2026-07-08,Kecskemét,Mobile App,PayPal,Completed
16165759,49073,369424,1,90.06,20,18.01,72.05,6.74,2026-05-15,2026-05-17,Székesfehérvár,Website,Bank Transfer,Completed
64411552,23801,689774,1,34.89,0,0.0,34.89,4.82,2025-02-09,2025-02-14,Sopron,Website,Apple Pay,Completed
14435285,45415,635014,5,70.93,10,35.47,319.18,0.0,2025-06-18,2025-06-21,Nyíregyháza,Website,PayPal,Completed
28634746,49073,761366,1,91.07,25,22.77,68.3,4.91,2025-12-28,2025-12-29,Budapest,Website,Google Pay,Completed
41600608,49073,410557,3,92.15,20,55.29,221.16,0.0,2025-01-25,2025-01-30,Pécs,Retail Store,Card,Completed
56294268,51232,508469,1,25.69,5,1.28,24.41,6.4,2026-08-30,2026-08-31,Budapest,Website,Card,Completed
43784283,39892,275072,1,117.69,25,29.42,88.27,7.94,2025-09-23,2025-09-26,Miskolc,Website,Card,Completed
97631271,51232,494620,1,24.64,0,0.0,24.64,7.95,2025-08-18,2025-08-20,Győr,Marketplace,Card,Completed
73363312,49073,824419,1,91.27,15,13.69,77.58,5.09,2025-06-29,2025-06-30,Szeged,Mobile App,Google Pay,Completed
92514514,45415,925808,1,69.52,0,0.0,69.52,8.77,2026-01-24,2026-01-26,Érd,Mobile App,Card,Completed
50572482,49073,852557,4,91.0,0,0.0,364.0,0.0,2026-01-29,2026-02-02,Nyíregyháza,Mobile App,Card,Completed
56661012,77262,607258,1,112.67,25,28.17,84.5,8.58,2025-05-11,2025-05-12,Miskolc,Website,Google Pay,Completed
95032633,95437,604832,2,55.12,0,0.0,110.24,0.0,2026-08-26,2026-08-28,Pécs,Mobile App,Cash on Delivery,Completed
64329178,49073,962627,1,92.19,20,18.44,73.75,5.99,2025-11-27,2025-12-04,Szeged,Retail Store,Card,Completed
76166172,39892,399232,2,119.7,15,35.91,203.49,0.0,2026-02-04,2026-02-08,Nyíregyháza,Website,PayPal,Completed
35888591,72384,352319,1,58.61,25,14.65,43.96,8.71,2026-06-07,2026-06-14,Szeged,Marketplace,Apple Pay,Completed
82588657,85983,638431,1,97.64,10,9.76,87.88,8.74,2025-08-04,2025-08-09,Székesfehérvár,Marketplace,Card,Completed
27256893,45415,132030,1,69.51,0,0.0,69.51,8.56,2025-07-03,2025-07-06,Kecskemét,Website,Card,Completed
20220371,20967,895547,3,134.08,0,0.0,402.24,0.0,2025-01-06,2025-01-09,Győr,Website,Card,Completed
25004134,17471,250783,2,29.95,20,11.98,47.92,3.84,2025-09-22,2025-09-24,Budapest,Mobile App,Bank Transfer,Completed
91332422,37136,802604,2,50.88,0,0.0,101.76,0.0,2025-03-01,2025-03-04,Budapest,Website,Card,Returned
32248340,49073,693300,2,89.78,20,35.91,143.65,0.0,2026-04-28,2026-05-04,Budapest,Website,Card,Completed
48429855,45415,756899,1,71.14,0,0.0,71.14,5.26,2026-04-13,2026-04-17,Szeged,Mobile App,Google Pay,Completed
23337884,49073,706778,1,89.08,5,4.45,84.63,5.79,2026-06-25,2026-06-28,Budapest,Retail Store,Google Pay,Completed
63497969,45415,925586,2,68.49,0,0.0,136.98,0.0,2025-10-20,2025-10-23,Győr,Mobile App,Google Pay,Completed
42677625,72384,284675,2,59.71,10,11.94,107.48,0.0,2026-08-31,2026-09-02,Szeged,Marketplace,Card,Completed
93165360,86989,824778,1,89.31,15,13.4,75.91,8.48,2025-04-27,2025-04-30,Szeged,Website,Cash on Delivery,Completed
68581096,20967,159374,1,132.1,0,0.0,132.1,0.0,2025-12-31,2026-01-03,Budapest,Website,Card,Completed
76324927,86989,505234,1,92.61,10,9.26,83.35,6.1,2026-01-22,2026-01-25,Szombathely,Mobile App,Card,Completed
21067206,23801,909482,2,35.73,0,0.0,71.46,8.23,2025-03-08,2025-03-12,Győr,Mobile App,Google Pay,Completed
62428776,37136,144875,1,51.17,20,10.23,40.94,4.3,2025-08-09,2025-08-14,Nyíregyháza,Mobile App,Apple Pay,Completed
72629119,77262,491341,1,108.53,0,0.0,108.53,7.16,2026-08-31,2026-09-02,Sopron,Mobile App,Google Pay,Completed
36739519,15378,392883,2,176.17,5,17.62,334.72,0.0,2025-10-13,2025-10-15,Miskolc,Website,Card,Completed
90655124,72384,250783,1,59.94,20,11.99,47.95,7.6,2025-12-22,2025-12-24,Budapest,Website,Cash on Delivery,Completed
93831419,85983,623433,1,93.43,5,4.67,88.76,5.97,2025-08-04,2025-08-07,Debrecen,Website,PayPal,Completed
16289488,37136,220405,1,50.56,0,0.0,50.56,6.93,2025-02-03,2025-02-08,Budapest,Website,Card,Completed
68223982,77262,962411,1,111.78,15,16.77,95.01,4.26,2025-01-08,2025-01-10,Budapest,Mobile App,Card,Completed
79073426,26644,727356,1,67.44,10,6.74,60.7,7.4,2025-10-24,2025-10-28,Budapest,Website,Apple Pay,Completed
69713057,15378,805042,1,181.1,10,18.11,162.99,0.0,2026-08-24,2026-08-25,Veszprém,Mobile App,Card,Completed
34873843,45415,951536,1,71.04,0,0.0,71.04,5.35,2025-11-15,2025-11-18,Budapest,Marketplace,Apple Pay,Completed
79227308,85983,436370,1,93.35,0,0.0,93.35,4.54,2025-08-27,2025-08-29,Debrecen,Website,Bank Transfer,Completed
68141420,20967,890845,2,127.45,0,0.0,254.9,0.0,2025-02-19,2025-02-23,Budapest,Website,Bank Transfer,Completed
90163559,45415,109539,1,71.78,0,0.0,71.78,5.14,2026-08-20,2026-08-23,Veszprém,Mobile App,Card,Completed
82803617,49073,221103,1,89.14,15,13.37,75.77,3.65,2025-01-14,2025-01-15,Nyíregyháza,Mobile App,Card,Completed
45969851,49073,342121,2,90.75,10,18.15,163.35,0.0,2025-02-14,2025-02-17,Budapest,Retail Store,Card,Completed
19167791,17471,979755,1,29.85,25,7.46,22.39,6.62,2025-12-11,2025-12-14,Szeged,Website,Card,Completed
46009965,45415,983138,1,69.4,10,6.94,62.46,3.62,2025-10-22,2025-10-25,Budapest,Website,Card,Completed
79382181,45415,499460,3,70.16,0,0.0,210.48,0.0,2025-01-09,2025-01-11,Budapest,Mobile App,Google Pay,Completed
19903077,26644,999110,1,65.81,10,6.58,59.23,7.5,2025-07-09,2025-07-10,Szeged,Retail Store,PayPal,Completed
76183909,15378,338479,1,182.34,0,0.0,182.34,0.0,2026-01-18,2026-01-21,Szombathely,Website,Apple Pay,Completed
42918417,51232,935764,5,25.02,0,0.0,125.1,0.0,2026-03-20,2026-03-22,Budapest,Website,Card,Completed
35950566,23801,672817,1,36.33,0,0.0,36.33,6.6,2026-07-08,2026-07-10,Budapest,Website,Apple Pay,Completed
41520967,77262,340538,1,114.08,20,22.82,91.26,7.85,2026-03-21,2026-03-27,Budapest,Mobile App,PayPal,Completed
25511000,45415,605291,1,71.23,10,7.12,64.11,4.93,2025-11-23,2025-11-26,Budapest,Marketplace,Cash on Delivery,Completed
29598294,51232,229479,1,24.77,5,1.24,23.53,7.08,2026-04-17,2026-04-24,Pécs,Website,Card,Completed
96011002,45415,558494,2,70.11,0,0.0,140.22,0.0,2025-05-27,2025-05-31,Budapest,Mobile App,Card,Completed
78102729,77262,950151,1,112.27,5,5.61,106.66,0.0,2025-10-12,2025-10-14,Budapest,Website,Card,Completed
17715096,15378,989215,2,177.18,0,0.0,354.36,0.0,2025-10-22,2025-10-29,Debrecen,Marketplace,Google Pay,Completed
71523669,77262,349637,1,108.34,10,10.83,97.51,5.1,2025-05-02,2025-05-07,Pécs,Website,Card,Completed
95705540,86989,276063,2,89.97,0,0.0,179.94,0.0,2025-12-17,2025-12-18,Pécs,Mobile App,Card,Completed
20203686,85983,165273,1,97.91,20,19.58,78.33,6.34,2025-03-04,2025-03-05,Budapest,Marketplace,Apple Pay,Completed
39915425,49073,473542,1,93.43,20,18.69,74.74,8.33,2026-07-15,2026-07-22,Budapest,Website,Card,Completed
11857901,45415,859502,1,70.42,0,0.0,70.42,5.5,2025-12-20,2025-12-21,Debrecen,Website,Google Pay,Completed
72113372,85983,283302,4,95.13,10,38.05,342.47,0.0,2025-05-28,2025-05-28,Budapest,Mobile App,Cash on Delivery,Completed
71579626,45415,387737,1,68.58,10,6.86,61.72,6.19,2025-03-11,2025-03-14,Budapest,Marketplace,Cash on Delivery,Completed
93527982,45415,987171,1,68.71,20,13.74,54.97,4.38,2025-09-18,2025-09-20,Budapest,Marketplace,Card,Completed
47062595,20967,886023,2,128.56,10,25.71,231.41,0.0,2025-05-21,2025-05-24,Nyíregyháza,Mobile App,PayPal,Completed
48024449,45415,951479,2,71.09,10,14.22,127.96,5.53,2025-12-22,2025-12-23,Szeged,Website,Card,Completed
85023840,49073,133982,5,90.29,10,45.15,406.3,0.0,2025-11-15,2025-11-20,Eger,Mobile App,PayPal,Completed
31479434,72384,224896,1,62.37,0,0.0,62.37,3.66,2026-06-11,2026-06-13,Budapest,Website,Card,Completed
36964427,49073,983662,1,87.89,0,0.0,87.89,7.5,2025-02-21,2025-02-23,Pécs,Marketplace,Card,Completed
58301100,77262,981115,1,109.76,0,0.0,109.76,0.0,2025-01-11,2025-01-13,Budapest,Website,Card,Completed
53013798,45415,665068,1,70.11,5,3.51,66.6,5.83,2026-06-02,2026-06-08,Budapest,Website,Cash on Delivery,Completed
30525885,86989,651916,1,90.25,0,0.0,90.25,7.84,2025-08-08,2025-08-11,Miskolc,Website,Card,Completed
48922090,85983,726842,1,97.46,20,19.49,77.97,6.32,2025-12-02,2025-12-04,Szeged,Mobile App,Card,Completed
61542975,26644,628419,1,64.72,0,0.0,64.72,3.99,2025-01-18,2025-01-24,Miskolc,Website,Card,Completed
77974596,20967,453108,1,131.84,0,0.0,131.84,0.0,2025-11-30,2025-12-07,Budapest,Marketplace,Card,Completed
96835341,95437,443562,2,53.83,25,26.91,80.75,5.82,2025-12-02,2025-12-04,Budapest,Website,Bank Transfer,Completed
40488725,20967,227343,1,129.97,0,0.0,129.97,4.82,2025-12-26,2025-12-29,Kecskemét,Marketplace,Card,Completed
16199689,86989,963120,3,89.69,5,13.45,255.62,0.0,2025-01-07,2025-01-09,Budapest,Mobile App,Cash on Delivery,Completed
60146375,86989,651916,1,87.56,20,17.51,70.05,8.7,2025-06-07,2025-06-09,Tatabánya,Mobile App,Apple Pay,Completed
49126539,72384,401215,1,58.79,0,0.0,58.79,6.7,2026-06-14,2026-06-16,Budapest,Website,Card,Completed
24323922,95437,786233,1,55.21,0,0.0,55.21,7.7,2025-01-30,2025-02-03,Győr,Mobile App,Apple Pay,Returned
49087890,45415,403728,1,70.01,0,0.0,70.01,4.75,2026-05-07,2026-05-11,Székesfehérvár,Mobile App,Cash on Delivery,Completed
52131449,15378,857290,4,177.59,10,71.04,639.32,0.0,2025-12-06,2025-12-08,Miskolc,Website,Cash on Delivery,Completed
93435960,49073,675038,1,88.39,20,17.68,70.71,4.22,2025-11-17,2025-11-21,Érd,Website,Card,Completed
47435155,17471,855803,1,30.62,10,3.06,27.56,3.65,2026-04-30,2026-05-02,Budapest,Marketplace,Card,Completed
82552753,15378,983662,1,174.71,0,0.0,174.71,0.0,2025-11-04,2025-11-10,Budapest,Marketplace,PayPal,Completed
25607300,51232,247968,1,25.11,0,0.0,25.11,8.74,2026-07-28,2026-07-30,Budapest,Mobile App,Card,Completed
65533845,17471,859177,1,30.38,10,3.04,27.34,5.11,2025-05-09,2025-05-15,Pécs,Website,Card,Completed
20857180,17471,921021,5,31.1,20,31.1,124.4,0.0,2025-05-14,2025-05-17,Budapest,Website,Google Pay,Completed
25719850,95437,323224,1,54.18,10,5.42,48.76,6.76,2026-01-03,2026-01-04,Székesfehérvár,Mobile App,Cash on Delivery,Completed
24564754,23801,726842,4,36.13,10,14.45,130.07,0.0,2025-03-29,2025-03-30,Budapest,Mobile App,Card,Completed
58297232,20967,522684,3,134.25,10,40.28,362.47,5.13,2025-10-06,2025-10-07,Budapest,Website,PayPal,Completed
86512249,37136,275072,1,50.57,10,5.06,45.51,8.29,2025-12-05,2025-12-12,Budapest,Marketplace,Cash on Delivery,Completed
93115633,45415,481610,1,69.1,0,0.0,69.1,3.65,2026-02-01,2026-02-03,Kecskemét,Mobile App,Cash on Delivery,Completed
82045428,51232,445644,1,25.0,0,0.0,25.0,6.3,2025-12-09,2025-12-11,Budapest,Website,Card,Completed
34834420,85983,495352,3,97.41,0,0.0,292.23,7.56,2025-11-06,2025-11-07,Budapest,Mobile App,Card,Completed
43541056,45415,495199,1,72.73,10,7.27,65.46,5.22,2025-05-30,2025-06-01,Budapest,Website,Card,Completed
57423450,86989,976375,1,93.38,10,9.34,84.04,7.9,2026-06-14,2026-06-17,Budapest,Mobile App,Bank Transfer,Completed
14377876,15378,763059,1,185.5,0,0.0,185.5,0.0,2025-05-24,2025-05-28,Szeged,Mobile App,Card,Completed
36569161,77262,465142,2,110.7,15,33.21,188.19,0.0,2025-05-15,2025-05-17,Budapest,Mobile App,Card,Completed
33831901,23801,540731,1,35.21,0,0.0,35.21,6.46,2026-08-23,2026-08-25,Debrecen,Marketplace,Cash on Delivery,Completed
40178458,26644,927747,2,64.85,10,12.97,116.73,3.63,2025-07-28,2025-08-04,Budapest,Website,Apple Pay,Completed
85881260,45415,629221,2,71.97,0,0.0,143.94,0.0,2026-03-02,2026-03-04,Budapest,Mobile App,Cash on Delivery,Completed
36781058,45415,352947,1,67.97,0,0.0,67.97,7.67,2026-04-14,2026-04-17,Nyíregyháza,Marketplace,Card,Completed
63469154,51232,634320,1,25.9,0,0.0,25.9,4.31,2025-12-06,2025-12-10,Eger,Website,PayPal,Completed
88586330,15378,535722,1,185.7,0,0.0,185.7,0.0,2025-07-06,2025-07-09,Miskolc,Website,Google Pay,Completed
47789750,26644,444004,1,63.24,10,6.32,56.92,0.0,2025-07-05,,Eger,Marketplace,Card,Cancelled
79829934,39892,962411,1,122.42,5,6.12,116.3,0.0,2025-05-10,2025-05-12,Budapest,Website,Card,Completed
15845598,49073,613733,1,91.08,0,0.0,91.08,7.4,2026-08-25,2026-08-31,Debrecen,Website,Card,Completed
20554556,72384,562237,1,59.19,20,11.84,47.35,8.03,2026-03-17,2026-03-19,Győr,Mobile App,PayPal,Completed
83671748,86989,731977,1,92.88,0,0.0,92.88,6.82,2026-02-28,2026-03-03,Debrecen,Retail Store,Card,Completed
28499343,77262,435780,3,112.3,20,67.38,269.52,0.0,2025-07-05,2025-07-07,Miskolc,Website,Card,Completed
46160810,77262,605620,1,112.35,5,5.62,106.73,0.0,2026-04-12,2026-04-13,Budapest,Mobile App,Apple Pay,Completed
70433853,15378,432087,2,185.5,5,18.55,352.45,6.18,2025-01-06,2025-01-12,Sopron,Website,Apple Pay,Completed
57046942,45415,252737,1,68.74,10,6.87,61.87,8.13,2026-02-07,2026-02-08,Budapest,Website,Card,Completed
80499243,37136,473542,2,51.8,25,25.9,77.7,7.23,2026-01-05,2026-01-07,Szeged,Mobile App,Apple Pay,Completed
80295919,39892,653573,1,121.97,0,0.0,121.97,0.0,2025-09-20,2025-09-21,Pécs,Mobile App,Cash on Delivery,Completed
33886411,15378,506816,1,180.58,0,0.0,180.58,7.79,2026-03-05,2026-03-09,Budapest,Mobile App,Card,Completed
82243686,85983,761524,1,93.56,0,0.0,93.56,4.39,2025-10-28,2025-10-29,Budapest,Website,Card,Completed
60046308,49073,379755,1,91.33,0,0.0,91.33,4.16,2026-04-27,2026-04-30,Budapest,Mobile App,Card,Completed
93456617,15378,580956,1,184.83,10,18.48,166.35,0.0,2025-09-20,2025-09-23,Debrecen,Website,Card,Completed
53040566,20967,414093,1,129.45,5,6.47,122.98,5.4,2026-01-25,2026-01-30,Debrecen,Marketplace,Card,Returned
38263715,51232,677929,1,25.78,15,3.87,21.91,6.91,2026-01-15,2026-01-17,Győr,Mobile App,Card,Completed
72529772,39892,233768,2,118.79,0,0.0,237.58,0.0,2025-11-02,2025-11-07,Nyíregyháza,Mobile App,Apple Pay,Completed
86198314,23801,831619,1,36.04,15,5.41,30.63,8.94,2025-07-23,2025-07-27,Budapest,Mobile App,Card,Completed
35931154,45415,706912,2,69.88,0,0.0,139.76,0.0,2026-08-02,2026-08-05,Kecskemét,Retail Store,Card,Completed
56136017,72384,465427,1,60.31,0,0.0,60.31,5.93,2026-08-31,2026-09-05,Győr,Mobile App,Card,Completed
48753467,26644,317927,1,64.21,20,12.84,51.37,8.85,2026-03-22,2026-03-25,Székesfehérvár,Mobile App,Card,Completed
81710186,39892,393046,1,119.92,15,17.99,101.93,4.85,2025-04-02,2025-04-03,Budapest,Website,Card,Completed
96197819,20967,639159,2,131.95,0,0.0,263.9,0.0,2025-04-29,2025-04-30,Debrecen,Website,Cash on Delivery,Completed
65668046,20967,507765,4,131.01,20,104.81,419.23,0.0,2025-05-31,2025-06-02,Budapest,Retail Store,PayPal,Completed
27241183,45415,138030,1,72.29,0,0.0,72.29,5.41,2025-12-19,2025-12-21,Budapest,Website,Card,Completed
20610589,15378,507728,1,178.35,0,0.0,178.35,0.0,2025-08-20,2025-08-23,Nyíregyháza,Mobile App,PayPal,Completed
40340806,45415,475546,1,69.77,0,0.0,69.77,5.7,2025-05-03,2025-05-06,Budapest,Mobile App,Bank Transfer,Completed
62629854,72384,535722,1,58.75,0,0.0,58.75,4.91,2025-11-29,2025-12-02,Szeged,Website,PayPal,Completed
90147574,85983,138978,1,98.79,5,4.94,93.85,4.84,2025-05-19,2025-05-22,Pécs,Mobile App,Card,Completed
33218021,86989,737385,2,89.0,0,0.0,178.0,0.0,2025-12-02,2025-12-08,Budapest,Website,PayPal,Completed
31962693,15378,540053,2,178.31,5,17.83,338.79,0.0,2026-02-09,2026-02-12,Érd,Mobile App,Apple Pay,Completed
42326245,51232,127995,2,25.95,5,2.6,49.3,7.44,2025-05-22,2025-05-25,Eger,Website,Cash on Delivery,Completed
26542174,49073,962563,1,91.99,25,23.0,68.99,8.09,2025-04-20,2025-04-23,Budapest,Website,Apple Pay,Completed
21699657,20967,245515,2,130.73,0,0.0,261.46,4.94,2025-07-10,2025-07-13,Budapest,Marketplace,Card,Completed
64920444,23801,137875,1,36.29,10,3.63,32.66,4.61,2026-08-12,2026-08-13,Budapest,Retail Store,Card,Completed
57179832,45415,194805,3,72.58,20,43.55,174.19,0.0,2026-07-15,2026-07-17,Budapest,Website,Bank Transfer,Completed
61201725,23801,751445,2,34.27,0,0.0,68.54,5.39,2025-04-02,2025-04-03,Budapest,Retail Store,Card,Completed
67415842,26644,299149,1,64.21,0,0.0,64.21,8.94,2026-04-22,2026-04-28,Pécs,Website,PayPal,Completed
63342367,45415,188293,1,68.31,5,3.42,64.89,7.99,2025-04-19,2025-04-24,Győr,Website,PayPal,Completed
87428775,51232,855875,1,24.62,0,0.0,24.62,3.57,2025-09-13,2025-09-15,Szeged,Website,Card,Completed
88797505,37136,464357,2,50.24,0,0.0,100.48,0.0,2025-08-25,2025-08-27,Székesfehérvár,Website,PayPal,Completed
92739421,15378,405980,1,179.7,0,0.0,179.7,0.0,2025-02-11,2025-02-13,Budapest,Website,Card,Completed
93312810,39892,774579,1,118.8,15,17.82,100.98,4.15,2026-01-26,2026-01-28,Budapest,Marketplace,Card,Completed
41254059,72384,432600,2,61.8,10,12.36,111.24,0.0,2025-12-17,2025-12-18,Győr,Website,Card,Completed
65648465,86989,385603,2,89.85,0,0.0,179.7,7.23,2026-04-20,2026-04-23,Nyíregyháza,Mobile App,Card,Completed
58065197,23801,962627,1,35.94,0,0.0,35.94,3.64,2025-03-02,2025-03-08,Győr,Website,Apple Pay,Completed
60679052,86989,238951,1,91.61,5,4.58,87.03,3.59,2026-07-19,2026-07-23,Budapest,Website,Cash on Delivery,Completed
94586590,39892,380978,1,120.18,5,6.01,114.17,0.0,2025-11-03,2025-11-06,Sopron,Mobile App,Card,Completed
74613064,86989,914352,3,93.43,10,28.03,252.26,6.01,2025-09-07,2025-09-10,Sopron,Marketplace,Cash on Delivery,Completed
92437684,86989,672153,1,92.08,0,0.0,92.08,7.49,2026-06-01,2026-06-04,Szeged,Website,Cash on Delivery,Completed
63802199,95437,590914,1,53.46,0,0.0,53.46,6.92,2025-03-01,2025-03-04,Debrecen,Website,Google Pay,Completed
83664958,51232,888509,1,25.7,0,0.0,25.7,7.96,2026-07-17,2026-07-20,Budapest,Website,Card,Completed
20951429,15378,446765,1,175.18,0,0.0,175.18,0.0,2025-11-26,2025-11-29,Pécs,Retail Store,Google Pay,Completed
78235247,20967,371154,1,129.73,0,0.0,129.73,6.0,2025-09-04,2025-09-06,Szeged,Website,Cash on Delivery,Completed
31300549,86989,535722,1,92.9,10,9.29,83.61,4.68,2025-03-06,2025-03-09,Budapest,Website,Card,Completed
68637485,45415,652521,2,69.15,0,0.0,138.3,0.0,2026-02-25,2026-03-04,Nyíregyháza,Retail Store,Card,Completed
20223003,77262,947649,1,110.47,10,11.05,99.42,3.99,2025-12-09,2025-12-10,Sopron,Mobile App,Card,Completed
79997376,85983,762677,1,95.25,5,4.76,90.49,7.3,2025-09-22,2025-09-26,Miskolc,Mobile App,Google Pay,Completed
99290747,51232,203142,2,24.55,0,0.0,49.1,6.44,2025-12-30,2025-12-31,Pécs,Mobile App,Cash on Delivery,Completed
40262870,20967,263625,1,132.84,0,0.0,132.84,4.73,2025-01-04,2025-01-06,Budapest,Retail Store,Apple Pay,Completed
75518574,86989,361637,1,91.85,0,0.0,91.85,8.86,2025-12-28,2025-12-29,Budapest,Website,Card,Completed
32687770,37136,185994,1,51.6,0,0.0,51.6,6.43,2026-07-06,2026-07-08,Szeged,Marketplace,Apple Pay,Completed
55480049,15378,720346,2,175.71,0,0.0,351.42,4.52,2026-07-31,2026-08-01,Debrecen,Marketplace,Card,Completed
97997863,45415,211474,2,70.2,10,14.04,126.36,6.11,2026-06-13,2026-06-17,Győr,Website,Cash on Delivery,Completed
54124834,37136,981115,1,50.58,5,2.53,48.05,8.67,2025-10-23,2025-10-29,Szeged,Retail Store,Card,Completed
68505286,86989,356432,1,90.61,15,13.59,77.02,6.46,2025-07-08,2025-07-11,Debrecen,Mobile App,PayPal,Completed
21319701,86989,133884,1,91.83,0,0.0,91.83,4.49,2025-11-20,2025-11-22,Budapest,Website,Google Pay,Completed
42946239,72384,720346,1,61.65,10,6.17,55.48,5.39,2025-08-31,2025-09-02,Budapest,Website,Google Pay,Completed
58701998,95437,945366,1,54.23,25,13.56,40.67,7.08,2025-11-05,2025-11-11,Érd,Website,Card,Completed
28626054,23801,489113,1,34.01,0,0.0,34.01,5.07,2026-08-17,2026-08-19,Nyíregyháza,Website,Cash on Delivery,Completed
36459217,86989,481610,3,88.37,0,0.0,265.11,7.9,2025-10-28,2025-10-29,Szeged,Mobile App,PayPal,Completed
35422383,86989,619421,1,88.16,5,4.41,83.75,7.25,2025-09-23,2025-09-29,Budapest,Retail Store,Card,Completed
44939690,23801,731851,1,35.52,10,3.55,31.97,5.33,2025-03-17,2025-03-19,Budapest,Marketplace,Card,Completed
93600532,20967,882506,1,126.93,0,0.0,126.93,0.0,2026-08-20,2026-08-22,Budapest,Website,Google Pay,Completed
74043214,86989,495930,1,87.49,10,8.75,78.74,8.5,2026-05-04,2026-05-06,Debrecen,Marketplace,Bank Transfer,Completed
67069209,86989,638431,1,92.74,0,0.0,92.74,4.45,2025-07-01,2025-07-06,Miskolc,Mobile App,Card,Returned
77814033,85983,458528,1,93.59,10,9.36,84.23,4.0,2025-06-14,2025-06-17,Szombathely,Marketplace,Google Pay,Completed
95921588,15378,270015,2,182.83,25,91.42,274.24,0.0,2025-08-02,2025-08-04,Szombathely,Website,Card,Returned
37016808,39892,906753,1,120.47,5,6.02,114.45,4.98,2025-09-04,2025-09-06,Budapest,Retail Store,Apple Pay,Completed
78805843,86989,142381,1,92.76,0,0.0,92.76,8.57,2025-04-06,2025-04-10,Miskolc,Mobile App,Cash on Delivery,Completed
96931765,23801,974874,2,35.49,5,3.55,67.43,5.76,2025-06-20,2025-06-22,Székesfehérvár,Mobile App,Card,Completed
13241502,15378,987171,1,184.26,0,0.0,184.26,0.0,2025-03-08,2025-03-09,Budapest,Website,Card,Completed
24554636,49073,985928,3,91.38,10,27.41,246.73,6.61,2025-09-12,2025-09-13,Budapest,Mobile App,Google Pay,Completed
72424515,86989,475546,1,93.37,15,14.01,79.36,5.55,2025-10-18,2025-10-21,Pécs,Website,Google Pay,Completed
55363289,45415,830709,2,68.39,25,34.2,102.58,0.0,2025-07-10,2025-07-15,Budapest,Retail Store,Card,Completed
78668268,20967,284218,1,127.56,5,6.38,121.18,7.42,2025-11-03,2025-11-05,Kecskemét,Website,Card,Completed
45716989,45415,955580,1,71.13,0,0.0,71.13,6.73,2026-01-22,2026-01-23,Győr,Mobile App,Card,Completed
20359648,20967,671028,2,131.78,0,0.0,263.56,0.0,2026-03-31,2026-04-02,Debrecen,Website,Google Pay,Completed
33424365,37136,158847,1,50.17,20,10.03,40.14,8.09,2025-02-21,2025-02-25,Budapest,Website,Card,Completed
76840791,86989,481610,1,87.53,0,0.0,87.53,7.02,2025-12-24,2025-12-27,Debrecen,Website,PayPal,Completed
28382933,45415,155052,1,68.66,10,6.87,61.79,7.23,2026-06-25,2026-06-28,Szeged,Website,Card,Completed
78038077,72384,942270,1,59.2,5,2.96,56.24,6.05,2025-12-10,2025-12-11,Debrecen,Website,PayPal,Completed
77351234,20967,496282,1,129.02,0,0.0,129.02,0.0,2026-08-25,2026-08-29,Nyíregyháza,Website,Apple Pay,Completed
13166254,86989,475546,2,88.75,10,17.75,159.75,0.0,2026-03-01,2026-03-03,Pécs,Mobile App,Bank Transfer,Completed
91960953,51232,861241,1,25.7,5,1.29,24.41,7.38,2025-07-25,2025-07-26,Budapest,Website,Card,Completed
80311502,77262,129550,1,111.4,0,0.0,111.4,0.0,2025-01-17,2025-01-21,Debrecen,Retail Store,Card,Completed
71293638,17471,145189,1,30.14,10,3.01,27.13,7.76,2026-08-02,2026-08-04,Győr,Website,Bank Transfer,Completed
50373124,23801,638431,1,35.61,10,3.56,32.05,7.18,2026-01-26,2026-01-27,Budapest,Marketplace,Apple Pay,Completed
52571035,85983,142405,2,95.09,20,38.04,152.14,0.0,2025-07-02,2025-07-04,Pécs,Mobile App,Apple Pay,Completed
41757345,20967,507728,2,133.24,10,26.65,239.83,0.0,2025-04-29,2025-04-30,Debrecen,Marketplace,PayPal,Completed
64742039,20967,447431,1,127.13,0,0.0,127.13,0.0,2025-12-15,2025-12-18,Budapest,Mobile App,Card,Completed
96626710,45415,183056,1,70.36,10,7.04,63.32,6.57,2025-07-24,2025-07-26,Miskolc,Website,Apple Pay,Returned
25354768,85983,258927,1,94.41,5,4.72,89.69,4.16,2025-10-23,2025-10-29,Debrecen,Website,Card,Completed
30787120,49073,859568,1,91.19,0,0.0,91.19,4.13,2025-05-01,2025-05-03,Budapest,Mobile App,Card,Completed
92253070,45415,352680,2,68.35,20,27.34,109.36,0.0,2025-07-18,2025-07-22,Budapest,Retail Store,Card,Completed
38202432,20967,714564,2,133.33,0,0.0,266.66,6.53,2026-02-19,2026-02-20,Szeged,Retail Store,PayPal,Completed
24042205,86989,389860,1,89.32,5,4.47,84.85,7.94,2025-02-12,2025-02-14,Budapest,Website,PayPal,Completed
56170798,49073,933091,1,89.5,25,22.38,67.12,4.58,2025-04-18,2025-04-23,Eger,Website,Card,Completed
73165670,86989,981714,1,87.35,0,0.0,87.35,5.69,2025-04-24,2025-04-28,Érd,Website,PayPal,Completed
59394052,15378,188293,2,178.53,20,71.41,285.65,0.0,2025-09-01,2025-09-07,Veszprém,Mobile App,Apple Pay,Returned
29420750,86989,271801,1,89.63,5,4.48,85.15,3.84,2025-08-08,2025-08-10,Budapest,Website,Card,Completed
76209039,77262,268958,1,112.42,5,5.62,106.8,0.0,2025-01-15,2025-01-17,Budapest,Website,Card,Completed
66890743,20967,588076,3,128.07,0,0.0,384.21,0.0,2025-10-16,2025-10-17,Székesfehérvár,Marketplace,Card,Completed
81090544,86989,771770,1,88.44,10,8.84,79.6,5.15,2026-03-05,2026-03-06,Budapest,Retail Store,Bank Transfer,Completed
62882356,23801,764981,1,34.39,5,1.72,32.67,7.61,2026-01-15,2026-01-22,Székesfehérvár,Marketplace,Card,Completed
12559700,77262,385097,1,110.64,0,0.0,110.64,0.0,2026-04-04,2026-04-05,Szombathely,Mobile App,Google Pay,Completed
67967924,45415,876408,1,68.89,20,13.78,55.11,3.69,2025-05-18,2025-05-20,Budapest,Marketplace,Cash on Delivery,Completed
83691652,51232,658991,1,25.4,10,2.54,22.86,4.48,2025-04-13,2025-04-17,Szombathely,Mobile App,Card,Completed
99382269,49073,274680,1,91.82,0,0.0,91.82,8.91,2025-01-12,2025-01-14,Pécs,Website,Card,Completed
77503012,20967,548154,1,131.01,0,0.0,131.01,3.72,2026-07-11,2026-07-14,Budapest,Website,Card,Completed
41271016,72384,902953,1,62.11,0,0.0,62.11,4.83,2025-09-07,2025-09-12,Szombathely,Website,Google Pay,Completed
61993647,49073,220405,1,90.98,0,0.0,90.98,8.63,2026-06-29,2026-07-01,Budapest,Website,Apple Pay,Completed
66677991,26644,581944,1,65.58,0,0.0,65.58,7.16,2025-08-08,2025-08-09,Kecskemét,Website,Bank Transfer,Completed
11625863,37136,276063,1,49.62,10,4.96,44.66,8.65,2025-03-29,2025-03-30,Miskolc,Marketplace,Card,Completed
77502475,23801,234812,1,35.68,10,3.57,32.11,6.78,2026-05-12,2026-05-15,Budapest,Website,Card,Completed
26226566,49073,582813,1,92.35,0,0.0,92.35,5.68,2025-07-13,2025-07-17,Debrecen,Website,Card,Completed
96170284,26644,309026,1,63.33,0,0.0,63.33,5.74,2025-03-07,2025-03-09,Győr,Website,Card,Completed
94591014,51232,693413,3,24.7,20,14.82,59.28,4.28,2025-12-11,2025-12-12,Debrecen,Website,Card,Completed
91096415,85983,436611,4,97.14,0,0.0,388.56,0.0,2026-04-12,,Szombathely,Website,Apple Pay,Cancelled
16506889,49073,172703,1,91.55,5,4.58,86.97,5.87,2025-09-06,2025-09-10,Debrecen,Website,Google Pay,Completed
31855054,49073,239098,1,91.66,5,4.58,87.08,7.4,2025-11-09,2025-11-11,Miskolc,Website,Apple Pay,Completed
35533871,45415,628419,1,69.27,0,0.0,69.27,6.63,2025-08-13,2025-08-16,Miskolc,Website,PayPal,Completed
28970121,72384,976850,5,61.96,5,15.49,294.31,0.0,2025-11-21,2025-11-25,Budapest,Website,Card,Completed
22216739,77262,461587,1,107.76,10,10.78,96.98,8.29,2025-12-08,2025-12-11,Győr,Website,Apple Pay,Completed
21562786,72384,295408,1,58.93,20,11.79,47.14,0.0,2026-04-23,,Debrecen,Mobile App,PayPal,Cancelled
39707611,51232,208640,2,25.54,0,0.0,51.08,8.9,2025-08-30,2025-09-01,Budapest,Website,Apple Pay,Completed
99574263,20967,379921,1,128.68,0,0.0,128.68,0.0,2025-02-15,2025-02-19,Nyíregyháza,Website,Google Pay,Completed
53581728,72384,559367,2,61.4,10,12.28,110.52,0.0,2026-07-28,2026-07-29,Sopron,Marketplace,Google Pay,Completed
61505178,15378,974874,2,185.78,0,0.0,371.56,0.0,2026-04-07,2026-04-11,Székesfehérvár,Website,Google Pay,Completed
94641421,51232,558050,2,25.25,0,0.0,50.5,7.92,2026-06-15,2026-06-17,Nyíregyháza,Website,Google Pay,Completed
71141932,20967,311579,2,131.3,0,0.0,262.6,0.0,2025-04-09,2025-04-12,Budapest,Mobile App,Card,Completed
93212636,49073,761366,3,93.45,0,0.0,280.35,0.0,2025-07-28,2025-07-31,Budapest,Retail Store,Card,Completed
84375737,85983,252737,1,96.13,5,4.81,91.32,6.68,2025-12-10,2025-12-11,Budapest,Mobile App,Card,Completed
11366931,49073,227202,4,93.05,20,74.44,297.76,6.62,2025-12-19,2025-12-21,Budapest,Mobile App,Card,Completed
44186287,39892,659705,2,120.14,5,12.01,228.27,5.22,2025-05-11,2025-05-14,Szombathely,Website,Apple Pay,Completed
32341164,37136,574494,2,50.9,20,20.36,81.44,5.5,2025-11-27,2025-11-30,Pécs,Website,Card,Completed
43894929,86989,635847,2,92.09,0,0.0,184.18,0.0,2025-12-21,2025-12-24,Sopron,Mobile App,Card,Completed
68772698,20967,381603,1,134.4,5,6.72,127.68,0.0,2026-02-15,2026-02-18,Debrecen,Mobile App,Bank Transfer,Completed
10720797,85983,731777,1,92.34,15,13.85,78.49,5.73,2026-03-15,2026-03-16,Szombathely,Website,Google Pay,Completed
69098379,49073,772061,1,91.82,0,0.0,91.82,5.78,2026-07-02,2026-07-07,Budapest,Website,Google Pay,Completed
30286217,51232,590789,3,25.54,0,0.0,76.62,5.56,2025-10-29,2025-10-31,Érd,Marketplace,Card,Completed
23059183,23801,562736,1,36.32,0,0.0,36.32,7.33,2025-10-20,2025-10-22,Budapest,Website,Card,Completed
64357706,45415,585877,1,69.7,0,0.0,69.7,7.06,2025-10-13,2025-10-15,Szeged,Website,PayPal,Completed
42404751,77262,896153,1,111.74,0,0.0,111.74,5.73,2026-01-24,2026-01-26,Érd,Retail Store,Card,Completed
31763917,39892,224896,2,117.0,0,0.0,234.0,0.0,2025-10-21,2025-10-22,Szeged,Website,Card,Completed
62562649,86989,141390,1,91.02,0,0.0,91.02,7.32,2026-04-06,2026-04-07,Budapest,Mobile App,Bank Transfer,Completed
13192831,26644,299858,1,67.31,0,0.0,67.31,4.86,2025-12-19,2025-12-20,Győr,Website,Card,Completed
57497127,37136,901875,1,50.24,15,7.54,42.7,6.7,2025-08-17,2025-08-18,Budapest,Website,Card,Completed
42848253,20967,522684,1,129.58,10,12.96,116.62,0.0,2026-03-28,2026-03-31,Budapest,Retail Store,Card,Completed
15982315,49073,999110,4,93.02,0,0.0,372.08,0.0,2025-11-15,2025-11-17,Budapest,Website,PayPal,Completed
37511190,45415,297289,2,70.07,0,0.0,140.14,7.68,2025-07-05,2025-07-10,Budapest,Mobile App,PayPal,Completed
88593594,49073,998760,2,91.4,0,0.0,182.8,0.0,2026-04-16,2026-04-17,Pécs,Website,Google Pay,Completed
17070017,23801,104603,1,36.35,5,1.82,34.53,8.55,2025-05-30,2025-06-01,Miskolc,Website,Google Pay,Completed
80151149,15378,855803,1,184.73,0,0.0,184.73,0.0,2026-02-03,2026-02-05,Sopron,Marketplace,Card,Completed
33872074,85983,520296,1,92.65,20,18.53,74.12,8.52,2025-12-02,2025-12-04,Budapest,Mobile App,Apple Pay,Completed
48418213,37136,412411,2,50.23,0,0.0,100.46,0.0,2026-05-28,2026-05-29,Debrecen,Marketplace,Card,Completed
10853693,45415,844105,3,70.89,5,10.63,202.04,0.0,2026-04-23,2026-04-26,Győr,Website,Cash on Delivery,Completed
20633982,37136,486133,3,50.93,5,7.64,145.15,0.0,2026-05-21,2026-05-23,Győr,Marketplace,Card,Completed
14535146,85983,305196,1,93.13,10,9.31,83.82,7.06,2026-01-27,2026-01-28,Nyíregyháza,Mobile App,PayPal,Completed
90868712,39892,607258,1,123.22,0,0.0,123.22,6.32,2026-08-01,2026-08-04,Budapest,Website,Bank Transfer,Completed
67499683,85983,429834,1,92.82,5,4.64,88.18,8.31,2026-03-23,2026-03-24,Budapest,Website,Cash on Delivery,Completed
73655362,20967,764981,5,132.84,0,0.0,664.2,0.0,2025-12-08,2025-12-10,Budapest,Mobile App,Card,Completed
44563370,51232,624678,1,25.25,15,3.79,21.46,8.33,2025-07-15,2025-07-17,Budapest,Website,Apple Pay,Returned
55667079,85983,519033,2,93.76,10,18.75,168.77,0.0,2025-12-28,2025-12-29,Szombathely,Retail Store,Bank Transfer,Completed
74857576,39892,303890,2,117.03,0,0.0,234.06,7.88,2025-10-17,2025-10-24,Szombathely,Mobile App,Google Pay,Completed
86447834,72384,385992,1,62.27,0,0.0,62.27,4.52,2025-10-29,2025-10-31,Kecskemét,Mobile App,Card,Completed
33351919,77262,580956,3,114.3,10,34.29,308.61,6.82,2025-12-20,2025-12-22,Szeged,Website,Card,Completed
19969850,86989,855803,1,87.71,5,4.39,83.32,7.74,2025-06-06,2025-06-08,Budapest,Website,PayPal,Completed
89926952,85983,850325,1,96.84,15,14.53,82.31,4.99,2026-01-20,2026-01-23,Budapest,Marketplace,Bank Transfer,Completed
22423667,20967,405980,1,126.84,0,0.0,126.84,0.0,2025-12-16,2025-12-20,Székesfehérvár,Retail Store,Apple Pay,Completed
75478326,23801,475095,1,34.68,15,5.2,29.48,4.41,2025-05-28,2025-05-30,Érd,Website,PayPal,Completed
92502773,72384,234664,2,60.33,25,30.16,90.5,4.68,2025-12-21,2025-12-23,Nyíregyháza,Website,PayPal,Completed
13771625,86989,855314,1,90.38,5,4.52,85.86,5.44,2025-01-06,2025-01-10,Budapest,Mobile App,Apple Pay,Completed
83711945,51232,819202,3,25.86,0,0.0,77.58,5.16,2026-05-03,2026-05-04,Szombathely,Website,Bank Transfer,Completed
81145565,51232,772322,3,24.73,0,0.0,74.19,7.17,2026-07-25,2026-07-27,Budapest,Mobile App,Card,Completed
79013455,23801,207344,1,35.24,0,0.0,35.24,6.92,2026-06-08,2026-06-10,Nyíregyháza,Website,Card,Completed
78255577,17471,373080,1,29.15,0,0.0,29.15,6.74,2025-01-17,2025-01-19,Budapest,Mobile App,Card,Completed
68231400,85983,730051,1,97.6,0,0.0,97.6,5.82,2025-09-30,2025-10-03,Budapest,Mobile App,PayPal,Completed
90565003,45415,171304,1,71.61,0,0.0,71.61,8.25,2025-10-15,2025-10-16,Budapest,Website,Apple Pay,Completed
64278695,72384,451105,1,58.68,0,0.0,58.68,8.31,2026-04-16,2026-04-17,Pécs,Marketplace,PayPal,Completed
99888164,23801,496282,2,35.24,0,0.0,70.48,7.51,2025-04-20,2025-04-21,Érd,Mobile App,Card,Completed
61427179,51232,155579,1,24.41,0,0.0,24.41,5.69,2026-04-28,2026-04-29,Budapest,Retail Store,Card,Completed
83948433,51232,376228,1,24.46,5,1.22,23.24,4.64,2025-03-13,2025-03-18,Kecskemét,Website,Google Pay,Completed
52910405,51232,591244,1,25.77,10,2.58,23.19,8.09,2025-02-27,2025-03-03,Szeged,Mobile App,Card,Completed
33040909,86989,605291,1,90.4,5,4.52,85.88,4.4,2026-06-22,2026-06-24,Szombathely,Website,Card,Completed
97862390,51232,824419,1,24.87,15,3.73,21.14,8.41,2026-06-23,2026-06-26,Kecskemét,Website,Bank Transfer,Completed
20951030,51232,309408,1,24.84,5,1.24,23.6,6.89,2025-02-13,2025-02-18,Veszprém,Mobile App,Google Pay,Completed
64220781,26644,548154,3,63.93,5,9.59,182.2,6.23,2026-01-01,2026-01-04,Debrecen,Website,PayPal,Completed
14510973,86989,387758,4,91.73,5,18.35,348.57,0.0,2025-07-29,2025-07-30,Veszprém,Website,Card,Completed
43201118,86989,564160,1,88.9,0,0.0,88.9,7.43,2025-01-01,2025-01-06,Kecskemét,Website,Apple Pay,Completed
53953384,86989,496240,1,90.12,0,0.0,90.12,3.88,2025-06-11,2025-06-15,Budapest,Website,Card,Completed
46382236,39892,495352,1,121.11,0,0.0,121.11,6.18,2025-03-09,2025-03-10,Kecskemét,Website,PayPal,Completed
80889991,49073,339188,4,90.46,10,36.18,325.66,0.0,2025-11-11,2025-11-13,Budapest,Website,Card,Completed
35039579,37136,468932,2,51.26,0,0.0,102.52,5.11,2026-06-29,2026-07-03,Budapest,Website,Card,Completed
48241568,15378,654495,2,187.17,10,37.43,336.91,0.0,2026-01-18,2026-01-21,Budapest,Mobile App,Google Pay,Completed
94557171,49073,316571,3,90.64,0,0.0,271.92,3.81,2026-01-10,2026-01-12,Pécs,Retail Store,Google Pay,Completed
65172389,72384,432087,1,62.27,20,12.45,49.82,6.9,2025-12-10,2025-12-17,Nyíregyháza,Mobile App,Bank Transfer,Completed
64701669,20967,963120,2,127.3,10,25.46,229.14,0.0,2025-04-26,2025-04-30,Szombathely,Mobile App,Card,Completed
59530040,77262,309026,1,106.94,0,0.0,106.94,0.0,2025-02-01,2025-02-03,Kecskemét,Website,Card,Completed
66404374,51232,188293,2,25.67,25,12.84,38.5,8.0,2026-07-28,2026-07-30,Miskolc,Website,PayPal,Completed
88614027,15378,897974,1,179.19,0,0.0,179.19,0.0,2025-12-03,2025-12-06,Budapest,Mobile App,Card,Completed
72356502,15378,935595,1,180.34,10,18.03,162.31,0.0,2025-04-21,2025-04-22,Pécs,Mobile App,Card,Completed
21876631,49073,851894,3,88.96,0,0.0,266.88,0.0,2025-11-17,2025-11-20,Pécs,Website,PayPal,Completed
11878864,86989,780717,1,88.43,10,8.84,79.59,5.67,2026-03-31,2026-04-04,Kecskemét,Mobile App,Card,Completed
83166125,51232,346105,2,24.76,10,4.95,44.57,3.69,2025-03-07,2025-03-09,Szeged,Retail Store,Card,Completed
78919900,45415,121775,1,68.4,15,10.26,58.14,5.28,2025-10-11,2025-10-15,Pécs,Mobile App,Card,Completed
25764788,51232,763962,1,25.69,0,0.0,25.69,6.26,2026-03-30,2026-04-03,Szeged,Website,Card,Completed
20972774,86989,373166,3,88.51,10,26.55,238.98,0.0,2026-04-09,2026-04-11,Debrecen,Marketplace,Card,Completed
89898399,15378,104603,1,184.51,10,18.45,166.06,0.0,2025-10-28,2025-10-29,Budapest,Website,Google Pay,Completed
48658082,72384,774579,1,60.17,0,0.0,60.17,6.56,2025-06-20,2025-06-23,Budapest,Website,Card,Completed
67471433,51232,615507,1,25.77,0,0.0,25.77,4.66,2025-01-28,2025-02-03,Veszprém,Retail Store,Bank Transfer,Completed
82707064,49073,699727,1,90.0,0,0.0,90.0,4.29,2025-12-15,2025-12-17,Budapest,Website,PayPal,Completed
22988464,45415,776226,1,70.24,15,10.54,59.7,8.04,2026-07-26,2026-08-01,Eger,Mobile App,Apple Pay,Completed
95867036,20967,948623,2,131.75,10,26.35,237.15,0.0,2026-08-28,2026-08-30,Miskolc,Mobile App,Apple Pay,Completed
56403155,45415,895547,1,69.84,0,0.0,69.84,5.61,2025-12-28,2025-12-31,Budapest,Retail Store,Card,Returned
35321121,77262,581944,1,108.42,0,0.0,108.42,0.0,2025-09-19,2025-09-21,Győr,Website,PayPal,Completed
12225257,77262,884155,1,113.25,0,0.0,113.25,5.24,2025-05-04,2025-05-06,Budapest,Website,Card,Completed
70579329,51232,963349,1,25.05,5,1.25,23.8,4.87,2025-12-15,2025-12-16,Pécs,Website,Google Pay,Completed
59160820,23801,585877,1,35.12,0,0.0,35.12,4.48,2025-08-15,2025-08-19,Miskolc,Website,Card,Completed
22559170,45415,158847,1,71.56,0,0.0,71.56,7.11,2026-08-05,2026-08-10,Szeged,Website,Google Pay,Completed
46070470,45415,675038,1,69.47,5,3.47,66.0,0.0,2026-06-18,,Szeged,Retail Store,Apple Pay,Cancelled
67030640,37136,761524,1,50.08,0,0.0,50.08,5.64,2026-08-15,2026-08-19,Szombathely,Mobile App,Card,Completed
28307038,85983,855875,2,96.94,0,0.0,193.88,0.0,2026-08-21,2026-08-23,Szeged,Website,Card,Completed
50586949,85983,406345,1,94.06,10,9.41,84.65,8.73,2025-07-09,2025-07-15,Budapest,Website,Card,Completed
35101528,23801,256243,1,35.12,15,5.27,29.85,5.0,2025-03-27,2025-03-29,Szeged,Website,Card,Completed
22442686,51232,781835,2,25.95,10,5.19,46.71,7.22,2025-08-24,2025-08-26,Székesfehérvár,Website,Bank Transfer,Completed
30477644,37136,619421,3,49.8,10,14.94,134.46,0.0,2026-06-09,2026-06-13,Szeged,Marketplace,Google Pay,Completed
95349596,17471,113453,1,30.89,5,1.54,29.35,5.87,2025-07-12,2025-07-14,Budapest,Website,Card,Completed
99519384,95437,818074,1,55.03,25,13.76,41.27,7.84,2025-09-24,2025-09-25,Kecskemét,Retail Store,Card,Completed
43993316,77262,394169,1,111.93,0,0.0,111.93,4.31,2026-05-22,2026-05-23,Budapest,Mobile App,Card,Completed
16419380,86989,409271,1,90.46,10,9.05,81.41,5.56,2025-03-10,2025-03-10,Érd,Website,Card,Completed
10836289,49073,435780,2,90.76,0,0.0,181.52,0.0,2025-11-23,2025-11-27,Budapest,Mobile App,Card,Completed
44903145,23801,610524,1,35.99,25,9.0,26.99,6.65,2026-02-02,2026-02-08,Kecskemét,Mobile App,Cash on Delivery,Completed
13403050,51232,671028,1,25.51,0,0.0,25.51,8.66,2025-10-05,2025-10-07,Kecskemét,Mobile App,Card,Completed
14989649,45415,502830,1,70.87,10,7.09,63.78,6.22,2025-03-24,2025-03-27,Győr,Website,Card,Completed
67217616,51232,592050,1,24.45,15,3.67,20.78,5.85,2026-08-30,2026-09-05,Kecskemét,Website,Google Pay,Completed
47116734,45415,930569,1,68.29,0,0.0,68.29,5.74,2026-04-25,2026-04-27,Budapest,Website,Card,Completed
51812094,49073,350251,2,87.84,0,0.0,175.68,0.0,2026-01-02,2026-01-03,Sopron,Website,Card,Completed
26651962,86989,528354,1,92.61,10,9.26,83.35,3.66,2025-12-31,2026-01-03,Szombathely,Website,Card,Completed
67132296,20967,274680,2,134.8,5,13.48,256.12,0.0,2026-05-10,2026-05-13,Kecskemét,Website,Card,Returned
19361950,49073,223994,1,92.48,20,18.5,73.98,4.94,2025-02-17,2025-02-18,Budapest,Website,PayPal,Completed
48682286,20967,621655,1,130.02,10,13.0,117.02,0.0,2025-12-29,2026-01-02,Szeged,Mobile App,Card,Completed
84616934,77262,305422,1,108.78,0,0.0,108.78,0.0,2026-04-13,,Budapest,Retail Store,Card,Cancelled
71052186,26644,323224,2,66.45,15,19.93,112.97,0.0,2026-03-10,2026-03-10,Budapest,Mobile App,Apple Pay,Completed
11095017,86989,585763,1,92.78,5,4.64,88.14,3.58,2025-06-11,2025-06-13,Veszprém,Website,Card,Completed
89562593,72384,689774,4,60.74,20,48.59,194.37,0.0,2025-12-03,2025-12-04,Nyíregyháza,Website,Card,Completed
71313595,95437,549646,1,56.49,0,0.0,56.49,8.13,2026-04-14,2026-04-17,Nyíregyháza,Retail Store,Card,Completed
17468761,85983,729179,1,93.22,0,0.0,93.22,4.08,2025-02-13,2025-02-17,Budapest,Retail Store,Card,Completed
96554065,86989,261662,1,88.67,0,0.0,88.67,5.82,2026-06-15,2026-06-15,Pécs,Website,Card,Completed
73539373,85983,693752,2,97.45,15,29.23,165.67,5.04,2025-08-10,2025-08-11,Debrecen,Website,Card,Completed
36563257,20967,309026,1,131.78,0,0.0,131.78,7.61,2025-04-08,2025-04-12,Eger,Website,Cash on Delivery,Completed
57907780,26644,575451,1,63.72,15,9.56,54.16,5.12,2025-07-17,2025-07-21,Budapest,Marketplace,Card,Completed
83143968,45415,356432,2,68.29,0,0.0,136.58,0.0,2026-04-12,2026-04-14,Miskolc,Mobile App,Card,Completed
67643341,85983,917585,1,94.62,15,14.19,80.43,3.58,2026-03-20,2026-03-21,Pécs,Website,Cash on Delivery,Completed
15059511,86989,802604,1,90.13,5,4.51,85.62,4.04,2025-06-20,2025-06-24,Debrecen,Retail Store,PayPal,Completed
28233152,15378,935888,3,175.45,0,0.0,526.35,0.0,2026-06-30,2026-07-03,Budapest,Website,Card,Completed
30001342,20967,174469,1,134.34,0,0.0,134.34,0.0,2025-05-19,2025-05-22,Győr,Website,Bank Transfer,Completed
22085807,37136,132400,1,51.37,10,5.14,46.23,7.05,2025-01-16,2025-01-17,Budapest,Mobile App,Apple Pay,Completed
81643063,23801,604418,1,35.99,10,3.6,32.39,7.03,2025-07-01,2025-07-04,Eger,Mobile App,Card,Completed
66055949,20967,899680,2,127.1,15,38.13,216.07,6.44,2025-10-26,2025-10-29,Székesfehérvár,Mobile App,Cash on Delivery,Completed
87826691,72384,866323,1,59.99,20,12.0,47.99,7.72,2025-02-23,2025-02-25,Budapest,Website,Card,Completed
38630348,39892,639159,1,124.61,20,24.92,99.69,5.66,2026-08-26,2026-08-29,Veszprém,Retail Store,Card,Completed
57584191,15378,233736,1,175.73,0,0.0,175.73,0.0,2025-05-23,2025-05-27,Debrecen,Retail Store,Google Pay,Completed
86220846,86989,706912,1,88.43,10,8.84,79.59,4.93,2025-05-31,2025-06-03,Kecskemét,Mobile App,Card,Completed
22235003,72384,138978,2,61.87,0,0.0,123.74,0.0,2025-10-20,2025-10-22,Budapest,Website,Card,Completed
39316408,15378,507765,1,178.75,0,0.0,178.75,6.41,2026-07-10,2026-07-13,Budapest,Mobile App,PayPal,Completed
46356850,20967,520296,1,134.93,20,26.99,107.94,0.0,2025-02-22,2025-02-24,Budapest,Website,Card,Completed
38174618,51232,273306,2,25.76,0,0.0,51.52,3.76,2025-08-19,2025-08-21,Székesfehérvár,Mobile App,PayPal,Completed
46274089,85983,759301,1,97.2,25,24.3,72.9,6.85,2026-07-20,2026-07-24,Szeged,Marketplace,Card,Completed
96477741,86989,231868,2,91.99,0,0.0,183.98,6.75,2025-03-14,2025-03-16,Pécs,Mobile App,Card,Completed
44586362,15378,894086,1,184.86,10,18.49,166.37,0.0,2026-06-15,2026-06-17,Budapest,Mobile App,Card,Completed
92864465,49073,535303,1,88.84,0,0.0,88.84,6.37,2025-08-26,2025-08-31,Kecskemét,Website,Card,Completed
54735309,15378,344064,1,185.36,5,9.27,176.09,4.01,2026-08-23,2026-08-25,Nyíregyháza,Marketplace,Card,Completed
87052860,77262,706168,1,109.54,0,0.0,109.54,0.0,2025-10-16,2025-10-17,Szeged,Website,Apple Pay,Completed
74962958,72384,210690,1,59.53,5,2.98,56.55,5.61,2025-10-06,2025-10-09,Debrecen,Mobile App,Card,Completed
53421407,20967,131071,2,130.26,0,0.0,260.52,0.0,2025-04-25,2025-04-28,Budapest,Marketplace,Card,Completed
43847152,15378,458528,1,175.22,10,17.52,157.7,5.58,2025-10-01,2025-10-05,Győr,Website,Card,Completed
77379346,72384,660748,2,60.69,20,24.28,97.1,0.0,2025-05-29,,Budapest,Marketplace,Cash on Delivery,Cancelled
46291914,86989,548154,1,90.38,0,0.0,90.38,5.06,2025-10-06,2025-10-11,Kecskemét,Mobile App,Card,Completed
16517660,77262,976375,1,112.48,0,0.0,112.48,5.35,2026-04-27,2026-05-02,Budapest,Website,Bank Transfer,Completed
53237020,15378,670127,1,184.83,0,0.0,184.83,0.0,2026-08-05,2026-08-06,Debrecen,Website,Card,Completed
59378818,51232,160843,1,24.73,0,0.0,24.73,4.19,2025-09-30,2025-10-06,Budapest,Website,PayPal,Returned
46878940,72384,623433,3,62.07,15,27.93,158.28,0.0,2025-12-26,2025-12-28,Budapest,Website,Apple Pay,Completed
78852773,20967,763962,1,127.33,0,0.0,127.33,0.0,2026-05-02,2026-05-02,Szeged,Website,Card,Completed
60703467,49073,914352,1,90.23,0,0.0,90.23,4.76,2025-08-04,2025-08-11,Veszprém,Marketplace,Google Pay,Completed
95436696,85983,720346,1,94.1,0,0.0,94.1,6.35,2026-04-12,2026-04-14,Miskolc,Website,Cash on Delivery,Completed
55506311,86989,532068,2,91.97,10,18.39,165.55,0.0,2025-04-14,2025-04-20,Pécs,Website,Card,Completed
84328947,37136,535672,1,49.16,0,0.0,49.16,7.17,2026-07-15,2026-07-17,Debrecen,Website,Card,Completed
45599322,86989,301798,2,89.58,0,0.0,179.16,0.0,2025-03-17,2025-03-20,Székesfehérvár,Website,Google Pay,Completed
86556103,95437,394169,3,56.24,15,25.31,143.41,5.06,2025-11-13,2025-11-15,Budapest,Website,Card,Returned
94718893,51232,940740,2,24.6,0,0.0,49.2,4.81,2025-04-05,2025-04-09,Budapest,Website,Card,Completed
88959704,37136,348650,1,48.58,0,0.0,48.58,7.18,2025-10-18,2025-10-23,Budapest,Mobile App,Card,Completed
26292201,86989,390271,5,87.84,15,65.88,373.32,0.0,2025-08-17,2025-08-24,Sopron,Marketplace,Card,Completed
93481008,51232,233736,1,24.85,0,0.0,24.85,7.15,2026-05-03,2026-05-09,Budapest,Mobile App,Card,Completed
51128622,23801,463428,2,34.72,10,6.94,62.5,5.02,2026-07-09,2026-07-11,Miskolc,Website,Google Pay,Completed
48213225,37136,681157,1,48.6,10,4.86,43.74,4.22,2025-12-15,2025-12-18,Debrecen,Website,Card,Completed
93925342,49073,992933,1,90.42,15,13.56,76.86,8.06,2025-08-14,2025-08-16,Budapest,Website,Card,Completed
99124995,86989,608791,1,88.2,5,4.41,83.79,8.2,2025-07-04,2025-07-06,Budapest,Website,Card,Completed
48274373,45415,833331,4,69.83,15,41.9,237.42,0.0,2026-01-13,2026-01-16,Kecskemét,Website,Apple Pay,Completed
25279829,17471,453528,1,29.5,10,2.95,26.55,8.09,2025-02-23,2025-02-25,Győr,Website,Google Pay,Completed
32966214,85983,237642,2,94.18,0,0.0,188.36,0.0,2025-10-15,2025-10-17,Budapest,Marketplace,Card,Completed
99717124,51232,763059,1,25.09,15,3.76,21.33,5.88,2026-04-04,2026-04-06,Székesfehérvár,Mobile App,Google Pay,Completed
45167310,49073,842351,3,89.39,0,0.0,268.17,0.0,2025-02-27,2025-03-04,Miskolc,Retail Store,Card,Completed
96461952,95437,749436,2,53.56,5,5.36,101.76,6.96,2025-12-02,2025-12-06,Budapest,Website,PayPal,Returned
61043303,95437,990107,1,56.08,0,0.0,56.08,4.61,2025-06-13,2025-06-18,Budapest,Website,Cash on Delivery,Completed
66465845,51232,856887,1,24.49,0,0.0,24.49,6.28,2026-01-24,2026-01-25,Debrecen,Website,Google Pay,Completed
42146065,23801,475546,1,35.86,10,3.59,32.27,7.38,2025-05-06,2025-05-07,Pécs,Website,Apple Pay,Completed
22534466,49073,987171,1,89.94,0,0.0,89.94,7.69,2025-05-11,2025-05-12,Szeged,Website,PayPal,Completed
40409899,20967,318717,1,131.85,25,32.96,98.89,3.6,2026-07-15,2026-07-17,Budapest,Mobile App,PayPal,Completed
48284971,51232,884155,1,25.1,10,2.51,22.59,4.14,2026-07-22,2026-07-24,Kecskemét,Website,Card,Completed
69023278,23801,935888,1,36.22,5,1.81,34.41,5.99,2025-12-05,2025-12-08,Budapest,Retail Store,Card,Completed
80354347,23801,242844,1,34.07,0,0.0,34.07,4.05,2026-08-07,2026-08-08,Budapest,Mobile App,Google Pay,Completed
85800915,23801,234000,1,35.24,0,0.0,35.24,5.29,2025-03-13,2025-03-15,Budapest,Website,Card,Completed
60618104,72384,160843,2,59.28,5,5.93,112.63,0.0,2026-05-03,2026-05-04,Miskolc,Website,Card,Completed
21182787,86989,208640,1,93.02,20,18.6,74.42,5.09,2026-05-02,2026-05-04,Kecskemét,Mobile App,Bank Transfer,Completed
91851353,77262,935764,2,106.99,0,0.0,213.98,0.0,2026-04-27,2026-04-28,Pécs,Marketplace,Card,Completed
75062911,45415,254252,1,68.88,10,6.89,61.99,7.51,2025-03-15,2025-03-19,Pécs,Mobile App,Bank Transfer,Completed
53283771,85983,881591,2,98.54,20,39.42,157.66,0.0,2025-11-01,2025-11-06,Pécs,Marketplace,Card,Completed
41464937,20967,909182,1,134.23,0,0.0,134.23,0.0,2025-10-13,2025-10-15,Győr,Website,Card,Completed
29886691,51232,759301,1,25.05,0,0.0,25.05,7.26,2025-11-10,2025-11-16,Budapest,Marketplace,Google Pay,Completed
38305453,45415,246653,1,70.02,20,14.0,56.02,6.31,2025-01-13,2025-01-13,Miskolc,Mobile App,PayPal,Completed
60685357,86989,242844,1,89.55,0,0.0,89.55,6.78,2025-09-09,2025-09-12,Budapest,Marketplace,Card,Completed
42081910,26644,229479,1,63.61,0,0.0,63.61,6.12,2026-03-27,2026-04-02,Győr,Website,Card,Completed
11271372,86989,121775,1,92.6,5,4.63,87.97,8.43,2026-02-12,2026-02-17,Székesfehérvár,Website,Card,Completed
81166340,95437,134178,1,56.97,20,11.39,45.58,6.48,2025-09-12,2025-09-14,Székesfehérvár,Mobile App,Card,Completed
26087102,86989,902953,2,93.43,20,37.37,149.49,0.0,2025-09-26,2025-09-27,Debrecen,Website,Card,Completed
49152531,86989,522684,1,88.84,5,4.44,84.4,6.46,2026-07-03,2026-07-05,Székesfehérvár,Marketplace,Card,Completed
65701009,72384,373166,3,62.19,5,9.33,177.24,0.0,2026-05-17,2026-05-19,Budapest,Mobile App,Apple Pay,Completed
59673818,15378,144875,1,177.86,20,35.57,142.29,0.0,2026-02-06,2026-02-06,Veszprém,Marketplace,PayPal,Completed
51566881,51232,811515,1,24.53,10,2.45,22.08,6.08,2026-05-29,2026-05-31,Budapest,Website,PayPal,Completed
52028243,86989,237642,1,90.68,0,0.0,90.68,3.57,2025-09-25,2025-09-29,Szombathely,Mobile App,Card,Completed
37626621,39892,451105,3,122.95,0,0.0,368.85,7.83,2025-03-29,2025-03-30,Budapest,Marketplace,Cash on Delivery,Completed
15436944,45415,719758,1,72.73,15,10.91,61.82,8.72,2025-12-11,2025-12-13,Budapest,Website,Cash on Delivery,Completed
89996754,23801,982137,1,34.22,10,3.42,30.8,3.86,2026-01-16,2026-01-21,Kecskemét,Website,Card,Returned
61935989,51232,725794,1,25.66,15,3.85,21.81,7.18,2025-03-02,2025-03-03,Budapest,Website,Card,Completed
42364780,77262,632380,2,113.81,5,11.38,216.24,5.54,2026-07-20,2026-07-24,Érd,Website,Card,Completed
25101626,15378,366220,1,183.8,0,0.0,183.8,0.0,2026-06-01,2026-06-01,Miskolc,Retail Store,Bank Transfer,Completed
20544430,86989,385992,1,91.24,15,13.69,77.55,5.3,2025-12-12,2025-12-16,Szombathely,Mobile App,PayPal,Completed
98453508,26644,862431,1,63.15,0,0.0,63.15,5.76,2025-09-21,2025-09-23,Veszprém,Website,Card,Completed
91593345,86989,866513,1,91.37,20,18.27,73.1,8.0,2025-10-01,2025-10-06,Győr,Marketplace,Card,Completed
63156170,23801,284675,1,35.34,25,8.84,26.5,4.54,2025-12-09,2025-12-13,Debrecen,Mobile App,Card,Completed
95621584,85983,782745,1,94.04,0,0.0,94.04,8.97,2026-04-20,2026-04-27,Budapest,Website,Card,Completed
79946386,51232,955615,2,25.94,5,2.59,49.29,5.79,2026-06-10,2026-06-13,Budapest,Marketplace,Card,Completed
57566982,49073,228457,2,88.6,5,8.86,168.34,0.0,2026-05-28,2026-06-03,Nyíregyháza,Mobile App,Cash on Delivery,Completed
57281412,49073,276421,1,92.02,25,23.0,69.02,4.38,2025-02-02,2025-02-04,Miskolc,Marketplace,Bank Transfer,Completed
64250766,72384,850325,1,61.67,0,0.0,61.67,3.64,2025-09-22,2025-09-24,Székesfehérvár,Website,PayPal,Completed
53751068,45415,618831,1,70.45,0,0.0,70.45,4.84,2025-11-02,2025-11-08,Debrecen,Website,PayPal,Completed
22507467,77262,402055,1,109.72,10,10.97,98.75,4.85,2025-07-15,2025-07-16,Szeged,Website,Card,Completed
84395657,86989,232381,1,89.48,10,8.95,80.53,6.96,2026-05-03,2026-05-07,Budapest,Mobile App,Card,Completed
85100193,45415,101683,3,69.3,0,0.0,207.9,0.0,2025-11-09,2025-11-15,Budapest,Website,PayPal,Completed
84015076,86989,824419,1,89.4,5,4.47,84.93,6.25,2025-03-14,2025-03-18,Budapest,Website,Card,Completed
77653796,86989,363865,1,92.47,5,4.62,87.85,7.78,2026-02-02,2026-02-09,Budapest,Website,Google Pay,Completed
93604449,37136,309480,1,50.0,0,0.0,50.0,8.29,2025-06-12,2025-06-12,Kecskemét,Website,Card,Completed
52646094,72384,997131,1,62.04,0,0.0,62.04,7.81,2025-07-17,2025-07-22,Szeged,Website,Card,Completed
49434748,20967,416187,1,131.23,0,0.0,131.23,0.0,2026-04-16,2026-04-20,Budapest,Website,Card,Completed
31547279,15378,821868,2,175.85,0,0.0,351.7,0.0,2026-02-14,2026-02-16,Miskolc,Mobile App,Card,Completed
88245716,72384,487192,4,60.04,0,0.0,240.16,0.0,2026-05-23,2026-05-24,Budapest,Mobile App,Google Pay,Completed
59109247,51232,920885,1,25.37,10,2.54,22.83,5.75,2025-08-17,2025-08-22,Budapest,Mobile App,Apple Pay,Completed
18275026,45415,730051,1,72.33,15,10.85,61.48,3.81,2025-01-23,2025-01-30,Sopron,Mobile App,Bank Transfer,Completed
77366513,85983,113826,2,95.91,0,0.0,191.82,7.36,2025-01-03,2025-01-05,Budapest,Website,PayPal,Completed
79130241,85983,989215,1,92.88,0,0.0,92.88,0.0,2025-10-30,,Szeged,Website,Cash on Delivery,Cancelled
61970890,49073,346105,2,88.05,0,0.0,176.1,0.0,2026-06-21,2026-06-23,Budapest,Mobile App,Card,Completed
53177633,86989,613733,2,91.54,0,0.0,183.08,0.0,2026-06-02,2026-06-04,Budapest,Website,Card,Completed
70977540,51232,605291,2,25.39,0,0.0,50.78,5.43,2025-05-21,2025-05-25,Szeged,Retail Store,Card,Completed
83093771,23801,239226,2,35.41,5,3.54,67.28,5.77,2026-01-28,2026-01-29,Budapest,Mobile App,PayPal,Completed
16938826,85983,507765,1,92.83,10,9.28,83.55,4.6,2026-05-20,2026-05-22,Budapest,Website,Google Pay,Completed
14114957,95437,415978,1,55.39,0,0.0,55.39,5.63,2025-02-11,2025-02-17,Érd,Website,Card,Completed
17148922,86989,309026,2,89.59,15,26.88,152.3,0.0,2026-07-09,2026-07-12,Debrecen,Website,Card,Completed
63384679,15378,242844,1,181.74,10,18.17,163.57,6.11,2026-05-21,2026-05-25,Nyíregyháza,Marketplace,Card,Completed
18446369,37136,726842,1,51.53,10,5.15,46.38,5.42,2025-02-15,2025-02-19,Nyíregyháza,Mobile App,Bank Transfer,Completed
15980939,51232,437828,2,24.3,0,0.0,48.6,6.54,2025-07-17,2025-07-18,Budapest,Website,Google Pay,Completed
88783452,49073,138030,2,91.02,10,18.2,163.84,0.0,2025-10-25,2025-10-26,Szombathely,Website,Card,Completed
40026878,20967,211474,1,129.31,0,0.0,129.31,3.78,2026-01-18,2026-01-23,Győr,Mobile App,Card,Completed
47442744,72384,130755,1,58.63,5,2.93,55.7,5.26,2025-05-26,2025-05-28,Veszprém,Marketplace,Apple Pay,Completed
50858255,37136,339188,1,51.91,0,0.0,51.91,4.13,2026-01-26,2026-01-26,Budapest,Marketplace,Card,Completed
27886407,77262,473921,1,109.53,0,0.0,109.53,5.93,2025-09-20,2025-09-23,Szeged,Mobile App,Card,Completed
14310446,37136,101683,1,48.55,0,0.0,48.55,4.79,2025-12-25,2025-12-29,Eger,Retail Store,Card,Completed
42981621,51232,535722,1,24.37,0,0.0,24.37,5.33,2025-12-19,2025-12-20,Budapest,Website,Google Pay,Completed
71354749,20967,763962,1,132.67,5,6.63,126.04,3.63,2026-08-14,2026-08-15,Kecskemét,Mobile App,Google Pay,Completed
89467582,95437,951536,1,54.17,20,10.83,43.34,5.34,2025-05-21,2025-05-23,Budapest,Website,Apple Pay,Returned
74221060,20967,575829,1,132.57,0,0.0,132.57,0.0,2025-08-03,2025-08-06,Debrecen,Mobile App,Bank Transfer,Completed
25181291,49073,652094,1,89.54,0,0.0,89.54,7.64,2025-11-06,2025-11-07,Debrecen,Mobile App,Card,Completed
25611494,23801,160389,1,35.54,0,0.0,35.54,7.17,2025-07-23,2025-07-28,Pécs,Website,PayPal,Completed
22965345,15378,976375,1,186.62,0,0.0,186.62,0.0,2026-07-12,2026-07-16,Budapest,Website,Card,Completed
56010865,51232,339217,1,25.6,15,3.84,21.76,3.59,2026-03-07,2026-03-09,Miskolc,Website,Apple Pay,Completed
47012021,72384,406346,1,61.95,5,3.1,58.85,5.02,2025-03-30,2025-04-02,Szombathely,Mobile App,Apple Pay,Completed
55039278,37136,131071,1,50.94,5,2.55,48.39,0.0,2025-06-30,,Budapest,Marketplace,Google Pay,Cancelled
31839355,85983,925808,1,93.28,0,0.0,93.28,3.85,2025-07-02,2025-07-07,Kecskemét,Mobile App,Apple Pay,Completed
22086028,85983,914352,1,98.45,15,14.77,83.68,8.05,2025-04-17,2025-04-21,Pécs,Website,Card,Completed
40839913,20967,549022,1,130.38,10,13.04,117.34,0.0,2026-08-17,2026-08-23,Budapest,Website,Google Pay,Completed
14727046,72384,239098,2,59.66,10,11.93,107.39,6.4,2025-08-05,2025-08-09,Budapest,Mobile App,Bank Transfer,Completed
23370743,49073,888509,1,88.08,0,0.0,88.08,4.16,2025-10-02,2025-10-03,Kecskemét,Website,Cash on Delivery,Completed
74820276,95437,466554,2,55.56,0,0.0,111.12,0.0,2025-04-08,2025-04-11,Budapest,Website,Card,Completed
55838382,20967,643252,1,134.28,0,0.0,134.28,0.0,2025-12-27,2026-01-02,Budapest,Website,Google Pay,Completed
18532758,17471,561211,1,30.79,0,0.0,30.79,8.88,2025-07-16,2025-07-17,Budapest,Website,Card,Completed
70712111,49073,920297,2,88.88,15,26.66,151.1,0.0,2025-07-12,2025-07-15,Miskolc,Mobile App,Cash on Delivery,Completed
80159758,37136,748510,4,51.01,20,40.81,163.23,0.0,2026-05-15,2026-05-19,Budapest,Website,Google Pay,Completed
80512071,15378,630759,1,184.32,0,0.0,184.32,0.0,2025-08-13,2025-08-14,Budapest,Mobile App,Apple Pay,Completed
98326997,86989,539679,3,91.87,0,0.0,275.61,0.0,2025-07-25,2025-08-01,Budapest,Mobile App,Card,Completed
91017205,45415,461587,1,71.05,0,0.0,71.05,8.14,2026-02-01,2026-02-04,Miskolc,Website,Bank Transfer,Completed
74118668,85983,681976,3,95.1,0,0.0,285.3,0.0,2026-03-03,2026-03-06,Kecskemét,Website,Card,Completed
78460877,51232,125958,1,25.34,5,1.27,24.07,4.49,2026-04-30,2026-05-03,Miskolc,Mobile App,Card,Completed
37075880,95437,938919,2,56.04,0,0.0,112.08,0.0,2026-05-04,2026-05-06,Szombathely,Marketplace,Google Pay,Completed
82607242,20967,955615,1,133.52,0,0.0,133.52,0.0,2025-04-06,2025-04-06,Budapest,Marketplace,Card,Completed
92632486,23801,652521,1,36.0,10,3.6,32.4,8.06,2026-07-26,2026-08-01,Budapest,Mobile App,Google Pay,Completed
64824311,39892,274812,1,122.92,10,12.29,110.63,4.48,2026-03-19,2026-03-21,Pécs,Website,Card,Completed
61810636,85983,879943,2,93.68,5,9.37,177.99,0.0,2025-02-21,2025-02-22,Székesfehérvár,Mobile App,Cash on Delivery,Completed
47030274,49073,439383,1,91.5,0,0.0,91.5,7.82,2025-11-15,2025-11-16,Debrecen,Retail Store,Card,Completed
43651853,15378,273306,1,181.65,0,0.0,181.65,7.63,2025-12-13,2025-12-14,Székesfehérvár,Marketplace,Card,Completed
19038252,45415,141390,1,69.74,10,6.97,62.77,4.11,2026-02-05,2026-02-06,Budapest,Mobile App,PayPal,Completed
31717357,72384,409141,1,60.67,15,9.1,51.57,0.0,2025-08-09,,Debrecen,Website,Card,Cancelled
24445624,15378,660748,1,187.16,0,0.0,187.16,0.0,2026-08-27,2026-08-30,Sopron,Retail Store,Card,Completed
60627302,20967,394169,1,132.48,0,0.0,132.48,0.0,2026-07-16,2026-07-17,Budapest,Website,Card,Completed
37478916,49073,136738,1,89.58,10,8.96,80.62,7.03,2025-07-24,2025-07-27,Sopron,Retail Store,PayPal,Completed
52317133,77262,329638,1,112.62,5,5.63,106.99,0.0,2026-01-31,2026-02-04,Budapest,Website,Google Pay,Completed
74449888,51232,938919,1,25.53,10,2.55,22.98,4.3,2026-05-12,2026-05-14,Szeged,Website,Card,Completed
83005187,51232,237642,2,25.3,0,0.0,50.6,8.45,2025-12-14,2025-12-18,Érd,Website,Card,Completed
10809244,45415,923489,1,69.33,0,0.0,69.33,7.9,2025-03-18,2025-03-23,Miskolc,Website,PayPal,Completed
48468525,86989,709424,1,92.49,0,0.0,92.49,4.63,2026-04-22,2026-04-25,Nyíregyháza,Mobile App,PayPal,Completed
48421198,15378,252737,1,182.6,0,0.0,182.6,0.0,2026-04-13,2026-04-15,Budapest,Mobile App,Card,Completed
72521259,86989,147724,1,92.0,0,0.0,92.0,4.7,2025-04-12,2025-04-14,Székesfehérvár,Website,Cash on Delivery,Completed
81839547,86989,142381,1,88.05,0,0.0,88.05,7.19,2025-11-16,2025-11-23,Érd,Website,Card,Completed
62622836,39892,782745,1,123.44,10,12.34,111.1,0.0,2026-03-10,2026-03-13,Budapest,Mobile App,Cash on Delivery,Completed
82524578,20967,473921,1,129.63,0,0.0,129.63,5.05,2026-03-03,2026-03-05,Győr,Mobile App,Bank Transfer,Completed
92857032,15378,897895,1,178.79,0,0.0,178.79,0.0,2026-05-22,2026-05-23,Budapest,Mobile App,Card,Completed
53135066,49073,909482,1,89.34,0,0.0,89.34,8.67,2025-09-20,2025-09-21,Miskolc,Website,Card,Completed
60425080,86989,879943,2,90.5,0,0.0,181.0,5.03,2025-04-25,2025-04-28,Budapest,Website,Google Pay,Completed
33654079,51232,832897,1,25.19,15,3.78,21.41,3.58,2026-04-09,2026-04-12,Budapest,Website,Card,Completed
40006806,77262,990676,1,114.17,5,5.71,108.46,0.0,2025-05-27,2025-05-31,Pécs,Website,Cash on Delivery,Completed
66925633,51232,252214,1,24.78,25,6.2,18.58,7.6,2026-02-16,2026-02-18,Miskolc,Marketplace,Card,Completed
56026457,95437,790563,3,56.36,10,16.91,152.17,7.41,2025-01-16,2025-01-17,Sopron,Mobile App,Apple Pay,Completed
62134658,15378,850325,2,181.0,0,0.0,362.0,0.0,2025-08-14,2025-08-16,Budapest,Marketplace,Bank Transfer,Completed
44242278,20967,977931,1,134.66,0,0.0,134.66,0.0,2026-05-20,2026-05-24,Debrecen,Marketplace,Apple Pay,Completed
75077592,23801,590789,4,35.88,0,0.0,143.52,0.0,2025-11-18,2025-11-21,Sopron,Mobile App,Apple Pay,Completed
53956789,39892,388501,2,124.66,20,49.86,199.46,7.43,2025-12-30,2026-01-02,Szeged,Website,Card,Completed
83587955,49073,517374,1,91.8,10,9.18,82.62,3.68,2025-05-27,2025-05-30,Székesfehérvár,Mobile App,Google Pay,Completed
14596653,20967,297289,1,127.26,0,0.0,127.26,3.9,2026-08-31,2026-09-03,Budapest,Mobile App,PayPal,Completed
61522302,85983,729179,1,95.37,10,9.54,85.83,7.58,2025-02-05,2025-02-10,Miskolc,Website,Google Pay,Completed
55562913,39892,195812,2,124.49,0,0.0,248.98,4.68,2025-08-20,2025-08-22,Veszprém,Website,Cash on Delivery,Completed
71646991,49073,418376,2,92.97,0,0.0,185.94,0.0,2025-11-05,,Székesfehérvár,Website,Card,Cancelled
78978582,86989,982167,1,91.53,20,18.31,73.22,7.52,2025-08-31,2025-09-02,Debrecen,Website,Bank Transfer,Completed
71449958,49073,439918,1,89.28,10,8.93,80.35,4.06,2025-06-18,2025-06-20,Budapest,Website,PayPal,Completed
84884868,15378,588076,2,176.45,0,0.0,352.9,0.0,2026-08-09,2026-08-12,Debrecen,Website,Apple Pay,Completed
11145269,23801,499460,2,35.05,10,7.01,63.09,7.73,2025-09-29,2025-09-30,Sopron,Website,Card,Completed
89769270,45415,893136,1,68.87,10,6.89,61.98,5.39,2025-04-28,2025-05-04,Kecskemét,Website,Card,Completed
41660087,51232,474810,1,24.36,0,0.0,24.36,7.37,2026-03-30,2026-04-02,Pécs,Website,Google Pay,Returned
26170923,15378,976850,3,182.13,20,109.28,437.11,0.0,2026-08-31,2026-09-02,Szeged,Mobile App,Apple Pay,Completed
16663332,86989,723009,2,90.79,0,0.0,181.58,7.73,2026-08-20,2026-08-24,Veszprém,Website,Google Pay,Completed
84633421,45415,976375,1,69.58,5,3.48,66.1,5.87,2026-04-20,2026-04-22,Szeged,Website,PayPal,Completed
23649752,77262,841862,1,111.29,10,11.13,100.16,0.0,2025-12-27,2025-12-28,Nyíregyháza,Website,Card,Completed
91809913,23801,703219,1,34.73,10,3.47,31.26,4.53,2026-04-16,2026-04-20,Budapest,Mobile App,Google Pay,Completed
44866377,85983,293412,1,97.71,0,0.0,97.71,8.0,2026-06-04,2026-06-05,Miskolc,Mobile App,PayPal,Completed
19620725,15378,670127,3,182.17,10,54.65,491.86,0.0,2026-03-30,2026-04-02,Pécs,Website,Card,Completed
36416702,20967,114223,1,133.56,0,0.0,133.56,6.72,2025-05-31,2025-06-01,Budapest,Website,Apple Pay,Completed
88643736,15378,185994,1,175.36,5,8.77,166.59,0.0,2026-07-25,2026-07-30,Budapest,Marketplace,Card,Completed
16092514,17471,349351,2,30.12,0,0.0,60.24,3.67,2025-12-18,2025-12-21,Budapest,Website,Card,Completed
12874942,15378,519033,1,179.6,0,0.0,179.6,6.28,2025-09-25,2025-09-27,Miskolc,Mobile App,Card,Completed
14949338,45415,489113,3,69.98,0,0.0,209.94,0.0,2025-09-08,2025-09-14,Budapest,Website,Cash on Delivery,Completed
86149501,86989,749436,3,91.16,0,0.0,273.48,0.0,2026-05-23,2026-05-24,Sopron,Website,Card,Completed
54093869,51232,696491,2,25.95,0,0.0,51.9,3.6,2025-06-22,2025-06-25,Tatabánya,Mobile App,Card,Completed
96111057,51232,881591,2,25.39,0,0.0,50.78,4.07,2025-12-04,2025-12-09,Budapest,Marketplace,Google Pay,Completed
43305336,85983,418376,2,93.48,0,0.0,186.96,0.0,2025-08-06,2025-08-09,Győr,Website,Apple Pay,Completed
51699168,45415,790563,1,70.52,10,7.05,63.47,7.93,2025-03-13,2025-03-13,Szeged,Mobile App,Card,Completed
60366499,15378,885670,4,178.14,25,178.14,534.42,0.0,2025-04-17,2025-04-24,Győr,Mobile App,Google Pay,Returned
30564075,23801,861241,1,34.55,20,6.91,27.64,4.42,2025-05-13,2025-05-17,Budapest,Website,Apple Pay,Completed
27805789,51232,376228,1,24.59,10,2.46,22.13,5.58,2026-01-12,2026-01-14,Budapest,Marketplace,Cash on Delivery,Completed
95339896,49073,881600,1,90.24,0,0.0,90.24,4.85,2025-05-14,2025-05-15,Sopron,Mobile App,Card,Returned
41643638,37136,145189,1,51.4,0,0.0,51.4,0.0,2025-12-07,,Szeged,Mobile App,Bank Transfer,Cancelled
35821553,51232,540499,1,25.63,20,5.13,20.5,7.96,2026-08-15,2026-08-16,Budapest,Retail Store,PayPal,Returned
65986236,72384,123371,3,60.28,0,0.0,180.84,4.32,2025-12-20,2025-12-23,Budapest,Mobile App,PayPal,Completed
13605861,45415,155052,1,71.55,0,0.0,71.55,6.55,2026-07-30,2026-08-02,Budapest,Marketplace,Card,Completed
82211588,49073,467200,1,87.58,10,8.76,78.82,5.76,2025-10-21,2025-10-24,Budapest,Mobile App,PayPal,Completed
27399543,23801,983662,1,34.54,0,0.0,34.54,8.72,2025-08-16,2025-08-23,Budapest,Mobile App,PayPal,Completed
63393325,39892,339188,1,121.05,0,0.0,121.05,0.0,2025-03-19,2025-03-22,Budapest,Retail Store,Cash on Delivery,Completed
34867157,15378,275241,2,179.18,20,71.67,286.69,0.0,2025-03-29,2025-04-01,Győr,Website,PayPal,Completed
96791416,45415,352947,1,71.33,20,14.27,57.06,5.31,2025-11-10,2025-11-11,Miskolc,Website,Google Pay,Completed
89287421,39892,976375,1,120.47,20,24.09,96.38,8.43,2025-06-19,2025-06-23,Veszprém,Mobile App,Card,Completed
53621422,51232,268958,1,25.84,5,1.29,24.55,8.79,2025-03-16,2025-03-17,Budapest,Website,Card,Completed
89245215,49073,573807,1,92.12,10,9.21,82.91,6.9,2026-05-09,2026-05-11,Győr,Mobile App,Card,Completed
33616924,45415,412411,1,71.47,0,0.0,71.47,3.83,2025-11-10,2025-11-14,Szombathely,Website,Apple Pay,Completed
75894533,51232,502600,3,25.81,0,0.0,77.43,8.22,2025-03-19,2025-03-20,Szeged,Website,Card,Completed
99092890,23801,234812,1,34.44,15,5.17,29.27,8.66,2026-08-29,2026-09-01,Pécs,Retail Store,Card,Completed
40247606,45415,207344,1,69.25,5,3.46,65.79,4.26,2026-07-03,2026-07-04,Budapest,Website,Apple Pay,Completed
15555774,20967,813258,1,127.57,5,6.38,121.19,0.0,2026-08-07,2026-08-11,Székesfehérvár,Website,Card,Completed
47334044,17471,942112,1,29.34,20,5.87,23.47,8.28,2026-03-20,2026-03-23,Budapest,Website,PayPal,Completed
28111993,95437,763059,2,55.39,0,0.0,110.78,0.0,2026-05-22,2026-05-26,Budapest,Retail Store,Card,Completed
90619843,20967,169345,1,130.39,25,32.6,97.79,6.69,2026-06-18,2026-06-20,Budapest,Website,Apple Pay,Completed
42947546,39892,852244,1,122.75,15,18.41,104.34,0.0,2025-12-24,,Debrecen,Website,Card,Cancelled
65250864,15378,932611,1,180.48,5,9.02,171.46,0.0,2026-01-04,2026-01-07,Budapest,Website,Card,Completed
10055576,86989,134053,1,92.68,10,9.27,83.41,5.25,2026-05-23,2026-05-26,Győr,Website,Card,Completed
37924144,85983,495199,1,95.01,15,14.25,80.76,8.69,2025-04-22,2025-04-24,Sopron,Marketplace,PayPal,Completed
40743222,86989,853765,1,89.61,0,0.0,89.61,4.04,2026-07-27,2026-07-29,Budapest,Website,Card,Completed
11206824,77262,852241,1,108.86,25,27.21,81.65,4.05,2025-04-08,2025-04-11,Szeged,Mobile App,Card,Completed
77008292,20967,611887,2,133.51,10,26.7,240.32,0.0,2026-07-08,2026-07-11,Budapest,Website,Card,Completed
98264399,85983,732852,2,98.15,25,49.08,147.22,7.2,2025-12-23,2025-12-25,Budapest,Mobile App,Card,Completed
92819911,45415,901875,2,70.35,0,0.0,140.7,0.0,2025-04-18,2025-04-20,Nyíregyháza,Marketplace,Apple Pay,Completed
83895593,86989,699727,1,91.76,25,22.94,68.82,7.15,2025-11-01,2025-11-02,Miskolc,Mobile App,Apple Pay,Completed
85422588,15378,453108,1,177.59,0,0.0,177.59,0.0,2026-06-03,2026-06-06,Kecskemét,Website,Card,Completed
49309176,45415,541640,4,69.07,0,0.0,276.28,0.0,2025-11-01,2025-11-03,Szeged,Website,Bank Transfer,Completed
30227236,49073,955347,1,88.96,0,0.0,88.96,5.85,2026-08-20,2026-08-24,Kecskemét,Marketplace,Cash on Delivery,Completed
13991570,49073,948623,1,92.97,0,0.0,92.97,7.17,2026-02-07,2026-02-10,Sopron,Mobile App,Card,Completed
81072316,85983,824419,1,95.63,15,14.34,81.29,4.46,2026-02-27,2026-02-28,Budapest,Website,Apple Pay,Completed
72318970,45415,134178,1,71.1,5,3.55,67.55,8.83,2025-11-27,2025-11-28,Budapest,Website,Apple Pay,Completed
38067424,51232,475546,1,24.59,0,0.0,24.59,4.54,2026-04-24,2026-04-25,Debrecen,Website,Google Pay,Returned
54229337,20967,921021,1,126.44,15,18.97,107.47,0.0,2025-06-01,2025-06-02,Sopron,Website,PayPal,Completed
76957913,26644,842351,2,67.22,10,13.44,121.0,7.46,2025-04-21,2025-04-25,Budapest,Marketplace,Google Pay,Completed
54330009,45415,831619,1,67.95,10,6.8,61.15,7.03,2025-11-13,2025-11-16,Kecskemét,Website,Card,Completed
54068889,86989,403728,2,91.93,10,18.39,165.47,6.31,2025-07-07,2025-07-12,Szeged,Website,Apple Pay,Completed
59766659,17471,513992,1,30.87,0,0.0,30.87,5.19,2025-10-19,2025-10-25,Budapest,Retail Store,PayPal,Completed
63500458,23801,255503,1,34.15,20,6.83,27.32,6.95,2025-04-23,2025-04-28,Győr,Mobile App,Card,Completed
51026501,20967,284218,1,129.32,5,6.47,122.85,0.0,2025-11-23,2025-11-25,Sopron,Mobile App,Card,Completed
10978085,20967,610661,3,133.34,0,0.0,400.02,0.0,2025-05-19,2025-05-24,Székesfehérvár,Marketplace,Card,Completed
13166388,86989,432087,1,91.14,0,0.0,91.14,7.96,2025-04-03,2025-04-09,Budapest,Website,PayPal,Completed
47515034,77262,381875,1,112.96,10,11.3,101.66,0.0,2026-04-29,2026-05-01,Kecskemét,Mobile App,Google Pay,Completed
60090532,49073,935595,5,89.37,0,0.0,446.85,6.45,2026-05-10,2026-05-14,Budapest,Website,Card,Completed
40786838,45415,584962,1,70.93,0,0.0,70.93,8.56,2026-01-26,2026-02-01,Kecskemét,Marketplace,Card,Completed
66628173,45415,891733,1,71.17,0,0.0,71.17,4.48,2025-08-06,2025-08-07,Budapest,Website,Apple Pay,Completed
59883868,72384,581944,1,60.15,20,12.03,48.12,5.55,2025-03-14,2025-03-19,Eger,Website,Card,Completed
59772297,45415,895547,1,71.68,20,14.34,57.34,7.5,2026-05-12,2026-05-14,Budapest,Website,Card,Completed
18517441,51232,813258,1,24.66,20,4.93,19.73,8.21,2026-02-04,2026-02-08,Budapest,Website,Apple Pay,Completed
20552334,72384,634320,1,60.84,5,3.04,57.8,6.92,2026-01-17,2026-01-21,Szeged,Website,Card,Completed
16715396,49073,780953,1,92.48,0,0.0,92.48,8.07,2025-09-22,2025-09-24,Érd,Mobile App,Card,Completed
13015102,85983,938708,1,97.27,0,0.0,97.27,6.13,2025-07-30,2025-08-02,Érd,Marketplace,Cash on Delivery,Completed
57475139,77262,996035,1,108.54,15,16.28,92.26,0.0,2026-04-09,,Budapest,Marketplace,Apple Pay,Cancelled
30669352,15378,564445,1,181.17,10,18.12,163.05,7.04,2025-04-22,2025-04-23,Debrecen,Website,Card,Completed
81681828,45415,315645,2,71.0,0,0.0,142.0,0.0,2025-07-01,2025-07-03,Pécs,Website,Card,Completed
54224469,20967,629221,1,132.37,0,0.0,132.37,4.96,2025-11-16,2025-11-17,Budapest,Website,Bank Transfer,Completed
37058600,15378,429834,1,182.15,0,0.0,182.15,0.0,2025-03-06,2025-03-10,Veszprém,Retail Store,Apple Pay,Completed
93752230,15378,919535,2,179.15,0,0.0,358.3,0.0,2025-12-12,2025-12-18,Budapest,Mobile App,Card,Completed
54141303,49073,220405,1,93.01,25,23.25,69.76,6.74,2025-06-09,2025-06-12,Sopron,Website,Apple Pay,Completed
55705684,51232,584962,1,25.15,0,0.0,25.15,5.07,2025-10-06,2025-10-12,Budapest,Website,Card,Completed
43095641,77262,732852,2,111.15,0,0.0,222.3,7.52,2026-07-10,2026-07-14,Szombathely,Website,Google Pay,Completed
86763406,51232,381875,2,25.14,0,0.0,50.28,7.47,2025-05-02,2025-05-04,Győr,Website,Bank Transfer,Completed
79005121,86989,512953,1,89.53,0,0.0,89.53,4.54,2025-07-11,2025-07-15,Budapest,Website,Card,Completed
87707190,20967,619259,3,128.28,25,96.21,288.63,0.0,2026-07-05,2026-07-09,Nyíregyháza,Website,Card,Completed
89400575,95437,472636,1,53.41,10,5.34,48.07,5.11,2026-07-16,2026-07-19,Budapest,Website,Apple Pay,Completed
50054292,49073,155579,1,87.54,0,0.0,87.54,6.79,2025-05-05,2025-05-10,Kecskemét,Marketplace,Card,Completed
34174240,95437,390271,1,55.78,10,5.58,50.2,7.54,2026-01-19,2026-01-21,Miskolc,Mobile App,Card,Completed
54064424,51232,475851,1,24.48,10,2.45,22.03,5.38,2025-04-08,2025-04-11,Pécs,Website,Apple Pay,Completed
82731235,51232,405002,1,25.02,15,3.75,21.27,8.62,2025-03-05,2025-03-06,Nyíregyháza,Mobile App,Google Pay,Completed
53134238,86989,156003,1,92.23,0,0.0,92.23,8.35,2026-04-14,2026-04-18,Nyíregyháza,Website,Google Pay,Completed
14633692,72384,163195,2,58.43,10,11.69,105.17,6.33,2025-11-23,2025-11-24,Győr,Mobile App,Google Pay,Completed
39421354,51232,864524,1,24.24,0,0.0,24.24,7.64,2025-04-06,2025-04-11,Pécs,Website,Card,Completed
51448621,72384,549646,1,58.87,10,5.89,52.98,6.92,2025-10-23,2025-10-28,Érd,Website,Card,Completed
42336880,20967,979755,1,129.1,0,0.0,129.1,0.0,2025-02-15,2025-02-18,Érd,Mobile App,Bank Transfer,Completed
61623244,23801,656708,1,36.14,5,1.81,34.33,0.0,2025-10-02,,Szeged,Marketplace,Apple Pay,Cancelled
42659731,23801,317927,1,34.17,15,5.13,29.04,5.05,2025-06-02,2025-06-05,Budapest,Website,Bank Transfer,Completed
75306257,51232,422257,1,25.37,10,2.54,22.83,4.53,2025-05-22,2025-05-25,Nyíregyháza,Website,Card,Completed
87254721,26644,220405,1,63.13,0,0.0,63.13,6.17,2026-05-04,2026-05-07,Budapest,Marketplace,Card,Completed
72344200,95437,316803,1,53.78,10,5.38,48.4,8.58,2026-05-03,2026-05-07,Érd,Mobile App,Card,Completed
11274083,45415,936563,1,72.53,0,0.0,72.53,6.51,2025-05-22,2025-05-25,Miskolc,Marketplace,Apple Pay,Completed
60397802,95437,570776,1,56.48,5,2.82,53.66,7.95,2025-05-27,2025-05-29,Kecskemét,Marketplace,Card,Completed
28337259,23801,585763,2,36.17,10,7.23,65.11,7.84,2025-12-15,2025-12-17,Szombathely,Mobile App,Google Pay,Completed
45414685,20967,410187,1,127.61,0,0.0,127.61,0.0,2026-01-02,2026-01-07,Budapest,Retail Store,Bank Transfer,Completed
24442853,26644,885670,1,63.84,20,12.77,51.07,7.72,2026-06-18,2026-06-21,Szeged,Mobile App,Bank Transfer,Completed
93376067,85983,950371,1,93.3,10,9.33,83.97,6.1,2025-03-13,2025-03-15,Budapest,Marketplace,Bank Transfer,Completed
97948979,77262,232212,1,108.77,5,5.44,103.33,5.56,2025-07-05,2025-07-06,Sopron,Mobile App,Google Pay,Completed
83885116,45415,360554,1,69.41,0,0.0,69.41,6.03,2025-06-01,2025-06-04,Győr,Mobile App,Card,Completed
63733546,23801,223989,1,34.31,20,6.86,27.45,8.02,2026-08-02,2026-08-04,Nyíregyháza,Marketplace,Bank Transfer,Completed
24113650,85983,272100,2,97.87,0,0.0,195.74,4.22,2025-11-22,2025-11-24,Budapest,Mobile App,Apple Pay,Completed
70225759,85983,234000,1,97.84,0,0.0,97.84,7.36,2025-07-07,2025-07-09,Debrecen,Mobile App,Bank Transfer,Completed
14469719,15378,575451,2,179.2,10,35.84,322.56,0.0,2025-01-08,2025-01-10,Pécs,Marketplace,Card,Completed
16392525,51232,830998,2,24.49,20,9.8,39.18,4.12,2025-09-22,2025-09-24,Miskolc,Mobile App,Card,Completed
46062153,51232,172703,1,24.4,0,0.0,24.4,6.03,2026-02-25,2026-03-03,Miskolc,Mobile App,Bank Transfer,Completed
41281044,45415,172954,2,71.25,15,21.38,121.12,0.0,2025-05-10,2025-05-13,Budapest,Mobile App,PayPal,Completed
81622149,72384,748510,4,60.52,10,24.21,217.87,0.0,2026-08-05,2026-08-05,Szeged,Mobile App,Bank Transfer,Completed
70972435,39892,289020,1,124.4,0,0.0,124.4,0.0,2025-09-19,2025-09-21,Debrecen,Mobile App,PayPal,Completed
64800216,77262,364783,1,107.16,5,5.36,101.8,4.36,2026-06-07,2026-06-11,Budapest,Retail Store,PayPal,Completed
73393650,37136,774579,1,50.28,0,0.0,50.28,6.06,2025-08-26,2025-08-27,Budapest,Website,Cash on Delivery,Completed
12250015,26644,672560,2,64.62,5,6.46,122.78,0.0,2026-05-15,2026-05-17,Érd,Website,Bank Transfer,Completed
41885165,77262,242339,2,111.41,5,11.14,211.68,0.0,2025-05-12,2025-05-14,Győr,Website,Bank Transfer,Completed
92345585,37136,474810,2,49.51,0,0.0,99.02,4.85,2025-05-09,2025-05-13,Érd,Website,Card,Completed
52365049,45415,555936,1,69.12,0,0.0,69.12,8.71,2025-04-22,2025-04-26,Debrecen,Website,Card,Completed
22927820,86989,302753,1,91.52,5,4.58,86.94,4.82,2025-04-17,2025-04-18,Budapest,Marketplace,Apple Pay,Completed
44451952,23801,189263,2,35.25,10,7.05,63.45,5.13,2026-03-27,2026-03-29,Budapest,Mobile App,Card,Returned
21124474,37136,969188,1,50.31,5,2.52,47.79,5.64,2025-10-20,2025-10-21,Veszprém,Mobile App,PayPal,Completed
40956112,17471,771027,2,29.2,25,14.6,43.8,5.85,2025-01-26,2025-01-29,Pécs,Website,Cash on Delivery,Completed
30827710,86989,923489,1,89.86,10,8.99,80.87,5.74,2026-04-12,2026-04-14,Pécs,Website,Card,Completed
20309833,72384,983789,1,59.57,0,0.0,59.57,5.97,2026-01-11,2026-01-13,Budapest,Marketplace,Card,Completed
16918682,51232,659705,1,24.37,20,4.87,19.5,6.16,2026-03-12,2026-03-14,Budapest,Mobile App,Cash on Delivery,Completed
65983791,72384,176185,1,59.69,0,0.0,59.69,4.56,2026-05-02,2026-05-03,Budapest,Retail Store,Card,Completed
76765403,39892,839861,1,123.72,15,18.56,105.16,7.97,2026-07-08,2026-07-10,Debrecen,Website,Google Pay,Completed
77826920,37136,468932,1,49.49,10,4.95,44.54,3.85,2026-07-27,2026-07-28,Sopron,Mobile App,Card,Completed
24200790,51232,885670,1,24.76,0,0.0,24.76,3.52,2025-11-18,2025-11-20,Veszprém,Retail Store,Apple Pay,Completed
50382673,45415,575829,1,70.16,0,0.0,70.16,7.09,2025-06-19,2025-06-23,Debrecen,Website,Google Pay,Completed
75633791,45415,830998,1,71.05,20,14.21,56.84,6.55,2025-10-03,2025-10-05,Kecskemét,Website,Card,Completed
77166505,85983,760123,1,97.8,0,0.0,97.8,4.81,2026-06-04,2026-06-08,Budapest,Mobile App,Card,Completed
78339851,72384,467200,1,62.05,20,12.41,49.64,7.97,2025-04-11,2025-04-15,Budapest,Mobile App,Apple Pay,Completed
14354305,26644,562237,1,65.97,5,3.3,62.67,6.28,2025-10-02,2025-10-05,Budapest,Mobile App,Card,Completed
22360908,26644,436047,2,67.09,0,0.0,134.18,0.0,2025-02-13,2025-02-14,Budapest,Mobile App,Apple Pay,Completed
49186195,85983,460921,1,97.93,20,19.59,78.34,6.92,2025-05-17,2025-05-20,Székesfehérvár,Mobile App,Cash on Delivery,Completed
57348098,39892,133982,2,119.82,0,0.0,239.64,0.0,2025-06-03,2025-06-05,Szombathely,Mobile App,Cash on Delivery,Completed
55833766,45415,352947,1,68.5,10,6.85,61.65,3.87,2026-07-05,2026-07-08,Kecskemét,Website,PayPal,Completed
59437882,45415,771770,1,70.9,15,10.63,60.27,4.97,2026-03-22,2026-03-27,Budapest,Mobile App,PayPal,Completed
45461334,86989,761524,1,90.02,0,0.0,90.02,7.61,2026-06-28,2026-06-30,Pécs,Mobile App,Card,Completed
94351635,51232,371154,1,24.51,0,0.0,24.51,6.18,2025-03-10,2025-03-13,Budapest,Website,Card,Completed
23363827,45415,355217,1,68.0,5,3.4,64.6,6.54,2026-05-15,2026-05-19,Érd,Marketplace,Card,Completed
14633324,15378,121315,1,178.54,0,0.0,178.54,0.0,2025-11-29,2025-12-01,Budapest,Website,Bank Transfer,Completed
40484323,26644,172231,1,65.26,0,0.0,65.26,6.39,2025-08-21,2025-08-24,Budapest,Website,Cash on Delivery,Completed
78227358,37136,920297,2,48.49,0,0.0,96.98,4.87,2025-01-30,2025-02-02,Győr,Website,Card,Completed
78195873,45415,772061,2,70.75,0,0.0,141.5,0.0,2025-04-24,,Miskolc,Website,Cash on Delivery,Cancelled
90182960,39892,203142,1,118.86,5,5.94,112.92,0.0,2025-02-25,2025-02-28,Budapest,Retail Store,PayPal,Returned
48448474,85983,795656,2,95.42,5,9.54,181.3,0.0,2025-01-02,2025-01-04,Budapest,Website,Card,Returned
40019271,26644,988380,2,65.49,10,13.1,117.88,0.0,2026-06-24,2026-06-28,Budapest,Marketplace,Apple Pay,Completed
94986463,51232,459675,1,25.78,0,0.0,25.78,4.1,2025-10-18,2025-10-19,Budapest,Mobile App,Card,Completed
36267728,45415,188293,1,68.88,10,6.89,61.99,4.34,2025-11-22,2025-11-28,Budapest,Website,Cash on Delivery,Completed
42692304,72384,767221,3,59.47,0,0.0,178.41,5.6,2025-05-22,2025-05-23,Veszprém,Website,Google Pay,Completed
98927140,51232,823480,1,24.67,5,1.23,23.44,3.75,2026-06-20,2026-06-23,Budapest,Website,Card,Completed
10564990,45415,906071,3,70.99,10,21.3,191.67,4.85,2026-02-12,2026-02-14,Budapest,Website,Apple Pay,Completed
40834394,45415,382273,1,68.72,0,0.0,68.72,6.54,2025-07-10,2025-07-17,Érd,Website,Card,Completed
13959161,86989,706778,1,91.37,20,18.27,73.1,6.47,2026-05-04,2026-05-05,Kecskemét,Website,Google Pay,Completed
68752364,86989,938708,3,90.97,5,13.65,259.26,0.0,2025-04-30,2025-05-03,Miskolc,Website,Card,Completed
80369674,77262,136738,1,110.43,20,22.09,88.34,7.16,2025-07-06,2025-07-11,Miskolc,Mobile App,Card,Completed
58124551,86989,220263,1,87.66,15,13.15,74.51,5.31,2026-07-08,2026-07-10,Debrecen,Website,Card,Completed
10245693,72384,491341,1,58.35,25,14.59,43.76,8.73,2025-09-03,2025-09-08,Tatabánya,Website,Card,Completed
51403369,49073,229479,1,89.99,0,0.0,89.99,5.06,2026-06-12,2026-06-14,Budapest,Website,Card,Completed
62901766,51232,875612,2,25.96,5,2.6,49.32,7.4,2025-01-10,2025-01-14,Budapest,Website,Google Pay,Completed
95600818,49073,180008,1,91.73,10,9.17,82.56,7.22,2026-02-22,2026-02-26,Pécs,Website,Card,Completed
12623933,86989,874532,1,88.06,20,17.61,70.45,5.2,2025-07-11,2025-07-14,Tatabánya,Website,Card,Completed
76452268,95437,251672,1,55.07,10,5.51,49.56,5.42,2025-08-27,2025-09-01,Budapest,Mobile App,Card,Completed
16219201,39892,399232,1,120.77,5,6.04,114.73,6.87,2025-10-25,2025-10-27,Budapest,Marketplace,Card,Completed
95875381,23801,965496,3,34.8,0,0.0,104.4,0.0,2025-11-29,,Budapest,Retail Store,Card,Cancelled
14282464,15378,953459,1,182.4,0,0.0,182.4,4.83,2026-03-22,2026-03-27,Kecskemét,Website,PayPal,Completed
64634674,51232,464357,1,24.92,0,0.0,24.92,4.8,2025-05-24,2025-05-28,Budapest,Marketplace,Apple Pay,Completed
56423354,49073,219553,3,88.73,20,53.24,212.95,0.0,2025-03-04,,Budapest,Website,Card,Cancelled
81154541,45415,716392,1,68.83,25,17.21,51.62,6.85,2026-05-31,2026-06-02,Miskolc,Website,Card,Completed
46184235,15378,486940,1,184.71,0,0.0,184.71,0.0,2026-06-11,2026-06-14,Szombathely,Marketplace,Bank Transfer,Completed
16157237,86989,157771,1,87.69,15,13.15,74.54,4.37,2026-07-31,2026-08-01,Pécs,Mobile App,Google Pay,Completed
99693440,37136,185190,1,48.65,5,2.43,46.22,6.42,2025-04-27,2025-04-28,Budapest,Marketplace,Card,Completed
60711265,23801,494016,1,36.18,0,0.0,36.18,6.17,2025-10-07,2025-10-13,Debrecen,Website,Bank Transfer,Completed
65992706,45415,962627,1,70.33,0,0.0,70.33,3.86,2025-03-09,2025-03-16,Veszprém,Retail Store,Card,Completed
57764336,23801,263290,1,35.61,5,1.78,33.83,4.85,2026-05-02,2026-05-07,Miskolc,Website,Apple Pay,Completed
71643951,20967,780717,1,130.06,0,0.0,130.06,0.0,2025-06-01,2025-06-04,Miskolc,Website,PayPal,Completed
88237890,37136,132400,1,51.44,0,0.0,51.44,5.2,2026-07-24,2026-07-26,Budapest,Website,Cash on Delivery,Completed
13023274,45415,232212,1,68.32,0,0.0,68.32,5.04,2026-05-03,2026-05-09,Budapest,Marketplace,Card,Completed
55180964,45415,193706,2,69.2,10,13.84,124.56,7.63,2025-08-03,2025-08-05,Győr,Marketplace,Apple Pay,Completed
71384636,15378,393046,1,184.52,5,9.23,175.29,0.0,2025-09-29,2025-10-01,Budapest,Website,Card,Completed
23773287,77262,475095,1,108.64,10,10.86,97.78,5.79,2025-12-14,2025-12-17,Debrecen,Marketplace,Card,Completed
59662752,95437,564433,1,57.17,15,8.58,48.59,6.26,2025-04-20,2025-04-26,Debrecen,Marketplace,Card,Completed
30369203,17471,835429,1,29.52,5,1.48,28.04,7.92,2025-09-27,2025-09-29,Budapest,Retail Store,Card,Returned
78815328,51232,459675,1,24.73,0,0.0,24.73,7.15,2025-02-22,2025-02-23,Szeged,Retail Store,Card,Completed
55646543,37136,370400,2,48.98,0,0.0,97.96,7.33,2025-09-13,2025-09-14,Budapest,Website,Card,Completed
71210185,23801,479585,2,34.58,15,10.37,58.79,7.58,2026-01-30,2026-02-04,Székesfehérvár,Website,Card,Completed
70119738,20967,392518,1,131.89,10,13.19,118.7,5.47,2025-12-31,2026-01-02,Sopron,Mobile App,Card,Completed
81946193,86989,113826,2,93.08,5,9.31,176.85,0.0,2025-02-15,2025-02-19,Miskolc,Website,Cash on Delivery,Completed
30406476,85983,218368,1,98.73,0,0.0,98.73,7.01,2026-04-16,2026-04-17,Budapest,Marketplace,Card,Completed
93075496,49073,690172,1,92.13,0,0.0,92.13,6.36,2026-08-29,2026-08-30,Budapest,Marketplace,Card,Returned
23952258,86989,495930,1,89.73,0,0.0,89.73,3.52,2025-12-23,2025-12-29,Budapest,Website,Card,Completed
19119643,45415,585763,2,72.41,0,0.0,144.82,6.1,2026-02-22,2026-02-27,Kecskemét,Retail Store,Card,Completed
52344958,49073,356176,3,88.08,20,52.85,211.39,0.0,2025-11-01,2025-11-04,Szeged,Website,Card,Completed
97775223,49073,635847,1,92.35,0,0.0,92.35,4.12,2026-08-14,2026-08-16,Szeged,Mobile App,Card,Completed
77145678,20967,729179,4,134.35,0,0.0,537.4,5.96,2025-04-24,2025-04-26,Eger,Website,Card,Completed
15620105,86989,261662,1,91.57,10,9.16,82.41,4.04,2026-08-17,2026-08-18,Debrecen,Marketplace,Cash on Delivery,Completed
65141260,72384,273306,1,59.96,0,0.0,59.96,5.45,2025-06-15,2025-06-16,Veszprém,Mobile App,Card,Completed
97925506,20967,384280,2,130.56,0,0.0,261.12,4.27,2026-07-31,2026-08-02,Győr,Website,PayPal,Completed
80062562,77262,607258,1,113.79,0,0.0,113.79,0.0,2025-09-24,,Eger,Mobile App,Bank Transfer,Cancelled
18610708,15378,507728,1,179.09,0,0.0,179.09,3.89,2025-02-22,2025-02-24,Budapest,Marketplace,Card,Completed
59052982,26644,203142,3,65.79,20,39.47,157.9,4.87,2025-03-26,2025-03-28,Budapest,Retail Store,Card,Completed
38286030,45415,171304,1,70.5,5,3.53,66.97,5.42,2025-05-19,2025-05-22,Nyíregyháza,Website,Card,Completed
50904157,15378,145189,1,181.79,10,18.18,163.61,4.4,2025-07-28,2025-07-31,Veszprém,Retail Store,PayPal,Completed
99404023,39892,103219,1,117.67,0,0.0,117.67,3.57,2025-09-02,2025-09-04,Budapest,Mobile App,Card,Completed
94105362,72384,881604,2,60.81,5,6.08,115.54,0.0,2026-02-16,2026-02-22,Pécs,Mobile App,PayPal,Completed
93424719,86989,242339,3,87.47,10,26.24,236.17,4.19,2025-02-11,2025-02-12,Kecskemét,Website,Google Pay,Completed
75901512,45415,705908,1,70.27,15,10.54,59.73,6.59,2025-10-20,2025-10-24,Budapest,Website,Bank Transfer,Completed
30291763,15378,590914,3,179.18,0,0.0,537.54,5.71,2025-07-23,2025-07-25,Budapest,Website,PayPal,Completed
63161175,45415,463432,1,71.54,0,0.0,71.54,5.63,2026-06-06,2026-06-08,Miskolc,Marketplace,Google Pay,Completed
44129084,77262,299149,2,109.53,0,0.0,219.06,0.0,2025-12-29,2026-01-01,Győr,Retail Store,Card,Completed
54314316,95437,882506,1,56.56,25,14.14,42.42,8.16,2026-01-08,2026-01-11,Sopron,Marketplace,Cash on Delivery,Completed
88802445,85983,693752,2,94.97,0,0.0,189.94,0.0,2025-04-12,2025-04-13,Kecskemét,Mobile App,Apple Pay,Completed
22215238,86989,436305,1,91.8,5,4.59,87.21,8.1,2025-12-03,2025-12-04,Szeged,Mobile App,Google Pay,Completed
87519717,86989,502830,1,88.75,0,0.0,88.75,4.18,2026-01-10,2026-01-17,Szombathely,Website,Apple Pay,Completed
19078263,85983,218368,5,93.52,10,46.76,420.84,0.0,2026-07-19,2026-07-23,Budapest,Website,Card,Returned
87658019,17471,729179,1,30.39,5,1.52,28.87,6.83,2025-03-26,2025-03-28,Tatabánya,Website,PayPal,Completed
24618533,72384,891733,1,62.35,0,0.0,62.35,6.72,2025-01-31,2025-02-02,Szeged,Website,Apple Pay,Completed
40469318,49073,453130,1,88.72,0,0.0,88.72,8.79,2026-02-09,2026-02-13,Budapest,Website,Cash on Delivery,Completed
65944379,86989,982137,1,88.14,20,17.63,70.51,5.71,2026-05-02,2026-05-03,Miskolc,Mobile App,Card,Completed
75061335,95437,227343,1,54.22,20,10.84,43.38,7.17,2025-06-08,2025-06-10,Sopron,Mobile App,Card,Completed
24178667,15378,499460,1,177.35,0,0.0,177.35,0.0,2026-06-13,2026-06-15,Veszprém,Mobile App,Card,Completed
52339031,72384,316947,2,61.56,25,30.78,92.34,7.16,2025-01-11,2025-01-12,Budapest,Marketplace,Cash on Delivery,Completed
93493984,39892,566714,2,123.72,0,0.0,247.44,7.15,2026-07-25,2026-07-30,Győr,Website,Card,Completed
74061054,51232,610866,1,25.22,10,2.52,22.7,5.46,2025-01-07,2025-01-11,Pécs,Mobile App,Card,Completed
21376886,15378,923787,2,177.58,15,53.27,301.89,5.0,2025-07-11,2025-07-13,Kecskemét,Retail Store,Card,Returned
32217949,51232,852199,4,24.48,5,4.9,93.02,6.34,2025-06-01,2025-06-04,Tatabánya,Mobile App,Card,Completed
48274188,23801,356196,2,35.74,0,0.0,71.48,7.77,2026-06-04,2026-06-05,Budapest,Website,Apple Pay,Completed
91643006,86989,933151,1,91.47,10,9.15,82.32,7.6,2026-01-13,2026-01-16,Budapest,Mobile App,Apple Pay,Completed
39398713,49073,245515,1,87.75,0,0.0,87.75,6.73,2025-06-09,2025-06-11,Pécs,Marketplace,Google Pay,Completed
34817792,20967,379921,1,126.4,10,12.64,113.76,0.0,2025-04-30,2025-05-02,Budapest,Website,Google Pay,Completed
52272110,85983,723009,1,96.82,10,9.68,87.14,4.12,2025-12-12,2025-12-16,Budapest,Website,Card,Completed
49127553,15378,453130,2,178.01,10,35.6,320.42,0.0,2026-05-01,2026-05-01,Budapest,Website,Card,Completed
27210862,72384,585877,1,60.84,0,0.0,60.84,7.67,2026-02-26,2026-03-04,Budapest,Website,Card,Completed
13226816,23801,756899,2,34.02,15,10.21,57.83,8.38,2026-04-23,2026-04-26,Nyíregyháza,Mobile App,Card,Completed
33841681,17471,604832,2,29.16,10,5.83,52.49,7.1,2026-05-16,2026-05-17,Győr,Website,Cash on Delivery,Completed
85158216,86989,392883,2,87.81,10,17.56,158.06,0.0,2025-11-12,2025-11-16,Veszprém,Marketplace,PayPal,Completed
39567269,86989,656708,1,88.24,20,17.65,70.59,8.94,2025-11-16,2025-11-20,Budapest,Mobile App,Google Pay,Completed
19470581,85983,581944,1,95.99,10,9.6,86.39,6.97,2025-06-26,2025-06-28,Sopron,Website,PayPal,Completed
77770330,72384,233768,1,59.85,0,0.0,59.85,4.96,2025-01-22,2025-01-22,Budapest,Website,Google Pay,Completed
76092728,86989,254929,1,87.41,10,8.74,78.67,5.62,2025-07-31,2025-08-03,Győr,Website,Card,Completed
15571586,45415,405980,1,69.67,10,6.97,62.7,4.75,2025-10-17,2025-10-19,Debrecen,Mobile App,Cash on Delivery,Completed
76979225,23801,502830,1,34.94,0,0.0,34.94,7.77,2025-11-29,2025-12-01,Debrecen,Website,PayPal,Completed
96471990,23801,861241,2,36.09,0,0.0,72.18,7.88,2025-07-09,2025-07-11,Szeged,Mobile App,Apple Pay,Completed
88084321,86989,382406,4,90.13,10,36.05,324.47,0.0,2025-06-15,2025-06-18,Budapest,Mobile App,Card,Completed
38319549,49073,986489,3,91.1,0,0.0,273.3,0.0,2025-11-19,2025-11-20,Debrecen,Website,Card,Completed
24230105,45415,263625,1,71.27,0,0.0,71.27,4.32,2026-05-26,2026-05-27,Szeged,Website,Card,Completed
27651192,49073,127995,1,93.4,0,0.0,93.4,6.36,2026-05-20,2026-05-24,Pécs,Marketplace,Card,Completed
76224181,85983,220263,1,95.99,0,0.0,95.99,6.13,2025-01-03,2025-01-05,Szombathely,Mobile App,Card,Completed
77892740,85983,229479,1,98.38,0,0.0,98.38,6.37,2025-02-23,2025-02-25,Győr,Website,Card,Completed
20147590,23801,830998,1,36.16,25,9.04,27.12,5.77,2025-11-17,2025-11-20,Budapest,Website,Bank Transfer,Completed
69221121,15378,346105,1,180.81,0,0.0,180.81,0.0,2026-02-02,2026-02-06,Szeged,Marketplace,Card,Completed
28441769,85983,669829,4,96.2,0,0.0,384.8,0.0,2026-03-08,2026-03-10,Budapest,Website,Card,Returned
33647110,37136,505234,1,50.55,5,2.53,48.02,6.39,2026-01-04,2026-01-06,Budapest,Mobile App,Card,Completed
25019138,86989,935595,4,87.35,0,0.0,349.4,3.76,2026-07-19,2026-07-20,Budapest,Website,Google Pay,Completed
82561368,86989,962563,2,88.21,0,0.0,176.42,0.0,2025-06-21,2025-06-24,Miskolc,Mobile App,Cash on Delivery,Completed
87675943,37136,936563,2,51.45,0,0.0,102.9,3.88,2026-05-21,2026-05-22,Kecskemét,Website,Card,Completed
18049696,23801,794821,1,35.93,0,0.0,35.93,7.43,2025-09-05,2025-09-09,Budapest,Website,PayPal,Completed
43600672,85983,543130,2,94.73,5,9.47,179.99,0.0,2026-02-16,2026-02-19,Nyíregyháza,Mobile App,Card,Completed
59417473,77262,355971,1,113.44,5,5.67,107.77,4.37,2025-06-14,2025-06-21,Miskolc,Website,PayPal,Completed
41716912,26644,276421,1,66.87,0,0.0,66.87,5.08,2026-05-30,2026-06-01,Nyíregyháza,Mobile App,Google Pay,Completed
96831398,26644,159374,1,64.14,25,16.04,48.1,5.5,2026-05-15,2026-05-20,Szeged,Website,PayPal,Completed
19109298,72384,896458,1,61.9,20,12.38,49.52,8.86,2025-04-06,2025-04-09,Budapest,Mobile App,Card,Completed
22445113,15378,693300,1,183.35,10,18.34,165.01,0.0,2025-06-11,2025-06-13,Budapest,Website,Bank Transfer,Completed
96193140,72384,585877,1,58.36,15,8.75,49.61,6.15,2026-03-08,2026-03-11,Budapest,Retail Store,PayPal,Completed
29687097,86989,356176,1,92.96,10,9.3,83.66,4.57,2025-09-30,2025-10-03,Miskolc,Marketplace,Card,Completed
12774624,23801,888509,2,34.93,15,10.48,59.38,6.02,2025-05-29,2025-06-04,Győr,Website,Card,Completed
30513099,45415,536315,1,70.81,5,3.54,67.27,4.27,2026-05-03,2026-05-04,Miskolc,Retail Store,Card,Completed
26288072,15378,885670,1,182.53,10,18.25,164.28,0.0,2026-01-10,2026-01-13,Szeged,Mobile App,Apple Pay,Completed
16253965,51232,226609,1,25.09,10,2.51,22.58,5.06,2025-12-22,2025-12-27,Budapest,Mobile App,Cash on Delivery,Completed
18262032,51232,990676,1,24.26,5,1.21,23.05,6.79,2026-02-20,2026-02-22,Budapest,Website,Google Pay,Completed
19335757,49073,839861,2,89.45,10,17.89,161.01,0.0,2025-02-04,2025-02-06,Budapest,Mobile App,Cash on Delivery,Completed
84916975,26644,180008,1,64.13,5,3.21,60.92,5.22,2025-12-15,2025-12-17,Szeged,Website,Cash on Delivery,Completed
79626399,45415,756734,2,68.64,0,0.0,137.28,0.0,2025-10-13,2025-10-16,Budapest,Website,Cash on Delivery,Returned
42125808,17471,227202,4,31.1,15,18.66,105.74,0.0,2025-05-07,2025-05-09,Budapest,Mobile App,Cash on Delivery,Completed
24702497,37136,608791,1,50.77,5,2.54,48.23,5.6,2026-08-12,2026-08-13,Szeged,Website,Cash on Delivery,Completed
43659968,20967,165410,1,134.33,20,26.87,107.46,3.93,2026-07-28,2026-07-30,Budapest,Website,PayPal,Completed
39785580,15378,165410,1,185.01,0,0.0,185.01,0.0,2025-08-24,2025-08-29,Pécs,Marketplace,Google Pay,Completed
24518859,23801,443562,1,34.93,0,0.0,34.93,5.02,2025-01-28,2025-02-01,Debrecen,Website,Card,Completed
93562069,77262,722251,4,110.8,10,44.32,398.88,0.0,2025-03-12,2025-03-17,Budapest,Website,Apple Pay,Completed
99193988,95437,251635,2,54.16,0,0.0,108.32,0.0,2025-11-16,2025-11-17,Budapest,Website,Google Pay,Completed
61556263,86989,741127,1,93.11,5,4.66,88.45,0.0,2025-07-03,,Budapest,Website,PayPal,Cancelled
51053347,49073,675038,1,91.37,10,9.14,82.23,7.18,2026-07-09,2026-07-11,Budapest,Retail Store,Card,Completed
36047354,15378,764981,1,175.38,15,26.31,149.07,0.0,2025-08-09,2025-08-13,Tatabánya,Mobile App,Cash on Delivery,Completed
78179912,85983,940608,1,97.4,20,19.48,77.92,4.64,2025-03-27,2025-03-28,Debrecen,Website,Card,Completed
13514613,15378,873201,3,186.09,5,27.91,530.36,0.0,2025-12-11,2025-12-13,Budapest,Website,Bank Transfer,Completed
14239630,51232,301238,1,24.29,0,0.0,24.29,8.32,2025-04-30,2025-05-03,Debrecen,Website,Card,Returned
93692631,85983,897974,1,94.07,5,4.7,89.37,6.87,2026-05-07,2026-05-12,Miskolc,Mobile App,Cash on Delivery,Completed
96214775,45415,938919,2,72.11,0,0.0,144.22,0.0,2026-06-10,2026-06-11,Győr,Website,Card,Completed
16255166,23801,655289,1,35.15,0,0.0,35.15,7.74,2025-09-02,2025-09-05,Budapest,Website,Card,Completed
30622515,49073,238951,4,92.44,20,73.95,295.81,0.0,2025-07-05,2025-07-08,Debrecen,Marketplace,Card,Completed
77359778,49073,229479,1,93.15,20,18.63,74.52,6.24,2025-07-28,2025-07-29,Budapest,Website,PayPal,Completed
19582461,37136,608791,1,51.23,5,2.56,48.67,7.37,2025-10-06,2025-10-08,Eger,Marketplace,Card,Completed
19295074,37136,855875,1,50.42,0,0.0,50.42,4.05,2025-02-14,2025-02-16,Veszprém,Website,Cash on Delivery,Completed
42960026,51232,453508,1,24.24,0,0.0,24.24,5.76,2025-05-20,2025-05-21,Győr,Website,Card,Completed
88741601,51232,235610,1,25.02,0,0.0,25.02,4.81,2026-03-23,2026-03-24,Kecskemét,Website,Card,Completed
71153227,85983,494620,1,98.76,0,0.0,98.76,5.81,2026-06-30,2026-07-01,Kecskemét,Retail Store,Card,Completed
63257412,39892,352117,1,118.86,20,23.77,95.09,5.31,2025-10-19,2025-10-20,Szombathely,Mobile App,Card,Completed
50470468,20967,278512,2,133.71,0,0.0,267.42,0.0,2025-12-10,2025-12-13,Pécs,Mobile App,Card,Completed
94451833,20967,130865,2,130.77,10,26.15,235.39,0.0,2025-08-12,2025-08-18,Debrecen,Mobile App,Card,Completed
97282969,51232,625329,1,25.28,5,1.26,24.02,7.36,2025-12-12,2025-12-16,Debrecen,Mobile App,Bank Transfer,Completed
18964254,20967,234664,2,134.8,0,0.0,269.6,0.0,2025-11-17,2025-11-24,Budapest,Website,PayPal,Completed
57502980,51232,559367,1,25.21,0,0.0,25.21,8.78,2025-12-25,2025-12-25,Budapest,Website,Card,Completed
43358762,85983,675038,1,94.46,0,0.0,94.46,4.11,2025-04-15,2025-04-17,Budapest,Marketplace,Bank Transfer,Completed
99774139,85983,349300,2,97.04,0,0.0,194.08,0.0,2025-11-21,2025-11-24,Nyíregyháza,Marketplace,Apple Pay,Completed
89484638,20967,729179,3,127.02,0,0.0,381.06,0.0,2025-11-16,2025-11-20,Debrecen,Website,Cash on Delivery,Completed
26638964,51232,134053,1,25.63,10,2.56,23.07,7.64,2026-08-22,2026-08-24,Kecskemét,Marketplace,Card,Completed
62763715,86989,447236,1,87.99,0,0.0,87.99,7.92,2025-12-01,2025-12-03,Budapest,Retail Store,Apple Pay,Completed
99863723,51232,127995,1,25.06,10,2.51,22.55,8.66,2025-11-26,2025-11-28,Székesfehérvár,Website,Apple Pay,Completed
50352549,26644,336083,1,65.65,20,13.13,52.52,3.78,2025-04-14,2025-04-15,Budapest,Retail Store,PayPal,Completed
62198388,51232,981714,5,25.73,0,0.0,128.65,0.0,2025-04-24,2025-04-26,Miskolc,Mobile App,Card,Completed
18450530,86989,159374,1,91.61,0,0.0,91.61,7.64,2026-05-07,2026-05-10,Debrecen,Website,Card,Completed
78131821,20967,665068,1,126.93,0,0.0,126.93,0.0,2025-08-20,2025-08-22,Szombathely,Website,Card,Completed
49696388,72384,967844,1,61.97,0,0.0,61.97,5.39,2025-10-22,2025-10-23,Pécs,Website,Apple Pay,Completed
72578792,26644,123371,1,63.44,5,3.17,60.27,8.77,2026-05-21,2026-05-24,Budapest,Marketplace,Bank Transfer,Completed
60652028,45415,160490,1,72.01,0,0.0,72.01,7.93,2026-03-09,2026-03-11,Pécs,Retail Store,Card,Completed
10536729,72384,936563,1,62.33,5,3.12,59.21,4.04,2025-07-15,2025-07-17,Budapest,Website,Card,Completed
19299121,15378,289020,1,175.25,0,0.0,175.25,0.0,2025-07-27,,Székesfehérvár,Website,Card,Cancelled
93802674,45415,566834,1,69.14,5,3.46,65.68,8.26,2026-07-18,2026-07-20,Miskolc,Marketplace,Card,Completed
61252076,49073,613733,1,91.1,5,4.55,86.55,8.69,2025-08-14,2025-08-18,Miskolc,Mobile App,Card,Completed
67564918,37136,993904,1,50.29,10,5.03,45.26,6.89,2026-05-05,2026-05-07,Budapest,Website,Bank Transfer,Completed
87358607,49073,491341,1,92.39,0,0.0,92.39,5.89,2025-04-06,2025-04-08,Budapest,Website,Bank Transfer,Completed
62036812,15378,465427,1,180.81,0,0.0,180.81,0.0,2025-07-17,2025-07-19,Budapest,Website,Card,Returned
27031165,45415,235610,2,69.15,0,0.0,138.3,5.85,2026-04-24,2026-04-29,Érd,Website,PayPal,Returned
92099512,39892,144875,3,116.72,5,17.51,332.65,0.0,2025-03-31,2025-04-04,Budapest,Website,Card,Completed
45549372,49073,242844,2,89.96,0,0.0,179.92,0.0,2025-07-06,2025-07-10,Kecskemét,Website,Card,Completed
20279343,26644,101683,2,63.54,0,0.0,127.08,0.0,2025-04-26,2025-05-02,Debrecen,Website,Card,Completed
41896855,85983,604832,3,92.17,10,27.65,248.86,0.0,2025-04-12,2025-04-16,Budapest,Website,Google Pay,Completed
14744624,20967,977931,2,130.22,20,52.09,208.35,3.95,2025-01-29,2025-01-30,Budapest,Website,Card,Completed
11737849,95437,516223,1,54.0,5,2.7,51.3,8.45,2025-10-02,2025-10-05,Pécs,Website,Card,Returned
63950810,51232,683728,3,25.39,0,0.0,76.17,6.94,2025-08-25,2025-08-30,Szeged,Mobile App,Card,Completed
25794733,86989,460123,1,89.58,20,17.92,71.66,8.56,2025-07-10,2025-07-13,Pécs,Retail Store,Card,Completed
54538941,85983,652094,2,96.71,0,0.0,193.42,0.0,2025-09-01,2025-09-05,Kecskemét,Website,Card,Completed
93482195,72384,699727,1,58.96,0,0.0,58.96,4.85,2025-04-27,2025-04-28,Szombathely,Website,Google Pay,Completed
33245134,23801,842068,1,34.59,5,1.73,32.86,4.01,2026-03-21,2026-03-22,Kecskemét,Website,Card,Completed
15030695,86989,125958,2,90.77,0,0.0,181.54,0.0,2026-01-31,2026-02-03,Miskolc,Mobile App,Bank Transfer,Completed
45296365,45415,775999,3,72.05,5,10.81,205.34,0.0,2026-06-17,2026-06-20,Budapest,Website,Card,Completed
79844157,85983,358818,1,96.23,0,0.0,96.23,7.35,2025-09-21,2025-09-27,Budapest,Marketplace,Card,Completed
31802974,23801,497037,5,34.21,0,0.0,171.05,0.0,2025-06-20,2025-06-23,Győr,Website,Cash on Delivery,Completed
75829216,45415,188801,1,69.68,0,0.0,69.68,5.41,2025-09-10,2025-09-13,Kecskemét,Marketplace,Card,Completed
74264876,15378,651683,3,175.0,0,0.0,525.0,0.0,2025-02-07,2025-02-12,Szeged,Marketplace,Google Pay,Completed
80372946,15378,242844,1,177.35,0,0.0,177.35,0.0,2026-01-26,2026-02-02,Budapest,Mobile App,Card,Completed
39784541,77262,489113,2,108.17,5,10.82,205.52,6.76,2026-03-11,2026-03-16,Székesfehérvár,Retail Store,Card,Completed
55823183,77262,499460,1,106.99,10,10.7,96.29,6.33,2026-05-01,2026-05-05,Budapest,Website,Card,Completed
83746479,45415,339301,1,69.8,0,0.0,69.8,6.34,2025-03-10,2025-03-12,Budapest,Marketplace,Apple Pay,Completed
68776565,72384,645743,1,58.69,10,5.87,52.82,5.51,2025-02-11,2025-02-14,Pécs,Mobile App,Card,Completed
84761358,95437,599642,1,56.74,10,5.67,51.07,4.22,2026-05-11,2026-05-12,Debrecen,Website,Apple Pay,Completed
32020418,85983,453566,1,96.44,0,0.0,96.44,7.86,2025-08-10,2025-08-12,Debrecen,Retail Store,Apple Pay,Completed
10081399,15378,349637,1,180.6,0,0.0,180.6,0.0,2025-06-26,2025-06-29,Tatabánya,Website,PayPal,Completed
17098054,23801,494349,1,33.96,0,0.0,33.96,6.56,2025-05-19,2025-05-20,Nyíregyháza,Marketplace,Apple Pay,Completed
78195397,37136,811515,2,49.92,5,4.99,94.85,4.21,2025-08-30,2025-09-02,Győr,Marketplace,Card,Completed
58684786,45415,599642,1,70.62,0,0.0,70.62,7.53,2026-03-12,2026-03-12,Budapest,Website,Cash on Delivery,Completed
71686768,51232,134053,3,25.61,10,7.68,69.15,7.73,2025-01-25,2025-01-26,Budapest,Mobile App,Card,Completed
49820001,15378,605291,1,176.83,0,0.0,176.83,0.0,2026-04-04,2026-04-05,Miskolc,Website,Google Pay,Completed
31763930,15378,473332,1,183.73,10,18.37,165.36,0.0,2025-12-17,2025-12-18,Székesfehérvár,Marketplace,Bank Transfer,Completed
73443622,51232,318717,1,25.3,0,0.0,25.3,5.99,2026-04-05,2026-04-08,Kecskemét,Website,Apple Pay,Completed
52248101,45415,899176,1,68.12,5,3.41,64.71,3.74,2026-04-11,2026-04-12,Budapest,Website,Card,Completed
75437652,49073,472636,1,92.91,10,9.29,83.62,6.7,2025-05-23,2025-05-24,Eger,Website,Apple Pay,Completed
15781694,26644,635014,1,66.98,0,0.0,66.98,5.66,2025-06-28,2025-07-01,Eger,Website,Card,Completed
42339479,51232,890206,1,24.87,10,2.49,22.38,7.66,2026-06-23,2026-06-24,Székesfehérvár,Website,Google Pay,Completed
37000866,85983,555936,1,94.21,0,0.0,94.21,8.09,2025-10-12,2025-10-13,Budapest,Retail Store,Card,Completed
38877742,95437,393046,4,55.94,0,0.0,223.76,0.0,2026-04-23,2026-04-26,Budapest,Website,Card,Completed
53232719,20967,418376,4,133.74,10,53.5,481.46,0.0,2026-01-07,2026-01-07,Győr,Marketplace,Card,Completed
21433087,20967,852557,2,126.48,15,37.94,215.02,0.0,2026-07-05,2026-07-12,Érd,Website,Card,Completed
75939128,51232,876834,2,24.64,10,4.93,44.35,5.75,2026-06-02,2026-06-05,Kecskemét,Website,Card,Completed
15574510,86989,247968,1,92.94,0,0.0,92.94,7.56,2025-05-01,2025-05-03,Budapest,Website,Card,Completed
91119979,51232,986489,2,24.56,15,7.37,41.75,5.75,2025-10-23,2025-10-25,Debrecen,Mobile App,Google Pay,Completed
64644740,49073,464357,2,88.33,15,26.5,150.16,0.0,2025-09-19,2025-09-24,Budapest,Marketplace,Apple Pay,Completed
96464607,86989,292777,1,91.98,5,4.6,87.38,4.89,2025-12-25,2025-12-27,Budapest,Website,Card,Completed
41382504,72384,610524,1,58.22,5,2.91,55.31,7.56,2025-05-02,2025-05-07,Budapest,Mobile App,Card,Completed
61439438,86989,901875,1,92.28,5,4.61,87.67,6.24,2026-04-26,2026-05-03,Kecskemét,Website,Card,Completed
58567659,86989,570776,1,87.86,15,13.18,74.68,3.5,2025-12-22,2025-12-23,Pécs,Website,Card,Completed
29610118,86989,655927,1,89.54,20,17.91,71.63,5.53,2025-11-16,2025-11-16,Budapest,Retail Store,Card,Completed
14167798,45415,573807,1,72.32,5,3.62,68.7,7.4,2025-09-30,2025-10-03,Budapest,Mobile App,Apple Pay,Completed
95931540,86989,934270,1,89.9,0,0.0,89.9,4.85,2026-03-31,2026-04-02,Budapest,Website,Google Pay,Completed
14747648,72384,467200,2,59.8,0,0.0,119.6,6.51,2026-03-30,2026-04-01,Székesfehérvár,Website,Bank Transfer,Completed
48888533,20967,453566,1,128.6,0,0.0,128.6,0.0,2025-12-27,2025-12-29,Győr,Retail Store,Apple Pay,Completed
54563438,17471,103219,1,30.24,0,0.0,30.24,5.38,2025-10-27,2025-10-30,Budapest,Website,Bank Transfer,Completed
57853152,85983,852115,1,96.44,20,19.29,77.15,7.51,2026-02-15,2026-02-19,Budapest,Retail Store,Bank Transfer,Completed
53274264,23801,188801,1,36.02,5,1.8,34.22,4.9,2025-05-30,2025-06-02,Érd,Mobile App,Card,Returned
41318730,85983,549646,1,92.9,0,0.0,92.9,5.86,2026-01-12,2026-01-15,Székesfehérvár,Mobile App,Card,Completed
94165927,86989,556753,1,91.0,0,0.0,91.0,5.99,2025-12-25,2025-12-29,Budapest,Website,Card,Completed
10226807,49073,473434,1,91.25,0,0.0,91.25,3.71,2025-10-26,2025-10-29,Tatabánya,Website,Google Pay,Completed
90071413,26644,340538,1,64.59,0,0.0,64.59,7.23,2025-11-13,2025-11-15,Kecskemét,Marketplace,Card,Completed
99844544,51232,137875,2,25.21,0,0.0,50.42,4.11,2025-10-11,2025-10-14,Szombathely,Website,Card,Completed
89939954,20967,439383,1,126.24,0,0.0,126.24,0.0,2025-09-05,2025-09-06,Budapest,Mobile App,Card,Completed
66161573,86989,472636,1,90.11,10,9.01,81.1,8.43,2026-02-08,2026-02-10,Budapest,Website,Google Pay,Completed
57734709,86989,855875,1,89.16,0,0.0,89.16,5.0,2025-01-22,2025-01-27,Budapest,Website,Apple Pay,Completed
68120315,26644,962627,1,65.7,0,0.0,65.7,6.62,2026-07-29,2026-08-01,Pécs,Website,Apple Pay,Completed
98949969,45415,251672,1,70.03,20,14.01,56.02,7.41,2026-04-23,2026-04-29,Pécs,Website,Card,Completed
50189887,37136,540731,1,50.86,0,0.0,50.86,6.5,2025-01-04,2025-01-06,Érd,Mobile App,PayPal,Completed
14953956,51232,806070,2,25.64,0,0.0,51.28,4.21,2026-06-10,2026-06-11,Budapest,Retail Store,PayPal,Completed
78844134,72384,193706,1,60.16,0,0.0,60.16,6.46,2025-11-04,2025-11-05,Budapest,Mobile App,PayPal,Completed
53019929,49073,489113,1,91.71,20,18.34,73.37,5.59,2026-01-06,2026-01-07,Budapest,Retail Store,PayPal,Completed
30061795,23801,165273,2,36.09,5,3.61,68.57,8.86,2025-03-31,2025-04-03,Budapest,Retail Store,Card,Completed
14228184,95437,491341,1,57.19,0,0.0,57.19,6.62,2025-02-28,2025-03-04,Érd,Marketplace,Card,Completed
52053670,86989,295408,1,93.36,25,23.34,70.02,6.75,2025-06-20,2025-06-21,Pécs,Mobile App,Apple Pay,Completed
27085824,23801,726907,1,35.03,25,8.76,26.27,7.41,2026-04-24,2026-04-27,Kecskemét,Website,Card,Completed
42893810,86989,925808,1,90.58,10,9.06,81.52,7.69,2025-12-07,2025-12-09,Tatabánya,Marketplace,Card,Completed
29550666,95437,962411,1,57.13,0,0.0,57.13,6.43,2025-01-19,2025-01-21,Kecskemét,Website,Google Pay,Completed
90776025,20967,239772,1,126.86,5,6.34,120.52,0.0,2025-11-05,2025-11-10,Budapest,Marketplace,Apple Pay,Completed
30014189,45415,610866,1,71.57,10,7.16,64.41,8.18,2026-02-03,2026-02-04,Budapest,Website,Card,Completed
25763227,39892,649042,1,119.02,0,0.0,119.02,0.0,2025-01-03,2025-01-05,Kecskemét,Website,PayPal,Completed
39583268,20967,672817,2,133.3,0,0.0,266.6,6.67,2026-01-26,2026-01-29,Győr,Website,Apple Pay,Completed
70746436,86989,108130,1,93.44,0,0.0,93.44,5.59,2025-08-23,2025-08-26,Budapest,Website,Bank Transfer,Completed
89488949,45415,328230,1,71.84,5,3.59,68.25,7.64,2026-04-29,2026-05-01,Miskolc,Retail Store,PayPal,Completed
65091569,95437,834454,1,54.59,5,2.73,51.86,7.37,2025-11-17,2025-11-20,Pécs,Website,Card,Completed
95936863,45415,160389,2,68.61,5,6.86,130.36,0.0,2025-12-15,2025-12-19,Győr,Website,PayPal,Completed
25633786,51232,852241,1,24.24,0,0.0,24.24,6.06,2026-05-01,2026-05-04,Érd,Marketplace,Card,Completed
32556658,26644,373397,2,66.29,5,6.63,125.95,0.0,2026-01-02,2026-01-05,Budapest,Website,Cash on Delivery,Completed
83020342,20967,258927,1,129.29,0,0.0,129.29,7.94,2026-08-12,2026-08-15,Debrecen,Website,PayPal,Completed
47291565,49073,976375,1,89.44,15,13.42,76.02,5.53,2026-03-13,2026-03-16,Nyíregyháza,Website,Card,Completed
54958484,49073,188801,1,89.86,0,0.0,89.86,7.75,2025-01-24,2025-01-26,Szeged,Website,Bank Transfer,Completed
99252454,15378,274680,1,176.09,0,0.0,176.09,0.0,2026-05-14,2026-05-15,Debrecen,Website,PayPal,Returned
85385719,77262,974369,1,110.91,20,22.18,88.73,4.0,2025-05-17,2025-05-20,Budapest,Website,Bank Transfer,Completed
20371120,72384,649042,3,58.24,20,34.94,139.78,5.43,2025-01-19,2025-01-21,Győr,Marketplace,PayPal,Completed
25887889,49073,211474,3,89.03,10,26.71,240.38,0.0,2025-03-24,2025-03-26,Nyíregyháza,Mobile App,PayPal,Completed
45265012,86989,520296,1,93.17,0,0.0,93.17,8.57,2025-01-27,2025-01-31,Debrecen,Mobile App,Card,Completed
68929475,49073,109171,1,92.4,0,0.0,92.4,5.92,2026-05-08,2026-05-10,Budapest,Website,PayPal,Completed
82918700,45415,134053,1,69.7,0,0.0,69.7,7.38,2025-10-06,2025-10-07,Budapest,Website,PayPal,Completed
37803524,20967,564445,1,130.71,0,0.0,130.71,0.0,2025-01-26,2025-01-29,Budapest,Retail Store,Apple Pay,Completed
99812656,85983,360554,1,94.84,0,0.0,94.84,7.0,2025-10-06,2025-10-11,Budapest,Website,Card,Completed
48323150,51232,133982,1,24.27,0,0.0,24.27,4.86,2026-07-01,2026-07-05,Pécs,Website,PayPal,Completed
85317590,15378,350251,1,186.7,10,18.67,168.03,6.93,2026-03-18,2026-03-21,Kecskemét,Mobile App,Card,Completed
22524993,20967,172231,1,126.27,0,0.0,126.27,4.19,2026-08-01,2026-08-04,Szombathely,Website,Card,Completed
95184935,51232,414093,1,24.88,0,0.0,24.88,8.09,2025-04-15,2025-04-17,Budapest,Mobile App,Google Pay,Completed
11384514,72384,628419,2,60.91,10,12.18,109.64,0.0,2026-02-28,2026-03-01,Budapest,Website,PayPal,Completed
81617213,85983,821400,1,96.56,5,4.83,91.73,8.46,2025-10-30,2025-11-02,Sopron,Website,Card,Completed
43705306,85983,947649,1,94.8,0,0.0,94.8,5.8,2025-02-23,2025-02-24,Miskolc,Website,Cash on Delivery,Completed
14848197,49073,256243,2,90.46,0,0.0,180.92,0.0,2026-08-10,2026-08-12,Győr,Marketplace,Card,Completed
55258984,77262,283302,1,114.09,0,0.0,114.09,0.0,2025-02-01,2025-02-03,Tatabánya,Mobile App,Card,Returned
70304767,20967,852199,1,129.58,15,19.44,110.14,0.0,2025-07-25,2025-07-26,Budapest,Website,Cash on Delivery,Returned
62920429,15378,246653,1,183.72,0,0.0,183.72,0.0,2026-07-01,2026-07-05,Miskolc,Mobile App,Google Pay,Completed
87207555,51232,489113,3,25.58,0,0.0,76.74,5.22,2025-11-23,2025-11-26,Miskolc,Website,Card,Completed
49672614,20967,242844,1,127.79,15,19.17,108.62,0.0,2025-12-11,2025-12-13,Miskolc,Mobile App,Google Pay,Completed
38233999,23801,145710,1,35.39,5,1.77,33.62,8.68,2026-03-08,2026-03-12,Veszprém,Mobile App,Card,Completed
22471467,51232,859568,2,25.18,10,5.04,45.32,4.44,2026-03-08,2026-03-11,Pécs,Mobile App,Card,Completed
16706535,20967,243780,1,134.12,0,0.0,134.12,0.0,2025-12-05,2025-12-07,Budapest,Mobile App,Bank Transfer,Completed
67864980,45415,126979,1,70.43,0,0.0,70.43,5.09,2025-01-18,2025-01-23,Szeged,Marketplace,Card,Completed
59982164,37136,316803,2,51.93,0,0.0,103.86,0.0,2026-05-20,2026-05-22,Budapest,Website,Apple Pay,Completed
86141614,26644,387794,2,67.35,0,0.0,134.7,0.0,2025-05-12,2025-05-17,Debrecen,Website,Card,Completed
58306656,95437,226849,1,55.59,15,8.34,47.25,7.51,2025-03-30,2025-04-02,Budapest,Retail Store,Apple Pay,Completed
20281979,26644,941759,1,67.39,0,0.0,67.39,8.11,2025-04-10,2025-04-12,Veszprém,Retail Store,PayPal,Completed
58727815,15378,923489,2,183.13,10,36.63,329.63,6.75,2026-05-02,2026-05-04,Pécs,Marketplace,Card,Completed
36804296,95437,264437,1,56.79,0,0.0,56.79,7.39,2026-08-14,2026-08-19,Budapest,Retail Store,Card,Completed
33166557,23801,349300,1,34.47,20,6.89,27.58,5.13,2025-10-07,2025-10-08,Budapest,Website,Google Pay,Completed
31860455,51232,121057,1,25.89,10,2.59,23.3,8.11,2026-04-20,2026-04-21,Budapest,Website,Apple Pay,Completed
82535623,20967,896458,1,131.29,0,0.0,131.29,0.0,2025-06-12,2025-06-16,Pécs,Website,Google Pay,Returned
77483396,86989,526711,1,92.74,25,23.18,69.56,8.07,2025-10-11,2025-10-12,Érd,Mobile App,Apple Pay,Completed
70878541,23801,763962,1,35.08,0,0.0,35.08,6.86,2025-07-08,2025-07-12,Székesfehérvár,Mobile App,Card,Completed
41200482,51232,269526,2,24.42,10,4.88,43.96,3.8,2025-04-30,2025-05-02,Szombathely,Website,Bank Transfer,Completed
48708554,86989,902953,1,87.78,10,8.78,79.0,0.0,2025-06-18,,Budapest,Website,Card,Cancelled
42806376,85983,830709,2,95.84,0,0.0,191.68,0.0,2026-02-19,2026-02-24,Eger,Website,Apple Pay,Completed
93793188,15378,683786,2,179.05,0,0.0,358.1,0.0,2025-10-02,,Budapest,Mobile App,Card,Cancelled
26021529,15378,334864,2,180.54,25,90.27,270.81,7.12,2025-09-09,2025-09-11,Budapest,Retail Store,Cash on Delivery,Completed
41554221,17471,555067,1,29.11,0,0.0,29.11,0.0,2026-06-13,,Budapest,Mobile App,Card,Cancelled
57010483,77262,429834,1,109.69,10,10.97,98.72,8.88,2025-03-31,2025-04-03,Székesfehérvár,Website,PayPal,Completed
39714164,85983,988365,1,96.52,0,0.0,96.52,0.0,2025-01-28,,Veszprém,Mobile App,Card,Cancelled
50633204,45415,208640,1,72.65,20,14.53,58.12,6.08,2026-08-26,2026-08-27,Nyíregyháza,Marketplace,Card,Completed
38783220,86989,933091,3,90.04,5,13.51,256.61,0.0,2026-08-16,2026-08-18,Budapest,Website,Apple Pay,Completed
38938339,45415,484418,1,70.28,25,17.57,52.71,4.12,2025-03-12,2025-03-12,Budapest,Website,Cash on Delivery,Completed
47534822,15378,886816,1,179.59,15,26.94,152.65,7.62,2026-07-19,2026-07-22,Veszprém,Marketplace,Bank Transfer,Completed
17827148,17471,998760,1,29.27,15,4.39,24.88,7.27,2025-08-06,2025-08-09,Miskolc,Mobile App,PayPal,Completed
64883049,39892,367402,1,120.33,0,0.0,120.33,0.0,2025-11-04,2025-11-06,Budapest,Website,Card,Returned
79889431,20967,382406,1,126.21,15,18.93,107.28,0.0,2025-09-08,2025-09-10,Debrecen,Marketplace,Google Pay,Completed
12398310,39892,333570,2,118.93,20,47.57,190.29,0.0,2026-01-27,2026-01-29,Budapest,Website,Card,Completed
98309961,49073,681976,1,90.69,0,0.0,90.69,5.29,2025-06-17,2025-06-17,Budapest,Marketplace,Card,Completed
33439567,20967,896153,1,134.15,20,26.83,107.32,0.0,2025-02-09,2025-02-11,Veszprém,Website,Card,Completed
91777056,23801,925669,1,34.3,10,3.43,30.87,5.9,2025-04-16,2025-04-18,Győr,Website,Cash on Delivery,Completed
42334623,85983,617771,5,94.82,0,0.0,474.1,0.0,2025-12-09,2025-12-10,Debrecen,Website,Card,Completed
89701366,95437,165410,1,55.05,0,0.0,55.05,4.52,2025-12-18,2025-12-21,Budapest,Website,Card,Completed
50998171,20967,459675,1,132.03,5,6.6,125.43,5.46,2025-05-10,2025-05-13,Budapest,Website,Card,Completed
65177175,39892,874532,1,122.08,0,0.0,122.08,0.0,2025-03-27,2025-03-29,Nyíregyháza,Retail Store,PayPal,Completed
22537276,95437,253752,1,56.13,0,0.0,56.13,4.72,2025-11-06,2025-11-12,Budapest,Website,Card,Completed
57347461,45415,432087,2,70.33,0,0.0,140.66,0.0,2026-02-11,2026-02-13,Szeged,Website,Google Pay,Completed
91377933,49073,962627,1,88.69,20,17.74,70.95,4.7,2025-04-19,2025-04-20,Szeged,Website,Card,Completed
31059423,17471,263625,1,30.49,15,4.57,25.92,3.93,2025-02-04,2025-02-08,Budapest,Website,Google Pay,Completed
84126752,77262,463618,1,109.83,0,0.0,109.83,3.97,2025-05-18,2025-05-20,Budapest,Website,Card,Completed
97575404,45415,718697,1,68.36,0,0.0,68.36,4.71,2026-07-22,2026-07-29,Győr,Website,Card,Completed
71815261,72384,188801,2,60.25,10,12.05,108.45,0.0,2025-10-21,2025-10-23,Budapest,Website,Cash on Delivery,Completed
99728297,95437,690172,4,54.14,10,21.66,194.9,3.99,2025-06-25,2025-06-26,Kecskemét,Website,PayPal,Completed
21910464,26644,412411,1,63.47,10,6.35,57.12,7.12,2025-09-27,2025-09-30,Kecskemét,Website,Card,Completed
67137249,86989,719758,1,92.56,10,9.26,83.3,4.71,2026-07-27,2026-07-30,Budapest,Website,Card,Completed
55180842,86989,179132,1,89.99,5,4.5,85.49,5.97,2026-07-17,2026-07-20,Budapest,Website,Card,Completed
70424980,86989,191454,3,92.27,20,55.36,221.45,0.0,2025-06-04,2025-06-07,Érd,Website,Card,Completed
25243425,45415,416187,1,72.18,0,0.0,72.18,7.11,2026-05-07,2026-05-08,Szeged,Mobile App,PayPal,Completed
93016416,86989,317927,4,88.11,5,17.62,334.82,4.57,2026-04-12,2026-04-16,Budapest,Marketplace,PayPal,Completed
49777374,20967,392518,2,133.42,10,26.68,240.16,0.0,2025-12-27,2025-12-28,Pécs,Mobile App,Card,Completed
88967658,85983,408333,1,96.83,10,9.68,87.15,7.03,2025-07-23,2025-07-26,Budapest,Website,Apple Pay,Completed
97289055,49073,125958,1,93.06,0,0.0,93.06,4.49,2025-07-22,2025-07-22,Debrecen,Website,Cash on Delivery,Completed
59995206,86989,227343,1,89.92,10,8.99,80.93,6.43,2026-06-08,2026-06-09,Székesfehérvár,Website,Cash on Delivery,Completed
84129010,51232,410557,1,25.17,10,2.52,22.65,4.67,2026-03-16,2026-03-19,Budapest,Marketplace,Cash on Delivery,Completed
86630185,86989,806184,1,92.76,0,0.0,92.76,5.12,2025-03-20,2025-03-23,Budapest,Website,Card,Completed
34926372,51232,821868,1,24.82,0,0.0,24.82,4.6,2025-10-01,2025-10-04,Budapest,Mobile App,Card,Completed
81009905,45415,795656,1,71.17,5,3.56,67.61,4.5,2025-11-25,2025-11-27,Debrecen,Mobile App,Google Pay,Completed
54860186,45415,350251,1,72.4,10,7.24,65.16,8.82,2025-07-14,2025-07-16,Budapest,Website,Card,Completed
87465012,72384,535672,1,61.68,10,6.17,55.51,7.68,2025-06-15,2025-06-16,Budapest,Website,Card,Completed
83164918,85983,638431,1,93.62,0,0.0,93.62,7.16,2026-05-18,2026-05-23,Érd,Mobile App,Google Pay,Completed
16979514,77262,830998,2,108.23,15,32.47,183.99,0.0,2025-12-20,2025-12-26,Pécs,Mobile App,Cash on Delivery,Completed
58072135,86989,460471,1,91.63,0,0.0,91.63,6.13,2025-11-18,2025-11-20,Budapest,Website,Bank Transfer,Completed
64018557,23801,575829,1,35.37,5,1.77,33.6,6.98,2025-02-02,2025-02-03,Székesfehérvár,Marketplace,Card,Completed
50117080,45415,436047,2,71.27,0,0.0,142.54,0.0,2025-10-09,2025-10-09,Debrecen,Marketplace,PayPal,Completed
79402727,23801,996035,2,34.53,0,0.0,69.06,7.57,2026-04-27,2026-05-01,Budapest,Website,Cash on Delivery,Completed
55274743,26644,116230,1,63.83,20,12.77,51.06,6.18,2026-03-27,2026-03-30,Tatabánya,Website,Card,Completed
42223923,72384,256243,2,59.01,10,11.8,106.22,0.0,2026-08-09,2026-08-11,Sopron,Website,Card,Completed
61137333,86989,772322,3,93.52,0,0.0,280.56,0.0,2025-02-07,2025-02-10,Budapest,Marketplace,Cash on Delivery,Completed
60971100,45415,409141,1,69.49,0,0.0,69.49,5.76,2025-11-22,2025-11-24,Budapest,Website,Bank Transfer,Completed
53799081,51232,795656,2,25.69,0,0.0,51.38,6.63,2025-12-19,2025-12-23,Budapest,Website,Apple Pay,Completed
97280944,45415,590914,2,69.05,0,0.0,138.1,0.0,2025-09-21,2025-09-26,Debrecen,Website,Apple Pay,Completed
86419459,86989,473542,4,91.86,0,0.0,367.44,0.0,2025-05-13,,Budapest,Website,Google Pay,Cancelled
48763814,20967,548033,1,134.28,25,33.57,100.71,0.0,2025-09-17,2025-09-18,Pécs,Website,Apple Pay,Completed
44243775,49073,238951,1,87.31,0,0.0,87.31,3.5,2025-12-09,2025-12-12,Pécs,Marketplace,Card,Completed
91330148,15378,823480,1,177.95,0,0.0,177.95,0.0,2026-06-22,2026-06-24,Budapest,Website,Card,Completed
19688865,95437,590914,1,54.55,0,0.0,54.55,4.36,2025-03-03,2025-03-05,Budapest,Mobile App,Card,Completed
68827182,77262,195812,2,112.06,0,0.0,224.12,0.0,2026-04-13,2026-04-16,Győr,Marketplace,Card,Completed
16368467,15378,376126,1,180.56,10,18.06,162.5,0.0,2026-05-04,2026-05-06,Budapest,Mobile App,Apple Pay,Completed
70348521,15378,136013,1,186.13,0,0.0,186.13,0.0,2025-11-11,2025-11-15,Budapest,Mobile App,Card,Completed
87839694,15378,693413,2,175.75,10,35.15,316.35,7.13,2025-11-06,2025-11-10,Budapest,Mobile App,Card,Completed
11067571,26644,883490,4,67.19,5,13.44,255.32,0.0,2026-04-11,2026-04-15,Debrecen,Marketplace,Card,Completed
96823478,20967,208640,1,133.54,0,0.0,133.54,0.0,2026-08-21,2026-08-24,Eger,Website,PayPal,Completed
63358400,20967,297289,2,129.25,15,38.77,219.73,0.0,2025-06-07,2025-06-10,Szombathely,Retail Store,Card,Completed
76503367,51232,380978,2,24.9,5,2.49,47.31,4.46,2025-02-17,2025-02-23,Székesfehérvár,Website,Bank Transfer,Completed
38870348,45415,374088,1,71.01,5,3.55,67.46,4.63,2026-06-28,2026-07-01,Budapest,Retail Store,Card,Completed
53695629,20967,624678,1,128.07,0,0.0,128.07,0.0,2026-04-07,2026-04-11,Budapest,Mobile App,Card,Completed
13208277,51232,270015,2,25.73,0,0.0,51.46,8.27,2026-07-17,2026-07-19,Budapest,Mobile App,Card,Completed
45312351,85983,356196,3,93.68,0,0.0,281.04,0.0,2025-07-20,,Nyíregyháza,Website,Google Pay,Cancelled
55632079,15378,677929,2,179.43,0,0.0,358.86,6.15,2026-03-10,2026-03-15,Szombathely,Retail Store,Google Pay,Completed
85964432,49073,895377,1,89.27,25,22.32,66.95,7.54,2025-08-28,2025-08-30,Budapest,Mobile App,Card,Completed
45298316,45415,924438,1,71.69,0,0.0,71.69,8.44,2026-06-04,2026-06-06,Nyíregyháza,Mobile App,Bank Transfer,Completed
85188958,17471,690172,1,29.13,20,5.83,23.3,5.67,2026-04-01,2026-04-04,Tatabánya,Marketplace,PayPal,Completed
19207585,77262,872081,1,111.29,15,16.69,94.6,4.16,2025-04-01,2025-04-03,Székesfehérvár,Marketplace,Card,Completed
97394184,20967,693300,1,126.15,0,0.0,126.15,0.0,2025-02-19,2025-02-21,Székesfehérvár,Website,Card,Completed
63349229,15378,540053,1,179.6,0,0.0,179.6,0.0,2026-04-17,2026-04-23,Miskolc,Website,Card,Completed
37176606,45415,392518,1,71.89,5,3.59,68.3,4.05,2025-02-12,2025-02-14,Budapest,Website,PayPal,Completed
38175998,23801,997131,1,35.95,10,3.6,32.35,7.28,2026-08-05,2026-08-07,Budapest,Website,Card,Completed
82295590,85983,422257,1,98.19,0,0.0,98.19,4.89,2025-10-04,2025-10-06,Székesfehérvár,Mobile App,Card,Completed
48396881,15378,292036,1,179.28,0,0.0,179.28,5.14,2026-07-07,2026-07-09,Budapest,Website,Cash on Delivery,Returned
44448408,15378,574494,1,186.51,25,46.63,139.88,0.0,2025-06-08,2025-06-10,Érd,Website,PayPal,Completed
63626882,37136,683728,2,51.65,0,0.0,103.3,0.0,2025-08-23,2025-08-24,Budapest,Website,Card,Returned
78231910,51232,559335,1,25.89,0,0.0,25.89,5.38,2025-11-09,2025-11-12,Sopron,Mobile App,Card,Completed
74334963,45415,152946,2,68.48,10,13.7,123.26,0.0,2026-07-30,2026-08-01,Szombathely,Mobile App,Card,Returned
99080479,77262,839861,3,107.28,10,32.18,289.66,0.0,2026-05-16,2026-05-22,Budapest,Mobile App,Card,Completed
46049511,86989,852244,2,91.11,25,45.55,136.67,0.0,2025-10-27,2025-10-30,Pécs,Website,PayPal,Completed
14524362,86989,925586,1,93.02,0,0.0,93.02,8.11,2026-06-12,2026-06-14,Tatabánya,Retail Store,Card,Completed
49634071,45415,990676,1,70.87,20,14.17,56.7,3.9,2025-04-22,2025-04-25,Budapest,Retail Store,Apple Pay,Completed
58526422,45415,677707,1,71.79,0,0.0,71.79,8.98,2026-03-18,2026-03-21,Nyíregyháza,Mobile App,Google Pay,Completed
61298659,39892,233768,2,119.31,10,23.86,214.76,0.0,2026-07-29,2026-07-30,Veszprém,Mobile App,Bank Transfer,Completed
20325072,49073,399232,1,88.55,10,8.86,79.69,7.96,2026-05-30,2026-06-01,Sopron,Website,Card,Completed
77232332,86989,884413,1,87.45,10,8.75,78.7,7.29,2026-07-26,2026-07-29,Budapest,Website,Apple Pay,Completed
74097601,23801,624678,1,35.67,0,0.0,35.67,6.81,2026-01-24,2026-01-27,Debrecen,Marketplace,Bank Transfer,Completed
91407443,15378,379921,1,182.43,0,0.0,182.43,5.38,2026-02-03,2026-02-04,Budapest,Marketplace,Card,Completed
50512903,85983,582813,2,94.51,10,18.9,170.12,5.71,2025-10-16,2025-10-19,Szombathely,Website,Card,Completed
88843339,45415,890206,1,68.07,0,0.0,68.07,8.56,2025-01-06,2025-01-10,Budapest,Website,PayPal,Completed
32814770,85983,899176,1,93.07,20,18.61,74.46,3.83,2025-05-10,2025-05-11,Budapest,Marketplace,Card,Completed
29556724,45415,675038,1,69.8,20,13.96,55.84,5.67,2025-11-06,2025-11-08,Budapest,Mobile App,Card,Completed
94224538,45415,236297,3,71.54,15,32.19,182.43,0.0,2025-01-16,2025-01-19,Budapest,Retail Store,Google Pay,Completed
75991140,86989,834893,2,93.47,10,18.69,168.25,0.0,2026-02-21,2026-02-21,Budapest,Website,Card,Completed
51384838,51232,899680,1,25.92,5,1.3,24.62,7.42,2025-06-29,2025-07-02,Győr,Website,Apple Pay,Completed
55254180,20967,496282,1,127.96,0,0.0,127.96,0.0,2026-01-01,2026-01-03,Budapest,Mobile App,Apple Pay,Returned
94491612,72384,463618,1,58.55,5,2.93,55.62,6.37,2025-04-18,2025-04-20,Sopron,Website,Card,Completed
26966328,85983,652521,1,97.25,5,4.86,92.39,5.86,2026-08-30,2026-09-02,Székesfehérvár,Website,Cash on Delivery,Completed
23281281,26644,655927,1,65.27,0,0.0,65.27,5.14,2025-05-12,2025-05-14,Győr,Website,Card,Returned
24883102,20967,813258,1,134.24,5,6.71,127.53,6.03,2025-03-24,2025-03-25,Budapest,Retail Store,Card,Completed
29208636,77262,410557,1,110.17,0,0.0,110.17,5.68,2025-10-06,2025-10-07,Budapest,Website,Card,Completed
72565463,45415,649042,1,69.85,20,13.97,55.88,5.18,2026-06-23,2026-06-28,Győr,Website,Bank Transfer,Completed
96735530,86989,717981,1,90.54,15,13.58,76.96,6.14,2026-03-17,2026-03-20,Budapest,Retail Store,Apple Pay,Returned
25317392,85983,827616,1,98.31,15,14.75,83.56,5.2,2026-04-17,2026-04-21,Sopron,Mobile App,PayPal,Completed
58018373,51232,369424,1,25.97,20,5.19,20.78,7.23,2026-06-21,2026-06-23,Miskolc,Marketplace,Cash on Delivery,Completed
89987736,86989,611887,1,92.47,0,0.0,92.47,3.92,2025-12-10,2025-12-16,Tatabánya,Website,Cash on Delivery,Completed
37305358,85983,540731,2,95.18,0,0.0,190.36,0.0,2026-05-31,2026-06-03,Eger,Mobile App,Card,Completed
49343554,17471,876245,2,29.66,0,0.0,59.32,6.29,2025-01-04,2025-01-06,Pécs,Marketplace,PayPal,Completed
85621168,51232,129550,1,25.28,0,0.0,25.28,7.51,2025-03-25,2025-03-28,Tatabánya,Mobile App,Apple Pay,Completed
31226579,39892,415978,1,124.75,0,0.0,124.75,0.0,2026-02-23,2026-02-24,Miskolc,Website,Card,Completed
21980519,49073,985928,1,87.84,10,8.78,79.06,8.54,2025-02-24,2025-02-26,Nyíregyháza,Website,Apple Pay,Completed
77116110,51232,925586,3,25.63,15,11.53,65.36,6.21,2025-05-17,2025-05-23,Budapest,Website,Apple Pay,Completed
73847231,95437,874532,1,53.48,10,5.35,48.13,3.51,2026-03-05,2026-03-09,Budapest,Mobile App,Cash on Delivery,Completed
55359464,85983,507728,1,92.57,10,9.26,83.31,6.31,2025-08-30,2025-09-03,Székesfehérvár,Website,Apple Pay,Completed
21067912,20967,955615,1,129.07,0,0.0,129.07,5.32,2026-02-17,2026-02-19,Budapest,Website,PayPal,Completed
85212555,39892,316803,1,119.83,10,11.98,107.85,0.0,2025-03-23,2025-03-28,Budapest,Website,PayPal,Completed
64328331,86989,369542,1,90.5,25,22.62,67.88,6.62,2026-06-05,2026-06-07,Budapest,Marketplace,Card,Completed
23507269,95437,938708,1,54.59,0,0.0,54.59,3.61,2025-10-07,2025-10-09,Szombathely,Marketplace,Google Pay,Completed
97058822,85983,147724,1,94.55,20,18.91,75.64,7.49,2026-01-10,2026-01-14,Budapest,Website,Card,Completed
78545695,20967,930581,4,126.44,5,25.29,480.47,0.0,2025-06-29,2025-07-02,Szeged,Website,PayPal,Completed
61991764,51232,652094,1,25.24,5,1.26,23.98,5.44,2026-06-03,2026-06-04,Budapest,Mobile App,Card,Completed
84300899,45415,457915,1,69.24,15,10.39,58.85,7.88,2025-12-25,2025-12-26,Budapest,Website,PayPal,Completed
30368734,72384,352117,1,60.07,0,0.0,60.07,7.8,2025-06-19,2025-06-22,Pécs,Mobile App,Apple Pay,Completed
75260554,15378,174469,1,178.58,10,17.86,160.72,5.47,2025-06-14,2025-06-15,Budapest,Mobile App,Card,Completed
14556966,77262,466554,1,111.1,0,0.0,111.1,0.0,2025-03-02,2025-03-06,Miskolc,Marketplace,Card,Completed
43149475,72384,795686,2,62.01,0,0.0,124.02,0.0,2025-08-30,2025-09-02,Pécs,Retail Store,PayPal,Completed
33409566,23801,191454,4,34.79,0,0.0,139.16,0.0,2026-05-11,2026-05-14,Veszprém,Mobile App,Google Pay,Completed
33436568,26644,588076,2,66.3,0,0.0,132.6,0.0,2026-05-27,2026-05-29,Nyíregyháza,Website,Card,Completed
16130601,45415,955615,1,70.79,0,0.0,70.79,8.55,2026-06-18,2026-06-22,Budapest,Website,Card,Completed
59151528,20967,388501,3,128.32,0,0.0,384.96,0.0,2025-02-06,2025-02-08,Érd,Mobile App,Cash on Delivery,Completed
15665465,20967,727559,3,128.11,10,38.43,345.9,0.0,2025-07-29,2025-08-04,Budapest,Mobile App,Google Pay,Completed
49654418,15378,864524,2,176.16,0,0.0,352.32,0.0,2025-10-29,2025-10-31,Szeged,Website,Apple Pay,Completed
72536909,26644,883490,1,65.2,0,0.0,65.2,8.74,2025-11-12,2025-11-14,Székesfehérvár,Website,Apple Pay,Completed
89679899,51232,510037,1,24.75,5,1.24,23.51,8.49,2025-12-20,2025-12-23,Pécs,Mobile App,Card,Completed
54485475,17471,232899,1,29.2,0,0.0,29.2,3.99,2025-12-10,2025-12-15,Budapest,Website,Apple Pay,Completed
62801171,26644,935367,1,63.42,15,9.51,53.91,5.67,2026-04-09,2026-04-12,Veszprém,Website,Apple Pay,Completed
64889851,86989,463432,2,87.62,0,0.0,175.24,0.0,2025-02-24,2025-02-26,Miskolc,Mobile App,Card,Completed
83092557,86989,225293,1,90.64,0,0.0,90.64,5.74,2026-05-30,2026-06-03,Tatabánya,Website,Card,Completed
84871801,77262,881604,1,108.25,0,0.0,108.25,0.0,2025-12-13,2025-12-16,Debrecen,Mobile App,Card,Completed
46974660,45415,729179,2,70.12,0,0.0,140.24,0.0,2025-06-08,2025-06-09,Miskolc,Website,Apple Pay,Completed
53105742,85983,339188,1,98.51,0,0.0,98.51,7.39,2025-10-02,2025-10-03,Szeged,Website,Bank Transfer,Completed
49412819,15378,499460,4,185.75,0,0.0,743.0,4.93,2025-04-15,2025-04-20,Veszprém,Website,Card,Completed
33721696,20967,289020,2,133.9,0,0.0,267.8,0.0,2026-03-19,2026-03-23,Miskolc,Mobile App,Card,Completed
81110928,77262,957301,1,112.12,0,0.0,112.12,6.32,2026-03-01,2026-03-03,Budapest,Retail Store,Card,Completed
33528912,45415,930569,3,70.53,0,0.0,211.59,0.0,2025-04-16,,Budapest,Marketplace,PayPal,Cancelled
85434093,51232,861241,1,24.72,10,2.47,22.25,3.97,2026-08-30,2026-09-03,Veszprém,Website,Card,Returned
17316793,20967,233736,2,134.92,5,13.49,256.35,0.0,2026-01-05,2026-01-10,Miskolc,Website,PayPal,Completed
36820109,86989,281868,4,87.64,5,17.53,333.03,0.0,2026-04-05,2026-04-07,Budapest,Mobile App,Card,Completed
43382346,15378,931265,1,176.73,0,0.0,176.73,0.0,2026-05-23,2026-05-26,Budapest,Website,Bank Transfer,Completed
83423632,39892,559340,1,122.17,20,24.43,97.74,8.55,2025-07-28,2025-07-30,Budapest,Mobile App,Card,Completed
66459100,23801,638087,1,35.01,0,0.0,35.01,4.28,2026-07-06,2026-07-13,Pécs,Marketplace,Card,Completed
48594102,72384,439383,1,60.07,5,3.0,57.07,4.17,2025-05-06,2025-05-09,Budapest,Mobile App,PayPal,Completed
15435911,45415,802604,2,71.83,0,0.0,143.66,0.0,2025-08-21,2025-08-23,Budapest,Marketplace,Card,Completed
16292376,51232,964475,1,25.37,0,0.0,25.37,7.13,2025-12-10,2025-12-11,Budapest,Marketplace,Google Pay,Completed
83248990,49073,714879,2,87.43,15,26.23,148.63,7.45,2026-05-16,2026-05-18,Budapest,Marketplace,Bank Transfer,Completed
28875918,95437,864524,1,56.59,10,5.66,50.93,7.87,2026-02-03,2026-02-05,Szombathely,Website,Card,Completed
31362963,85983,101683,1,94.9,20,18.98,75.92,6.51,2026-07-23,2026-07-26,Szombathely,Website,Card,Completed
68179326,86989,555672,1,88.12,15,13.22,74.9,7.88,2026-01-31,2026-02-02,Veszprém,Marketplace,Card,Completed
29857604,23801,373166,2,35.7,5,3.57,67.83,3.55,2026-05-14,2026-05-20,Miskolc,Mobile App,Card,Completed
54659680,86989,737100,3,91.33,15,41.1,232.89,5.85,2025-08-31,2025-09-03,Nyíregyháza,Mobile App,Bank Transfer,Completed
32049892,72384,160490,2,61.14,20,24.46,97.82,6.23,2025-08-05,2025-08-09,Pécs,Website,Bank Transfer,Completed
86989623,26644,276063,1,64.88,15,9.73,55.15,5.37,2025-07-10,2025-07-11,Budapest,Mobile App,Card,Completed
33391298,51232,328230,2,25.73,0,0.0,51.46,7.0,2026-03-16,2026-03-19,Budapest,Marketplace,PayPal,Completed
22269270,86989,580956,3,90.71,10,27.21,244.92,5.29,2026-02-26,2026-02-28,Budapest,Marketplace,Apple Pay,Completed
60072202,51232,837450,1,25.29,0,0.0,25.29,5.69,2025-03-04,2025-03-09,Pécs,Mobile App,Google Pay,Completed
77172050,51232,541640,2,24.98,15,7.49,42.47,4.13,2025-12-03,2025-12-04,Győr,Mobile App,Apple Pay,Completed
43615176,37136,410557,1,50.06,5,2.5,47.56,3.97,2025-06-12,2025-06-18,Budapest,Mobile App,Card,Completed
71662260,45415,706912,1,70.8,10,7.08,63.72,0.0,2025-01-18,,Budapest,Website,PayPal,Cancelled
68091275,49073,193706,1,92.26,0,0.0,92.26,5.5,2026-06-26,2026-06-28,Szeged,Website,Cash on Delivery,Completed
91731084,85983,218368,1,92.88,5,4.64,88.24,4.66,2025-12-28,2026-01-02,Pécs,Website,Card,Completed
30835443,45415,990676,1,70.44,15,10.57,59.87,3.89,2025-10-26,2025-10-29,Debrecen,Mobile App,Card,Completed
38477232,86989,460259,2,93.38,10,18.68,168.08,0.0,2025-06-26,2025-06-28,Pécs,Website,Google Pay,Completed
87542704,86989,264437,2,89.47,0,0.0,178.94,0.0,2025-08-13,2025-08-16,Budapest,Website,Card,Completed
13236032,20967,397617,1,131.12,0,0.0,131.12,0.0,2026-07-29,2026-07-30,Győr,Website,Cash on Delivery,Completed
27594363,85983,598008,1,97.86,0,0.0,97.86,3.99,2025-06-27,2025-06-28,Nyíregyháza,Website,Cash on Delivery,Completed
12328478,23801,677929,1,35.61,0,0.0,35.61,5.13,2025-10-06,2025-10-08,Pécs,Marketplace,Card,Returned
80562758,15378,948623,1,180.38,20,36.08,144.3,0.0,2026-01-11,2026-01-11,Budapest,Marketplace,Apple Pay,Completed
78202854,77262,188293,1,109.84,0,0.0,109.84,4.1,2025-07-03,2025-07-05,Eger,Mobile App,Card,Completed
51533089,15378,866323,1,175.55,5,8.78,166.77,0.0,2025-08-06,2025-08-10,Budapest,Website,Card,Completed
59736669,39892,366798,1,120.73,15,18.11,102.62,0.0,2026-06-20,2026-06-22,Budapest,Marketplace,Card,Completed
83046635,45415,581944,3,70.23,0,0.0,210.69,7.74,2025-06-28,2025-07-05,Miskolc,Website,Bank Transfer,Completed
47586517,77262,672817,1,108.19,15,16.23,91.96,8.49,2026-06-24,2026-06-26,Sopron,Mobile App,Card,Completed
86850105,86989,340538,1,90.72,15,13.61,77.11,8.45,2026-06-04,2026-06-07,Eger,Website,PayPal,Completed
84034186,15378,894086,2,185.45,0,0.0,370.9,0.0,2025-02-11,2025-02-13,Budapest,Website,Card,Completed
85193225,45415,420184,1,70.81,0,0.0,70.81,5.27,2025-07-29,2025-07-31,Székesfehérvár,Website,Card,Completed
89026341,45415,564700,1,68.25,0,0.0,68.25,7.09,2026-07-28,2026-07-31,Sopron,Website,Card,Completed
28517114,23801,299149,1,35.71,10,3.57,32.14,7.8,2026-03-19,2026-03-23,Budapest,Website,Card,Completed
69019999,20967,983305,2,133.8,10,26.76,240.84,0.0,2025-11-29,2025-12-04,Budapest,Website,Card,Completed
50512305,23801,671028,1,34.25,5,1.71,32.54,4.63,2026-01-11,2026-01-17,Budapest,Marketplace,Bank Transfer,Completed
52968707,37136,319683,1,50.8,20,10.16,40.64,3.89,2025-05-15,2025-05-18,Pécs,Marketplace,Card,Completed
99378078,23801,283302,4,34.61,10,13.84,124.6,0.0,2026-05-13,2026-05-14,Kecskemét,Retail Store,Google Pay,Completed
78548908,37136,497037,1,50.82,5,2.54,48.28,3.54,2025-12-22,2025-12-28,Budapest,Retail Store,Card,Completed
83754719,86989,124034,1,90.95,0,0.0,90.95,0.0,2025-05-24,,Budapest,Retail Store,Card,Cancelled
76742109,85983,502830,3,94.82,10,28.45,256.01,0.0,2025-12-06,2025-12-09,Pécs,Mobile App,Card,Completed
46247370,26644,113453,1,63.1,10,6.31,56.79,8.03,2025-04-04,2025-04-06,Győr,Website,Card,Completed
69453650,51232,437828,2,25.95,20,10.38,41.52,4.33,2025-06-27,2025-06-30,Sopron,Website,Card,Completed
44449268,77262,872081,1,107.07,0,0.0,107.07,0.0,2025-07-23,2025-07-30,Érd,Marketplace,Card,Completed
14918068,72384,797683,1,62.27,15,9.34,52.93,5.73,2025-11-07,2025-11-08,Miskolc,Mobile App,Card,Completed
57896068,39892,881600,2,122.89,10,24.58,221.2,5.75,2026-01-22,2026-01-24,Budapest,Website,Card,Completed
68684231,17471,864524,1,29.39,0,0.0,29.39,4.43,2026-01-11,2026-01-16,Tatabánya,Website,Google Pay,Completed
50950401,77262,951479,2,110.9,10,22.18,199.62,7.65,2025-06-12,2025-06-14,Budapest,Marketplace,Card,Completed
44921362,51232,344064,1,24.31,0,0.0,24.31,8.38,2025-04-25,2025-04-26,Miskolc,Retail Store,Card,Completed
43618173,51232,163679,1,24.86,20,4.97,19.89,4.07,2026-03-28,2026-03-29,Tatabánya,Mobile App,Google Pay,Completed
55618521,85983,901875,1,93.2,20,18.64,74.56,8.34,2026-07-24,2026-07-26,Győr,Website,Google Pay,Completed
26805433,72384,344064,1,60.5,25,15.12,45.38,4.55,2025-01-22,2025-01-28,Győr,Marketplace,Card,Returned
55521879,51232,227343,3,24.87,0,0.0,74.61,5.88,2025-11-28,2025-12-01,Szeged,Marketplace,Card,Completed
66624939,23801,588136,1,34.04,10,3.4,30.64,6.59,2025-06-14,2025-06-16,Budapest,Marketplace,Apple Pay,Completed
35242264,51232,101683,4,25.45,0,0.0,101.8,0.0,2025-05-06,2025-05-08,Budapest,Website,Card,Completed
83138567,23801,473921,1,36.28,0,0.0,36.28,8.85,2026-08-07,2026-08-09,Veszprém,Website,PayPal,Completed
79677298,51232,274923,1,25.86,10,2.59,23.27,4.63,2025-11-16,2025-11-18,Budapest,Retail Store,Card,Completed
74673080,86989,220405,1,93.48,0,0.0,93.48,3.94,2026-01-16,2026-01-18,Budapest,Mobile App,Apple Pay,Completed
20321120,51232,951536,3,24.86,0,0.0,74.58,4.78,2026-07-02,2026-07-04,Budapest,Mobile App,Cash on Delivery,Returned
15155904,51232,654545,1,25.97,0,0.0,25.97,8.15,2025-07-03,2025-07-05,Sopron,Mobile App,Card,Completed
78358370,86989,852199,1,93.07,20,18.61,74.46,5.25,2026-03-16,2026-03-18,Budapest,Website,Card,Completed
62368770,51232,223994,1,24.51,20,4.9,19.61,5.98,2026-01-10,2026-01-11,Budapest,Marketplace,Card,Completed
52655723,49073,729179,2,93.34,0,0.0,186.68,0.0,2026-01-06,2026-01-08,Székesfehérvár,Website,Card,Completed
18376158,23801,853113,2,36.32,0,0.0,72.64,4.56,2025-08-06,2025-08-08,Budapest,Website,Bank Transfer,Completed
56284982,86989,852115,4,88.63,0,0.0,354.52,0.0,2026-05-10,2026-05-14,Tatabánya,Website,Cash on Delivery,Completed
84579114,15378,414093,1,179.45,15,26.92,152.53,0.0,2025-09-22,2025-09-25,Miskolc,Mobile App,PayPal,Completed
71597371,51232,842351,1,25.25,5,1.26,23.99,8.97,2025-07-11,2025-07-13,Budapest,Website,Card,Completed
21576319,72384,317060,1,61.01,10,6.1,54.91,4.03,2025-02-12,2025-02-13,Budapest,Mobile App,Card,Completed
83486944,39892,619421,1,117.1,5,5.86,111.24,0.0,2025-05-29,2025-06-05,Budapest,Website,Bank Transfer,Completed
31936803,86989,221103,1,90.4,0,0.0,90.4,7.94,2026-06-17,2026-06-23,Eger,Retail Store,Card,Completed
90420404,86989,201892,1,88.71,0,0.0,88.71,3.79,2026-08-18,2026-08-21,Nyíregyháza,Mobile App,PayPal,Completed
49107727,23801,317927,1,34.55,10,3.46,31.09,6.47,2025-06-05,2025-06-06,Debrecen,Mobile App,Card,Completed
58701787,45415,981115,1,70.83,5,3.54,67.29,3.86,2025-08-16,2025-08-16,Budapest,Mobile App,Card,Completed
30206879,49073,219582,3,88.74,0,0.0,266.22,4.7,2026-05-11,2026-05-14,Budapest,Mobile App,Apple Pay,Completed
55130501,39892,656708,1,121.11,15,18.17,102.94,7.83,2026-01-09,2026-01-14,Budapest,Mobile App,Card,Completed
25276567,20967,453508,1,128.28,5,6.41,121.87,0.0,2026-02-24,2026-02-25,Budapest,Marketplace,Bank Transfer,Completed
89724679,39892,824778,1,118.2,10,11.82,106.38,0.0,2025-08-19,2025-08-20,Székesfehérvár,Website,Card,Completed
55157783,86989,885670,1,91.98,0,0.0,91.98,6.66,2025-09-24,2025-09-25,Debrecen,Marketplace,PayPal,Completed
44289475,51232,869144,1,25.57,15,3.84,21.73,5.57,2025-10-03,2025-10-05,Debrecen,Website,Card,Completed
19341921,49073,297289,1,91.96,0,0.0,91.96,8.1,2026-08-23,2026-08-24,Pécs,Website,Bank Transfer,Completed
94504551,39892,242339,2,123.04,10,24.61,221.47,0.0,2025-10-31,2025-11-04,Budapest,Mobile App,Bank Transfer,Completed
92433785,15378,252214,1,176.12,0,0.0,176.12,0.0,2025-06-17,2025-06-18,Szeged,Marketplace,Google Pay,Completed
90743842,45415,300525,1,71.96,0,0.0,71.96,6.92,2025-12-07,2025-12-07,Budapest,Mobile App,Apple Pay,Completed
43499486,20967,379921,1,128.75,25,32.19,96.56,4.52,2025-05-14,2025-05-17,Sopron,Mobile App,PayPal,Completed
19742028,85983,276421,1,92.92,5,4.65,88.27,4.35,2025-11-05,2025-11-08,Szeged,Marketplace,PayPal,Completed
42077826,86989,466554,1,91.51,0,0.0,91.51,5.11,2025-12-11,2025-12-14,Budapest,Website,Apple Pay,Completed
74026530,51232,831619,5,25.78,10,12.89,116.01,0.0,2025-07-01,2025-07-04,Debrecen,Marketplace,Card,Completed
18546297,51232,909482,1,25.03,10,2.5,22.53,4.5,2025-03-20,2025-03-22,Budapest,Retail Store,Google Pay,Completed
78225122,20967,123371,2,126.66,20,50.66,202.66,0.0,2026-03-05,2026-03-12,Budapest,Marketplace,Card,Completed
46198363,51232,369542,1,24.59,5,1.23,23.36,8.45,2026-05-30,2026-05-31,Budapest,Marketplace,Card,Completed
50753851,37136,888509,1,48.54,0,0.0,48.54,4.52,2026-03-28,2026-03-31,Nyíregyháza,Website,Card,Completed
57543904,72384,305196,3,62.05,15,27.92,158.23,5.24,2025-07-04,2025-07-07,Budapest,Retail Store,PayPal,Completed
18614771,15378,981714,2,178.04,5,17.8,338.28,0.0,2025-02-08,2025-02-10,Budapest,Website,Cash on Delivery,Completed
23788515,85983,233768,1,94.29,15,14.14,80.15,6.36,2025-11-07,2025-11-10,Tatabánya,Website,Card,Completed
72344005,39892,316143,1,120.61,0,0.0,120.61,4.21,2025-02-02,2025-02-07,Budapest,Mobile App,Bank Transfer,Returned
44104174,86989,670127,1,90.46,10,9.05,81.41,8.41,2026-03-07,2026-03-09,Budapest,Mobile App,Card,Completed
89757199,51232,935264,1,24.39,5,1.22,23.17,5.52,2025-10-26,2025-10-31,Tatabánya,Mobile App,Card,Completed
39896345,51232,731977,2,25.77,10,5.15,46.39,6.71,2025-04-10,2025-04-11,Sopron,Mobile App,Card,Returned
87258508,86989,371473,3,88.59,15,39.87,225.9,3.89,2026-01-06,2026-01-07,Pécs,Website,Card,Completed
12328494,51232,833331,1,24.63,0,0.0,24.63,6.7,2026-08-02,2026-08-03,Szeged,Marketplace,Card,Completed
82630247,95437,184516,1,56.35,20,11.27,45.08,7.01,2026-06-26,2026-06-27,Budapest,Website,Apple Pay,Returned
37292324,85983,837450,1,92.24,0,0.0,92.24,7.79,2026-05-20,2026-05-23,Budapest,Website,Apple Pay,Completed
83108540,26644,737100,3,65.3,5,9.79,186.11,0.0,2025-07-26,2025-07-28,Budapest,Retail Store,Google Pay,Completed
80269663,51232,215512,1,24.47,25,6.12,18.35,4.43,2026-03-21,2026-03-23,Budapest,Marketplace,PayPal,Completed
89313329,95437,510037,2,55.75,0,0.0,111.5,0.0,2025-06-11,2025-06-14,Budapest,Retail Store,PayPal,Completed
44395292,39892,731977,1,122.03,0,0.0,122.03,0.0,2025-07-31,2025-08-02,Budapest,Website,Cash on Delivery,Completed
90708981,20967,935764,1,133.82,0,0.0,133.82,0.0,2026-07-17,2026-07-20,Budapest,Website,PayPal,Completed
26166807,86989,316947,2,87.61,10,17.52,157.7,0.0,2026-08-27,2026-09-01,Veszprém,Mobile App,Card,Completed
34561375,45415,955615,2,70.19,5,7.02,133.36,0.0,2025-05-01,2025-05-07,Miskolc,Website,Cash on Delivery,Completed
98668024,95437,439918,1,56.18,10,5.62,50.56,6.25,2025-12-09,2025-12-11,Szeged,Website,Card,Completed
29127536,20967,466554,1,131.4,0,0.0,131.4,0.0,2025-01-07,,Miskolc,Marketplace,Bank Transfer,Cancelled
88789296,95437,947649,1,56.52,5,2.83,53.69,6.32,2025-11-16,2025-11-21,Győr,Mobile App,Card,Completed
12626078,51232,714564,2,24.48,0,0.0,48.96,8.51,2026-03-10,2026-03-13,Budapest,Website,Card,Completed
83667671,77262,112951,2,113.25,0,0.0,226.5,0.0,2026-06-01,2026-06-03,Nyíregyháza,Website,Google Pay,Completed
89247230,20967,619259,1,130.73,0,0.0,130.73,0.0,2026-02-28,2026-03-03,Budapest,Website,Google Pay,Completed
57676250,51232,223994,3,25.87,5,3.88,73.73,6.19,2025-04-29,2025-05-03,Győr,Mobile App,Cash on Delivery,Completed
23479419,77262,339301,1,109.56,0,0.0,109.56,0.0,2025-08-28,2025-09-04,Budapest,Website,Card,Completed
37688689,51232,112951,1,24.65,15,3.7,20.95,8.45,2025-10-24,2025-10-26,Pécs,Marketplace,Google Pay,Completed
37658441,51232,669829,3,25.28,10,7.58,68.26,6.34,2025-01-09,2025-01-12,Szombathely,Website,Bank Transfer,Completed
68338653,39892,352319,3,121.3,5,18.2,345.7,0.0,2025-07-15,2025-07-16,Kecskemét,Website,Apple Pay,Completed
76746906,49073,465142,1,92.44,0,0.0,92.44,4.73,2025-09-21,2025-09-25,Miskolc,Mobile App,Card,Completed
71788655,86989,819202,1,90.15,0,0.0,90.15,8.24,2025-05-10,2025-05-14,Miskolc,Website,Bank Transfer,Completed
33222876,51232,610866,1,24.26,0,0.0,24.26,0.0,2025-12-31,,Debrecen,Marketplace,Card,Cancelled
69529631,86989,628419,1,90.56,0,0.0,90.56,0.0,2025-10-19,,Székesfehérvár,Mobile App,Apple Pay,Cancelled
62657046,86989,634320,1,88.18,0,0.0,88.18,8.21,2026-07-02,2026-07-05,Székesfehérvár,Website,Cash on Delivery,Completed
11860734,45415,473921,2,68.39,5,6.84,129.94,0.0,2025-08-20,2025-08-20,Kecskemét,Website,Card,Completed
35574824,20967,445644,2,134.44,0,0.0,268.88,0.0,2025-01-01,2025-01-05,Debrecen,Retail Store,Card,Completed
94705222,45415,179132,1,68.82,0,0.0,68.82,7.28,2025-11-01,2025-11-04,Pécs,Website,Card,Completed
73110954,86989,231868,1,91.73,20,18.35,73.38,8.44,2026-01-03,2026-01-07,Győr,Marketplace,Apple Pay,Completed
71128087,85983,604832,1,95.99,5,4.8,91.19,6.83,2026-03-30,2026-04-05,Budapest,Mobile App,Google Pay,Completed
79547909,23801,774579,1,35.24,0,0.0,35.24,4.6,2025-09-28,2025-09-29,Budapest,Mobile App,Card,Completed
20234482,51232,439383,1,25.07,15,3.76,21.31,3.83,2025-06-02,2025-06-05,Sopron,Website,PayPal,Completed
86240484,72384,993904,1,61.7,10,6.17,55.53,3.8,2025-03-30,2025-04-02,Kecskemét,Mobile App,Card,Completed
68131869,85983,221103,2,96.56,5,9.66,183.46,3.65,2026-08-23,2026-08-25,Miskolc,Retail Store,Google Pay,Completed
23114709,23801,409141,1,34.92,25,8.73,26.19,5.63,2026-01-13,2026-01-16,Szeged,Website,Card,Completed
13796187,37136,830709,2,51.04,0,0.0,102.08,6.75,2025-11-10,2025-11-13,Miskolc,Marketplace,Card,Completed
11514603,85983,930581,1,97.69,0,0.0,97.69,7.83,2026-07-23,2026-07-25,Kecskemét,Website,Google Pay,Returned
61532749,45415,763962,3,71.09,0,0.0,213.27,0.0,2025-03-27,2025-03-31,Eger,Website,Card,Completed
96529851,95437,221103,1,56.8,15,8.52,48.28,3.9,2025-12-11,2025-12-15,Győr,Website,Card,Completed
87302630,20967,233736,1,128.18,0,0.0,128.18,7.64,2025-06-16,2025-06-22,Pécs,Website,Card,Completed
79102551,15378,505313,1,179.78,15,26.97,152.81,4.77,2026-06-23,2026-06-24,Tatabánya,Marketplace,Card,Completed
12997734,95437,974874,1,53.8,5,2.69,51.11,7.36,2025-08-19,2025-08-21,Szeged,Website,PayPal,Completed
69257257,51232,964696,1,25.12,0,0.0,25.12,8.6,2025-12-07,2025-12-09,Budapest,Website,Card,Completed
19695114,86989,835429,1,91.74,0,0.0,91.74,6.04,2025-10-22,2025-10-26,Budapest,Website,Card,Completed
22850838,86989,435780,2,92.8,0,0.0,185.6,0.0,2026-07-11,2026-07-17,Budapest,Website,Apple Pay,Returned
63706200,23801,874219,1,35.69,0,0.0,35.69,5.47,2026-02-13,2026-02-14,Nyíregyháza,Mobile App,Cash on Delivery,Completed
70451575,51232,672817,1,24.63,20,4.93,19.7,5.14,2026-06-13,2026-06-16,Pécs,Mobile App,Card,Completed
43015321,86989,781835,1,92.83,15,13.92,78.91,6.65,2025-05-01,2025-05-05,Székesfehérvár,Website,PayPal,Completed
69950244,51232,993904,2,25.51,0,0.0,51.02,8.19,2025-07-27,2025-07-29,Nyíregyháza,Website,Card,Completed
62526297,72384,732852,2,60.45,15,18.14,102.76,0.0,2025-06-21,2025-06-23,Szeged,Marketplace,Card,Completed
94922220,20967,373166,1,132.6,5,6.63,125.97,0.0,2025-03-23,2025-03-25,Székesfehérvár,Website,Bank Transfer,Completed
55801740,15378,184904,1,180.47,0,0.0,180.47,7.65,2026-07-07,2026-07-08,Pécs,Marketplace,Card,Completed
30206436,51232,467348,1,25.48,0,0.0,25.48,4.87,2025-07-31,2025-08-03,Győr,Mobile App,PayPal,Completed
21265271,39892,316571,1,122.38,10,12.24,110.14,5.07,2025-04-25,2025-04-28,Sopron,Retail Store,Card,Completed
66332785,49073,305196,1,87.63,10,8.76,78.87,5.15,2025-05-26,2025-05-29,Győr,Website,PayPal,Completed
28998584,23801,999110,1,34.76,25,8.69,26.07,5.54,2025-01-08,2025-01-10,Budapest,Website,Card,Completed
46084835,86989,585877,1,91.86,0,0.0,91.86,5.92,2025-12-20,2025-12-22,Budapest,Mobile App,Bank Transfer,Completed
53066550,45415,761366,1,69.89,15,10.48,59.41,3.72,2026-02-19,2026-02-24,Budapest,Mobile App,Apple Pay,Completed
67905169,86989,466554,1,93.01,15,13.95,79.06,5.45,2025-09-30,2025-10-02,Budapest,Website,Apple Pay,Returned
68794048,45415,795656,1,70.26,0,0.0,70.26,6.05,2025-11-18,2025-11-19,Budapest,Retail Store,Bank Transfer,Completed
19340457,20967,590655,1,129.09,0,0.0,129.09,6.61,2026-01-22,2026-01-24,Pécs,Website,Apple Pay,Completed
48652534,39892,886816,2,119.89,10,23.98,215.8,0.0,2026-02-13,2026-02-16,Budapest,Website,Apple Pay,Completed
65161133,86989,350251,1,93.46,0,0.0,93.46,5.48,2026-08-07,2026-08-09,Veszprém,Marketplace,PayPal,Completed
51379373,86989,562237,2,88.89,15,26.67,151.11,0.0,2026-03-01,2026-03-03,Budapest,Website,Apple Pay,Completed
38173681,86989,540731,3,89.99,10,27.0,242.97,0.0,2026-02-02,2026-02-03,Szeged,Marketplace,Apple Pay,Completed
75338402,15378,141390,1,175.4,5,8.77,166.63,3.57,2025-10-18,2025-10-19,Budapest,Mobile App,Card,Completed
97035313,26644,700815,2,65.22,5,6.52,123.92,5.42,2026-01-07,2026-01-14,Budapest,Website,Bank Transfer,Completed
26454220,85983,130755,1,93.35,15,14.0,79.35,6.6,2026-05-08,2026-05-10,Veszprém,Marketplace,Card,Completed
92980902,86989,104603,1,88.46,15,13.27,75.19,6.62,2026-08-14,2026-08-16,Székesfehérvár,Retail Store,Card,Completed
10418968,72384,751202,1,62.37,15,9.36,53.01,6.91,2025-11-07,2025-11-09,Pécs,Mobile App,Card,Completed
19442717,37136,988365,1,48.9,15,7.33,41.57,4.56,2025-10-16,2025-10-18,Pécs,Website,PayPal,Completed
97982339,23801,851894,1,35.69,0,0.0,35.69,6.62,2026-03-09,2026-03-10,Budapest,Website,Card,Completed
65115357,51232,465427,2,25.49,0,0.0,50.98,6.33,2025-11-12,2025-11-14,Szeged,Website,Card,Completed
80987768,86989,925669,2,88.56,5,8.86,168.26,0.0,2025-09-12,2025-09-13,Miskolc,Website,Bank Transfer,Completed
48181138,23801,228457,3,35.03,5,5.25,99.84,5.41,2025-12-20,2025-12-21,Budapest,Mobile App,Card,Completed
35285487,45415,689774,1,71.52,0,0.0,71.52,5.36,2026-04-11,2026-04-15,Győr,Mobile App,Card,Completed
34512176,45415,564160,1,70.42,5,3.52,66.9,8.86,2025-04-02,2025-04-04,Miskolc,Website,Card,Completed
64721910,23801,829682,1,35.81,10,3.58,32.23,4.49,2025-02-09,2025-02-10,Eger,Marketplace,Card,Completed
35339157,51232,130865,1,25.42,10,2.54,22.88,8.94,2026-04-30,2026-05-01,Budapest,Website,Card,Returned
45082752,49073,811515,1,90.43,0,0.0,90.43,3.59,2025-07-24,2025-07-25,Budapest,Website,Cash on Delivery,Completed
48916996,20967,472199,1,130.92,15,19.64,111.28,0.0,2026-01-15,2026-01-16,Budapest,Mobile App,Card,Completed
81149865,86989,906071,1,91.88,5,4.59,87.29,7.0,2025-07-21,2025-07-22,Budapest,Website,PayPal,Completed
76402454,45415,342121,1,69.21,0,0.0,69.21,4.87,2025-09-24,2025-09-26,Budapest,Website,PayPal,Completed
39300669,20967,919535,1,128.24,0,0.0,128.24,0.0,2025-11-23,2025-11-25,Budapest,Website,Card,Completed
59755185,51232,761524,2,24.44,5,2.44,46.44,4.76,2025-05-12,2025-05-14,Szombathely,Website,Card,Completed
97949075,15378,575829,1,184.3,20,36.86,147.44,0.0,2025-05-19,2025-05-24,Budapest,Mobile App,Google Pay,Completed
12750882,86989,507765,2,92.08,15,27.62,156.54,0.0,2026-08-05,2026-08-06,Budapest,Website,Card,Completed
36588867,45415,526711,1,67.93,20,13.59,54.34,8.63,2025-05-30,2025-06-02,Szombathely,Marketplace,Card,Completed
54156542,39892,225293,1,119.13,0,0.0,119.13,0.0,2026-03-15,2026-03-18,Budapest,Website,Card,Completed
63029617,37136,155579,1,48.76,0,0.0,48.76,5.76,2025-02-06,2025-02-10,Veszprém,Website,Apple Pay,Completed
21688439,20967,611887,2,127.51,0,0.0,255.02,0.0,2025-10-01,2025-10-04,Győr,Retail Store,Card,Completed
66258970,49073,446765,2,91.56,0,0.0,183.12,0.0,2025-05-08,2025-05-10,Budapest,Retail Store,Bank Transfer,Completed
61561135,85983,479585,2,95.99,0,0.0,191.98,7.55,2025-12-13,2025-12-20,Székesfehérvár,Website,Card,Completed
12782004,86989,564433,1,91.35,0,0.0,91.35,5.26,2026-01-07,2026-01-13,Veszprém,Mobile App,Card,Completed
13059470,20967,643252,4,127.7,5,25.54,485.26,0.0,2025-08-03,2025-08-06,Sopron,Website,Card,Completed
25902185,72384,297289,2,61.84,15,18.55,105.13,0.0,2026-04-01,2026-04-04,Győr,Mobile App,Apple Pay,Completed
48595803,77262,938919,1,111.67,10,11.17,100.5,7.53,2025-10-01,2025-10-08,Szeged,Website,Card,Completed
14907354,85983,227343,2,94.49,15,28.35,160.63,0.0,2025-05-07,2025-05-13,Budapest,Marketplace,PayPal,Completed
53253885,86989,839861,1,88.64,0,0.0,88.64,6.59,2025-11-19,2025-11-24,Érd,Mobile App,Google Pay,Completed
94165286,72384,299149,2,59.77,0,0.0,119.54,0.0,2025-11-17,,Veszprém,Website,Apple Pay,Cancelled
39308084,15378,776749,1,181.34,0,0.0,181.34,0.0,2025-01-17,2025-01-20,Sopron,Marketplace,Card,Completed
55298039,49073,997131,1,88.68,0,0.0,88.68,7.55,2025-10-18,2025-10-21,Kecskemét,Mobile App,Card,Completed
38042554,26644,239772,1,64.3,0,0.0,64.3,4.45,2025-12-27,2025-12-31,Kecskemét,Mobile App,Card,Completed
48883757,51232,208640,1,25.87,0,0.0,25.87,5.09,2025-09-01,2025-09-07,Budapest,Website,Bank Transfer,Completed
50744916,15378,540053,2,186.63,0,0.0,373.26,6.46,2025-10-30,2025-11-03,Budapest,Mobile App,Card,Completed
67322998,45415,899680,1,71.59,0,0.0,71.59,7.55,2025-10-02,2025-10-03,Budapest,Mobile App,Cash on Delivery,Completed
33318378,85983,159374,1,97.18,15,14.58,82.6,8.67,2026-05-29,2026-06-01,Miskolc,Mobile App,Card,Completed
97820597,45415,453566,1,71.5,0,0.0,71.5,4.42,2026-02-20,2026-02-22,Székesfehérvár,Website,Apple Pay,Completed
54113778,26644,131161,1,66.14,0,0.0,66.14,7.45,2026-07-04,2026-07-06,Debrecen,Mobile App,Google Pay,Completed
42187679,72384,155450,1,59.46,0,0.0,59.46,6.96,2026-08-29,2026-08-31,Budapest,Website,Bank Transfer,Completed
39375063,20967,609567,2,134.88,0,0.0,269.76,0.0,2026-05-05,2026-05-08,Érd,Website,Apple Pay,Returned
52347576,51232,133884,1,25.17,10,2.52,22.65,4.82,2025-11-25,2025-11-30,Budapest,Marketplace,PayPal,Completed
38528225,85983,152946,1,98.19,0,0.0,98.19,5.08,2025-04-09,2025-04-10,Miskolc,Mobile App,Card,Completed
70491576,26644,872025,1,67.38,10,6.74,60.64,6.96,2026-01-29,2026-01-31,Pécs,Website,Cash on Delivery,Completed
87684141,95437,761366,2,55.52,5,5.55,105.49,0.0,2026-02-19,2026-02-23,Pécs,Website,PayPal,Completed
29584933,86989,608791,1,88.23,0,0.0,88.23,6.04,2025-04-03,2025-04-07,Budapest,Website,Bank Transfer,Completed
43090490,85983,574494,1,92.83,5,4.64,88.19,7.38,2025-11-03,2025-11-05,Budapest,Mobile App,Card,Completed
75601021,51232,117436,2,24.57,0,0.0,49.14,8.27,2026-07-22,2026-07-23,Budapest,Marketplace,PayPal,Completed
58351261,95437,225293,4,55.57,0,0.0,222.28,0.0,2026-01-05,2026-01-09,Budapest,Website,Card,Completed
49842565,86989,896458,1,87.84,0,0.0,87.84,6.42,2025-10-10,2025-10-12,Miskolc,Website,Bank Transfer,Completed
68985449,51232,651916,1,25.46,20,5.09,20.37,5.01,2025-01-18,2025-01-20,Veszprém,Website,Card,Returned
99865545,85983,337197,2,96.35,0,0.0,192.7,7.02,2025-08-11,2025-08-18,Budapest,Website,Cash on Delivery,Completed
36744413,49073,460471,5,92.37,0,0.0,461.85,0.0,2025-02-02,2025-02-08,Kecskemét,Mobile App,Card,Completed
43186034,85983,719758,1,93.22,5,4.66,88.56,8.18,2026-01-25,2026-01-27,Budapest,Website,Google Pay,Completed
65086934,51232,465142,2,25.26,5,2.53,47.99,4.71,2025-09-24,2025-09-27,Budapest,Mobile App,Google Pay,Completed
62152472,49073,172703,1,91.18,10,9.12,82.06,4.67,2025-03-28,2025-04-03,Debrecen,Website,Bank Transfer,Completed
50093338,37136,923489,1,49.08,5,2.45,46.63,3.63,2025-12-16,2025-12-20,Budapest,Mobile App,Card,Returned
50542849,72384,272393,1,61.68,20,12.34,49.34,8.18,2026-02-05,2026-02-09,Miskolc,Website,Card,Completed
65289149,20967,223994,3,134.48,0,0.0,403.44,0.0,2025-08-26,,Veszprém,Mobile App,Card,Cancelled
70284167,85983,123371,1,98.14,0,0.0,98.14,4.63,2025-11-18,2025-11-19,Budapest,Website,Apple Pay,Completed
67876094,20967,941759,1,132.62,5,6.63,125.99,3.63,2025-04-06,2025-04-08,Budapest,Website,Bank Transfer,Completed
11693899,26644,617771,1,65.57,0,0.0,65.57,5.2,2026-03-09,2026-03-10,Sopron,Mobile App,Apple Pay,Completed
41602796,86989,719758,1,88.47,10,8.85,79.62,5.67,2025-05-19,2025-05-20,Debrecen,Mobile App,Card,Completed
39934873,86989,703219,2,87.49,0,0.0,174.98,5.81,2025-03-13,2025-03-17,Budapest,Mobile App,PayPal,Completed
98653917,85983,772322,1,93.68,0,0.0,93.68,8.42,2025-07-06,2025-07-08,Győr,Marketplace,Google Pay,Completed
17861506,45415,690172,1,68.95,0,0.0,68.95,8.95,2025-07-31,2025-08-01,Budapest,Website,Cash on Delivery,Completed
86800489,86989,528354,3,90.63,0,0.0,271.89,0.0,2026-03-21,2026-03-21,Budapest,Website,Bank Transfer,Completed
29635810,49073,862431,1,90.08,0,0.0,90.08,6.07,2026-04-28,2026-05-01,Miskolc,Website,Bank Transfer,Completed
79095445,26644,702862,1,67.36,5,3.37,63.99,8.74,2025-03-05,2025-03-08,Budapest,Mobile App,PayPal,Completed
33374234,45415,923489,2,70.07,0,0.0,140.14,0.0,2026-02-16,2026-02-21,Sopron,Website,Card,Completed
67680680,86989,494349,2,89.21,20,35.68,142.74,7.52,2025-04-29,2025-05-01,Miskolc,Website,Card,Completed
64604682,17471,930581,1,29.71,25,7.43,22.28,8.36,2025-12-10,2025-12-14,Sopron,Marketplace,Bank Transfer,Completed
46975778,95437,429834,2,55.24,0,0.0,110.48,0.0,2026-05-21,2026-05-22,Budapest,Marketplace,Card,Completed
96744557,86989,352680,3,91.1,5,13.66,259.64,0.0,2025-09-06,2025-09-10,Szeged,Marketplace,Google Pay,Completed
65502360,23801,722757,2,35.48,5,3.55,67.41,8.51,2025-12-12,2025-12-14,Érd,Website,Card,Completed
25303763,39892,272100,1,120.12,0,0.0,120.12,0.0,2026-03-15,2026-03-17,Budapest,Mobile App,Bank Transfer,Completed
86458796,72384,645741,1,62.16,5,3.11,59.05,6.42,2025-12-14,2025-12-17,Budapest,Website,PayPal,Completed
62880150,45415,876834,1,71.16,25,17.79,53.37,8.56,2026-07-26,2026-07-30,Budapest,Website,Google Pay,Completed
30429473,20967,169345,1,133.51,0,0.0,133.51,0.0,2025-07-29,2025-07-30,Érd,Website,Apple Pay,Completed
36731334,23801,805042,1,34.07,5,1.7,32.37,8.86,2025-11-17,2025-11-21,Debrecen,Mobile App,PayPal,Completed
19108333,72384,732852,1,61.81,0,0.0,61.81,4.73,2026-01-25,2026-01-27,Budapest,Website,Card,Completed
78803081,45415,255503,1,68.83,0,0.0,68.83,6.78,2025-03-20,2025-03-26,Pécs,Retail Store,Card,Completed
12363529,86989,352680,1,88.98,0,0.0,88.98,4.84,2026-07-18,2026-07-23,Szeged,Website,Apple Pay,Completed
29409285,85983,165410,1,96.28,0,0.0,96.28,5.44,2025-01-07,2025-01-09,Pécs,Website,PayPal,Returned
83808498,72384,619259,1,59.5,0,0.0,59.5,6.95,2025-05-05,2025-05-06,Budapest,Website,Google Pay,Completed
72712592,77262,696502,1,112.88,0,0.0,112.88,0.0,2025-04-21,2025-04-22,Szeged,Marketplace,Card,Completed
74297079,86989,859568,1,89.18,0,0.0,89.18,8.87,2025-04-15,2025-04-17,Győr,Website,Card,Completed
94196153,95437,740779,5,56.54,0,0.0,282.7,0.0,2026-02-11,2026-02-13,Debrecen,Marketplace,Apple Pay,Completed
16065984,77262,580956,1,111.89,15,16.78,95.11,5.08,2025-01-20,2025-01-21,Debrecen,Marketplace,Card,Completed
54339635,86989,176185,2,87.6,0,0.0,175.2,0.0,2025-11-17,2025-11-20,Budapest,Website,PayPal,Completed
80305587,49073,251635,3,91.17,5,13.68,259.83,0.0,2025-10-27,2025-10-31,Nyíregyháza,Marketplace,Card,Completed
91869069,15378,824419,1,175.62,0,0.0,175.62,0.0,2025-12-14,2025-12-15,Budapest,Website,Apple Pay,Completed
55343494,20967,818074,1,128.5,10,12.85,115.65,0.0,2025-03-12,2025-03-14,Székesfehérvár,Website,Card,Completed
65704078,49073,566341,1,92.16,0,0.0,92.16,8.42,2025-02-15,2025-02-16,Budapest,Mobile App,Apple Pay,Completed
56806641,49073,188293,1,90.76,25,22.69,68.07,6.91,2026-01-24,2026-01-26,Székesfehérvár,Mobile App,Bank Transfer,Completed
41797932,72384,961299,2,59.76,10,11.95,107.57,0.0,2026-02-04,2026-02-05,Debrecen,Website,Card,Completed
63920056,77262,355217,1,109.0,0,0.0,109.0,0.0,2025-06-28,2025-07-01,Budapest,Mobile App,Card,Completed
28429346,77262,717981,1,108.05,10,10.8,97.25,7.54,2025-03-13,2025-03-17,Budapest,Website,Google Pay,Completed
80600135,15378,628419,2,175.99,0,0.0,351.98,0.0,2026-05-24,2026-05-26,Budapest,Mobile App,Apple Pay,Completed
80754784,26644,406346,1,63.11,5,3.16,59.95,5.2,2025-11-28,2025-11-30,Debrecen,Website,Card,Completed
18698645,20967,453108,1,130.12,0,0.0,130.12,4.38,2026-05-29,2026-05-30,Budapest,Mobile App,Google Pay,Completed
10038577,45415,115516,1,69.97,5,3.5,66.47,4.93,2026-06-04,2026-06-06,Tatabánya,Website,PayPal,Completed
33234579,15378,604418,1,182.77,0,0.0,182.77,0.0,2026-04-22,2026-04-24,Székesfehérvár,Website,PayPal,Completed
28392548,45415,948623,1,68.48,0,0.0,68.48,5.84,2025-03-09,2025-03-13,Budapest,Mobile App,Bank Transfer,Completed
79778542,86989,530168,1,87.3,10,8.73,78.57,7.84,2025-11-21,2025-11-24,Budapest,Mobile App,Google Pay,Completed
16042846,85983,225293,1,92.52,0,0.0,92.52,0.0,2026-04-12,,Székesfehérvár,Marketplace,Cash on Delivery,Cancelled
71649323,15378,215512,1,185.3,10,18.53,166.77,0.0,2026-02-06,2026-02-08,Kecskemét,Marketplace,PayPal,Completed
81728399,39892,936563,1,120.26,10,12.03,108.23,6.92,2025-12-19,2025-12-22,Budapest,Website,Card,Completed
54876855,86989,935764,1,90.58,15,13.59,76.99,8.65,2026-01-20,2026-01-24,Szeged,Website,Apple Pay,Completed
48111849,45415,392518,1,71.04,0,0.0,71.04,4.79,2026-07-19,2026-07-24,Pécs,Website,Bank Transfer,Completed
33092664,51232,670478,3,25.63,5,3.84,73.05,0.0,2025-07-16,,Székesfehérvár,Mobile App,Card,Cancelled
21529347,51232,925586,1,25.98,0,0.0,25.98,0.0,2026-04-27,,Budapest,Website,Cash on Delivery,Cancelled
37691032,20967,859177,4,131.42,0,0.0,525.68,0.0,2025-08-07,2025-08-13,Pécs,Retail Store,PayPal,Completed
81346677,49073,472199,1,90.45,5,4.52,85.93,5.79,2025-04-17,2025-04-21,Székesfehérvár,Mobile App,Card,Completed
56156249,77262,876245,2,113.98,0,0.0,227.96,0.0,2025-04-24,2025-04-26,Pécs,Mobile App,Bank Transfer,Completed
41004640,15378,911893,2,181.48,20,72.59,290.37,0.0,2025-02-24,2025-02-25,Szeged,Website,Card,Completed
96339455,72384,133884,3,59.54,0,0.0,178.62,0.0,2026-06-06,2026-06-09,Pécs,Website,Card,Completed
36529822,86989,636282,2,92.33,10,18.47,166.19,0.0,2026-08-07,2026-08-13,Miskolc,Mobile App,Bank Transfer,Completed
16926120,23801,371154,2,34.19,15,10.26,58.12,7.82,2025-07-13,2025-07-19,Kecskemét,Website,Card,Completed
56126929,86989,540053,2,89.24,0,0.0,178.48,0.0,2025-10-03,2025-10-06,Kecskemét,Website,Card,Completed
53850991,15378,722251,2,179.44,5,17.94,340.94,0.0,2025-05-04,2025-05-05,Eger,Website,Card,Completed
62670953,51232,436370,1,25.46,0,0.0,25.46,6.61,2025-11-07,2025-11-08,Miskolc,Marketplace,Card,Returned
91642288,85983,881600,1,96.34,20,19.27,77.07,6.44,2025-02-06,2025-02-10,Győr,Mobile App,Apple Pay,Completed
88950402,85983,312696,2,96.66,10,19.33,173.99,0.0,2025-08-17,2025-08-20,Debrecen,Website,Cash on Delivery,Completed
74956816,39892,295408,1,119.7,5,5.99,113.71,0.0,2026-01-31,2026-02-03,Szeged,Mobile App,Card,Completed
39613554,86989,837450,2,90.11,0,0.0,180.22,7.45,2025-06-23,2025-06-24,Debrecen,Website,Cash on Delivery,Completed
96390934,37136,133913,1,51.43,0,0.0,51.43,5.97,2026-07-27,2026-08-01,Tatabánya,Website,Card,Completed
25368933,86989,400505,1,88.83,0,0.0,88.83,5.81,2025-06-18,2025-06-20,Budapest,Website,Google Pay,Completed
98478164,45415,210690,2,68.35,5,6.83,129.87,0.0,2026-07-05,2026-07-05,Debrecen,Website,PayPal,Completed
90093506,51232,101683,1,25.79,0,0.0,25.79,4.75,2026-06-26,2026-06-29,Budapest,Marketplace,Google Pay,Completed
89261145,45415,305422,2,68.53,0,0.0,137.06,0.0,2025-05-22,2025-05-22,Budapest,Website,Card,Completed
28878352,86989,415978,1,93.41,0,0.0,93.41,7.61,2025-04-06,2025-04-07,Budapest,Mobile App,Google Pay,Completed
39470562,95437,604173,1,55.1,0,0.0,55.1,8.85,2025-08-02,2025-08-08,Budapest,Mobile App,Cash on Delivery,Completed
23966821,23801,467427,1,34.32,5,1.72,32.6,6.22,2025-12-22,2025-12-24,Budapest,Website,Google Pay,Completed
54052526,45415,460259,2,69.61,0,0.0,139.22,0.0,2025-05-29,2025-06-03,Budapest,Website,Card,Completed
37306330,86989,886023,1,91.52,0,0.0,91.52,6.41,2025-04-12,2025-04-14,Győr,Website,Apple Pay,Completed
94250249,51232,982828,3,25.79,10,7.74,69.63,0.0,2026-03-31,,Győr,Marketplace,Card,Cancelled
91763233,49073,636439,2,90.8,15,27.24,154.36,4.75,2025-08-08,2025-08-11,Budapest,Website,Card,Completed
47420422,23801,987761,1,35.71,5,1.79,33.92,5.28,2026-02-24,2026-02-28,Debrecen,Retail Store,Card,Completed
59094433,20967,872081,2,130.36,10,26.07,234.65,0.0,2026-03-23,2026-03-25,Debrecen,Website,Card,Completed
85296218,45415,794821,1,69.15,0,0.0,69.15,6.35,2025-12-19,2025-12-22,Budapest,Marketplace,Card,Completed
32611673,95437,352319,1,56.3,10,5.63,50.67,8.51,2025-04-01,2025-04-03,Tatabánya,Website,Card,Completed
72473102,45415,909482,1,68.07,0,0.0,68.07,6.0,2026-06-06,2026-06-07,Miskolc,Retail Store,Apple Pay,Completed
75958611,86989,561211,1,92.37,0,0.0,92.37,3.88,2025-12-14,2025-12-21,Győr,Website,Cash on Delivery,Completed
10289825,72384,885670,2,62.33,0,0.0,124.66,5.05,2025-11-13,2025-11-16,Nyíregyháza,Retail Store,PayPal,Completed
26464161,49073,983305,1,87.59,10,8.76,78.83,5.61,2025-02-25,2025-02-27,Debrecen,Mobile App,Apple Pay,Completed
81703140,72384,276421,1,60.77,20,12.15,48.62,8.84,2026-05-27,2026-05-30,Miskolc,Mobile App,Card,Completed
18939558,51232,429834,1,25.78,10,2.58,23.2,7.54,2025-05-01,2025-05-04,Pécs,Website,Apple Pay,Completed
75664198,51232,988380,1,24.95,0,0.0,24.95,8.42,2025-08-27,2025-08-30,Nyíregyháza,Website,Bank Transfer,Completed
74091952,51232,899176,1,24.64,20,4.93,19.71,7.34,2025-01-06,2025-01-09,Debrecen,Mobile App,Google Pay,Completed
45037988,49073,857290,1,91.68,0,0.0,91.68,8.5,2025-01-20,2025-01-23,Győr,Mobile App,Card,Completed
50966982,45415,706778,5,69.92,0,0.0,349.6,5.67,2025-08-23,2025-08-30,Veszprém,Retail Store,PayPal,Completed
10792161,49073,185994,1,92.56,15,13.88,78.68,6.16,2026-08-16,2026-08-17,Budapest,Mobile App,Google Pay,Completed
64122605,51232,113826,1,24.3,0,0.0,24.3,7.4,2025-08-31,2025-09-01,Nyíregyháza,Website,Apple Pay,Completed
58944715,45415,316803,1,69.59,5,3.48,66.11,5.21,2026-07-10,2026-07-13,Miskolc,Retail Store,Bank Transfer,Completed
10431921,23801,710680,2,36.05,15,10.81,61.29,3.87,2026-02-22,2026-02-23,Érd,Marketplace,Card,Completed
90279778,45415,349637,1,70.14,25,17.54,52.6,6.05,2025-07-24,2025-07-25,Budapest,Website,Apple Pay,Completed
74947236,72384,592973,1,59.6,0,0.0,59.6,8.3,2026-02-14,2026-02-16,Debrecen,Website,Card,Completed
38546171,49073,875612,1,89.38,10,8.94,80.44,5.76,2026-04-23,2026-04-24,Pécs,Website,Cash on Delivery,Completed
46333465,86989,562237,1,92.41,0,0.0,92.41,5.91,2025-10-15,2025-10-16,Budapest,Website,Card,Completed
34727000,26644,991220,1,63.19,5,3.16,60.03,4.99,2025-09-10,2025-09-12,Miskolc,Marketplace,PayPal,Completed
41902913,86989,239098,1,87.61,0,0.0,87.61,6.89,2025-07-01,2025-07-06,Budapest,Marketplace,Apple Pay,Completed
77828929,45415,213981,2,70.59,20,28.24,112.94,0.0,2026-05-18,2026-05-22,Budapest,Retail Store,Apple Pay,Completed
94431569,23801,352117,1,34.61,10,3.46,31.15,8.68,2025-03-09,2025-03-11,Kecskemét,Marketplace,Card,Completed
15937979,20967,109539,1,128.39,20,25.68,102.71,0.0,2025-09-22,2025-09-26,Budapest,Mobile App,Card,Completed
52597571,15378,540053,3,184.0,0,0.0,552.0,0.0,2026-07-16,2026-07-22,Budapest,Website,Bank Transfer,Completed
90873273,85983,391290,1,96.6,0,0.0,96.6,5.65,2025-01-12,2025-01-15,Budapest,Website,Card,Completed
29175566,26644,991220,1,65.63,15,9.84,55.79,4.51,2026-04-29,2026-05-04,Érd,Website,Card,Completed
32342087,20967,443562,1,134.4,15,20.16,114.24,0.0,2025-05-21,2025-05-23,Miskolc,Website,Google Pay,Completed
58406074,86989,819202,1,93.53,20,18.71,74.82,4.64,2026-01-11,2026-01-13,Budapest,Mobile App,Apple Pay,Completed
85885365,20967,473921,1,128.67,10,12.87,115.8,0.0,2025-08-02,2025-08-04,Budapest,Website,Apple Pay,Completed
61910458,20967,475851,1,127.64,0,0.0,127.64,0.0,2025-03-17,2025-03-21,Budapest,Website,PayPal,Completed
78860573,95437,741127,3,56.82,0,0.0,170.46,0.0,2025-01-15,2025-01-17,Kecskemét,Mobile App,Card,Completed
59109487,86989,864524,2,89.64,0,0.0,179.28,0.0,2025-09-11,2025-09-15,Kecskemét,Website,Card,Completed
81041257,49073,496240,1,92.65,20,18.53,74.12,4.09,2025-11-21,2025-11-25,Budapest,Retail Store,Apple Pay,Completed
83127242,77262,615507,1,108.1,15,16.21,91.89,7.85,2025-07-25,2025-07-28,Eger,Mobile App,PayPal,Completed
45230570,86989,311579,2,87.94,15,26.38,149.5,0.0,2025-12-11,2025-12-12,Eger,Mobile App,Apple Pay,Completed
30073431,45415,152946,1,70.84,0,0.0,70.84,6.63,2025-07-28,2025-07-31,Debrecen,Website,Card,Completed
27878839,45415,936563,2,69.35,20,27.74,110.96,0.0,2025-08-20,2025-08-21,Szeged,Marketplace,Google Pay,Completed
18545475,51232,436611,2,25.12,0,0.0,50.24,6.54,2025-09-27,2025-09-27,Székesfehérvár,Mobile App,Apple Pay,Completed
75458720,26644,466554,3,63.56,5,9.53,181.15,6.88,2025-10-09,2025-10-15,Szeged,Marketplace,Apple Pay,Completed
94819465,86989,549022,3,90.35,10,27.1,243.95,0.0,2025-12-31,2026-01-05,Székesfehérvár,Retail Store,Card,Completed
63960040,49073,566714,1,90.42,0,0.0,90.42,5.41,2025-03-29,2025-03-30,Nyíregyháza,Marketplace,Apple Pay,Completed
24728963,45415,505234,2,69.15,0,0.0,138.3,0.0,2025-09-26,2025-09-28,Kecskemét,Mobile App,Card,Completed
47799716,39892,271009,2,122.09,15,36.63,207.55,3.53,2026-01-11,2026-01-13,Nyíregyháza,Website,Card,Completed
87911879,49073,491341,1,87.51,20,17.5,70.01,8.36,2026-05-10,2026-05-12,Érd,Marketplace,Google Pay,Completed
32462996,86989,575829,1,91.57,5,4.58,86.99,6.35,2026-02-26,2026-02-28,Tatabánya,Website,Cash on Delivery,Completed
63140468,86989,724022,1,93.49,0,0.0,93.49,7.98,2025-04-05,2025-04-08,Szeged,Website,Card,Completed
34054076,86989,749436,1,90.56,0,0.0,90.56,8.03,2025-05-07,2025-05-12,Debrecen,Website,Card,Completed
72057243,77262,933091,1,113.33,0,0.0,113.33,7.79,2025-01-10,2025-01-12,Szeged,Website,Apple Pay,Completed
68073975,51232,549646,2,24.34,0,0.0,48.68,4.01,2026-01-05,2026-01-08,Budapest,Website,Card,Completed
96111431,72384,378969,1,59.62,5,2.98,56.64,7.25,2025-06-25,2025-06-27,Budapest,Marketplace,Bank Transfer,Completed
16726721,51232,566341,1,24.51,0,0.0,24.51,5.02,2025-04-26,2025-04-27,Debrecen,Marketplace,Cash on Delivery,Completed
11774993,20967,655289,1,130.21,5,6.51,123.7,0.0,2026-08-27,2026-08-31,Kecskemét,Website,Apple Pay,Completed
45734561,51232,862431,1,24.36,0,0.0,24.36,8.08,2025-07-03,2025-07-08,Miskolc,Marketplace,Card,Completed
44208906,51232,771027,1,25.06,5,1.25,23.81,5.61,2026-07-21,2026-07-27,Szombathely,Mobile App,Bank Transfer,Completed
59785710,23801,703806,2,36.07,0,0.0,72.14,6.48,2025-10-04,2025-10-07,Győr,Mobile App,Apple Pay,Completed
31053858,86989,909182,1,90.33,5,4.52,85.81,3.95,2025-09-02,2025-09-03,Budapest,Marketplace,Card,Completed
46333735,26644,935888,1,66.72,25,16.68,50.04,4.06,2025-01-13,2025-01-15,Miskolc,Mobile App,Card,Completed
53323909,15378,601412,2,179.44,0,0.0,358.88,7.05,2025-03-23,2025-03-26,Kecskemét,Website,Apple Pay,Completed
79074420,20967,481610,1,128.61,0,0.0,128.61,0.0,2026-03-14,2026-03-15,Szeged,Marketplace,Google Pay,Completed
78904680,45415,780953,1,70.51,0,0.0,70.51,6.79,2025-09-25,2025-09-28,Budapest,Marketplace,Card,Completed
49491719,72384,116230,1,58.88,25,14.72,44.16,8.33,2025-10-03,2025-10-05,Budapest,Website,PayPal,Completed
69740954,86989,448104,1,92.88,10,9.29,83.59,5.65,2025-01-20,2025-01-22,Sopron,Mobile App,Bank Transfer,Completed
84920813,49073,499460,1,93.44,10,9.34,84.1,8.72,2025-06-28,2025-07-02,Debrecen,Website,Bank Transfer,Completed
77282229,45415,813258,1,68.85,0,0.0,68.85,4.03,2026-06-06,2026-06-12,Budapest,Website,Card,Completed
74806760,95437,932611,3,55.92,0,0.0,167.76,0.0,2026-03-25,2026-03-27,Budapest,Website,Apple Pay,Completed
39253224,49073,415978,1,88.53,20,17.71,70.82,6.48,2025-03-28,2025-03-29,Budapest,Website,Card,Completed
85327096,85983,274923,1,93.03,15,13.95,79.08,4.26,2026-07-09,2026-07-15,Kecskemét,Website,Card,Completed
27505793,26644,974369,2,66.6,0,0.0,133.2,0.0,2025-10-17,2025-10-19,Szeged,Mobile App,Cash on Delivery,Returned
90263371,20967,821868,1,128.63,5,6.43,122.2,0.0,2026-05-15,2026-05-16,Szeged,Website,PayPal,Completed
26969617,39892,931804,1,124.07,20,24.81,99.26,8.35,2026-08-03,2026-08-06,Budapest,Website,Cash on Delivery,Completed
85069889,72384,255988,1,58.76,5,2.94,55.82,7.77,2025-12-07,2025-12-09,Érd,Website,Card,Completed
63479138,86989,889915,1,89.82,0,0.0,89.82,4.87,2025-10-20,2025-10-26,Budapest,Mobile App,PayPal,Completed
87752754,15378,699727,1,185.98,15,27.9,158.08,0.0,2026-08-12,2026-08-15,Veszprém,Website,PayPal,Completed
18609419,45415,160490,1,72.05,10,7.21,64.84,3.91,2025-12-20,2025-12-26,Szeged,Marketplace,Card,Completed
53791547,45415,859568,1,68.65,0,0.0,68.65,7.96,2026-04-17,2026-04-19,Győr,Mobile App,Card,Completed
55316753,45415,395087,1,68.15,10,6.82,61.33,4.15,2025-04-14,2025-04-15,Budapest,Website,Apple Pay,Completed
30907477,20967,586787,1,129.49,5,6.47,123.02,6.56,2026-02-22,2026-02-23,Budapest,Mobile App,Cash on Delivery,Completed
54867415,77262,203142,2,109.59,10,21.92,197.26,0.0,2026-01-27,2026-02-01,Székesfehérvár,Mobile App,Apple Pay,Completed
24779045,72384,813258,1,60.62,0,0.0,60.62,3.94,2026-07-18,2026-07-19,Győr,Website,Google Pay,Completed
99574356,72384,235610,1,61.69,0,0.0,61.69,6.09,2025-08-20,2025-08-22,Pécs,Retail Store,Card,Completed
82999779,86989,124512,3,93.32,0,0.0,279.96,0.0,2026-02-27,2026-03-05,Sopron,Website,Card,Completed
68393857,45415,653573,1,69.99,0,0.0,69.99,6.59,2025-12-31,2026-01-03,Pécs,Website,Bank Transfer,Completed
84408312,49073,476304,1,88.08,0,0.0,88.08,5.33,2025-12-11,2025-12-12,Miskolc,Website,Apple Pay,Completed
36149464,85983,339188,1,93.81,0,0.0,93.81,0.0,2026-04-09,,Kecskemét,Website,Card,Cancelled
86442602,51232,272100,2,24.39,0,0.0,48.78,7.24,2025-10-29,2025-11-04,Miskolc,Marketplace,Card,Completed
36033156,20967,145710,1,131.99,0,0.0,131.99,7.04,2026-01-05,2026-01-12,Budapest,Website,Card,Completed
16899664,39892,738694,1,117.71,0,0.0,117.71,6.2,2025-09-25,2025-09-30,Kecskemét,Website,Card,Completed
54342166,20967,474810,1,133.98,0,0.0,133.98,0.0,2026-06-19,2026-06-20,Debrecen,Retail Store,Card,Completed
76806261,86989,376126,1,91.43,10,9.14,82.29,7.38,2025-02-24,2025-03-01,Eger,Website,PayPal,Completed
23747798,37136,207344,4,49.29,0,0.0,197.16,0.0,2025-08-16,2025-08-18,Budapest,Website,PayPal,Completed
71248426,20967,316947,1,131.42,5,6.57,124.85,0.0,2025-01-30,2025-01-31,Budapest,Marketplace,Card,Completed
81440263,45415,257087,2,72.31,10,14.46,130.16,0.0,2025-04-16,2025-04-17,Debrecen,Mobile App,Card,Completed
47425253,86989,141390,1,92.01,0,0.0,92.01,6.08,2026-06-15,2026-06-16,Budapest,Website,Card,Completed
70888750,49073,463428,1,87.84,0,0.0,87.84,8.41,2025-04-22,2025-04-25,Debrecen,Website,Apple Pay,Completed
20817061,26644,349637,1,66.08,0,0.0,66.08,8.61,2026-04-24,2026-04-27,Debrecen,Mobile App,Google Pay,Completed
97923314,23801,208640,1,36.34,0,0.0,36.34,8.78,2025-09-01,2025-09-02,Szeged,Mobile App,Card,Completed
72430525,51232,761524,2,25.03,10,5.01,45.05,3.7,2025-09-12,2025-09-19,Szombathely,Mobile App,PayPal,Completed
36144827,77262,636282,2,107.28,20,42.91,171.65,0.0,2025-09-01,2025-09-03,Miskolc,Retail Store,Card,Completed
13466402,49073,996035,2,89.57,10,17.91,161.23,0.0,2026-06-13,2026-06-16,Nyíregyháza,Website,PayPal,Completed
20487967,72384,586787,1,59.98,5,3.0,56.98,3.84,2026-03-11,2026-03-18,Szeged,Mobile App,Apple Pay,Completed
25510328,20967,953459,1,130.49,5,6.52,123.97,0.0,2026-01-16,2026-01-19,Budapest,Website,Card,Completed
56116751,17471,489113,1,30.01,0,0.0,30.01,3.63,2025-09-18,2025-09-19,Pécs,Mobile App,Bank Transfer,Completed
64726274,51232,926759,1,24.36,0,0.0,24.36,3.6,2025-04-24,2025-04-29,Budapest,Website,Card,Completed
67777014,45415,129550,1,70.69,15,10.6,60.09,7.63,2026-03-27,2026-03-27,Budapest,Marketplace,Google Pay,Completed
73676787,86989,151291,1,92.74,0,0.0,92.74,5.2,2026-05-27,2026-05-29,Győr,Mobile App,Card,Completed
25335971,37136,659705,1,49.33,0,0.0,49.33,7.84,2026-01-15,2026-01-17,Debrecen,Marketplace,Apple Pay,Completed
21504955,39892,395087,1,121.04,20,24.21,96.83,7.75,2025-03-30,2025-04-02,Budapest,Website,Card,Completed
15970360,15378,786233,2,182.94,0,0.0,365.88,0.0,2026-04-19,2026-04-21,Miskolc,Mobile App,Card,Completed
24020136,26644,172877,1,64.26,0,0.0,64.26,7.21,2026-01-24,2026-01-30,Szombathely,Marketplace,Card,Completed
69437919,20967,669829,1,126.76,0,0.0,126.76,0.0,2025-04-17,2025-04-18,Kecskemét,Marketplace,Apple Pay,Completed
33177626,51232,369424,1,25.91,0,0.0,25.91,7.58,2025-04-03,2025-04-09,Miskolc,Website,Card,Completed
24242766,23801,921021,1,34.32,0,0.0,34.32,8.97,2025-12-11,2025-12-13,Székesfehérvár,Marketplace,Cash on Delivery,Completed
30311999,17471,272100,1,30.65,15,4.6,26.05,6.31,2026-03-04,2026-03-06,Székesfehérvár,Website,Card,Returned
56383417,39892,967844,1,116.42,10,11.64,104.78,0.0,2025-11-08,2025-11-10,Budapest,Website,Apple Pay,Completed
68757191,86989,316143,1,92.55,0,0.0,92.55,7.14,2026-08-06,2026-08-09,Budapest,Mobile App,Card,Completed
38307387,49073,876408,1,89.58,0,0.0,89.58,5.01,2025-10-30,2025-11-03,Budapest,Website,Card,Completed
65397357,45415,467348,1,69.63,0,0.0,69.63,8.23,2025-02-02,2025-02-04,Budapest,Website,PayPal,Completed
26102458,45415,219553,1,71.13,0,0.0,71.13,4.0,2026-06-28,2026-06-30,Miskolc,Mobile App,Apple Pay,Completed
95678488,51232,403728,1,24.8,10,2.48,22.32,5.81,2025-07-01,2025-07-02,Szombathely,Mobile App,Card,Completed
60248643,17471,794821,4,30.39,0,0.0,121.56,0.0,2026-08-16,2026-08-17,Budapest,Website,Card,Completed
23629872,39892,925669,1,117.83,0,0.0,117.83,4.42,2026-02-06,2026-02-08,Budapest,Website,PayPal,Completed
41489597,86989,506816,1,88.79,5,4.44,84.35,5.13,2025-09-22,2025-09-23,Budapest,Mobile App,Apple Pay,Completed
36720307,51232,855314,1,25.0,10,2.5,22.5,0.0,2025-12-07,,Szeged,Website,Apple Pay,Cancelled
54487019,45415,168678,4,69.76,0,0.0,279.04,0.0,2025-06-30,2025-07-02,Debrecen,Marketplace,Card,Completed
91606663,45415,371473,3,70.04,15,31.52,178.6,0.0,2025-11-21,2025-11-22,Budapest,Website,Card,Completed
85020591,15378,289020,1,184.59,15,27.69,156.9,5.78,2025-07-06,2025-07-10,Győr,Website,Card,Completed
54996328,39892,942112,2,123.57,5,12.36,234.78,0.0,2025-06-10,2025-06-14,Budapest,Mobile App,Bank Transfer,Completed
76988370,49073,666900,1,87.56,25,21.89,65.67,3.5,2026-08-25,2026-08-28,Sopron,Website,Card,Completed
49959736,51232,318337,1,24.6,0,0.0,24.6,4.1,2025-06-17,2025-06-19,Budapest,Website,Bank Transfer,Completed
96116585,51232,805042,1,24.58,10,2.46,22.12,4.34,2025-05-23,2025-05-24,Budapest,Website,Card,Completed
20334798,51232,516826,1,25.28,20,5.06,20.22,5.85,2025-12-02,2025-12-08,Debrecen,Website,Card,Completed
14096260,86989,727559,1,88.96,10,8.9,80.06,8.93,2025-07-07,2025-07-08,Szeged,Website,PayPal,Completed
25746003,45415,385603,1,70.76,0,0.0,70.76,3.89,2025-12-18,2025-12-22,Debrecen,Mobile App,Google Pay,Completed
15111841,45415,676533,1,69.64,10,6.96,62.68,4.4,2026-04-09,2026-04-13,Székesfehérvár,Marketplace,Card,Completed
63816114,72384,724022,1,58.87,0,0.0,58.87,3.61,2025-03-27,2025-03-28,Nyíregyháza,Website,Bank Transfer,Completed
29638832,85983,274680,1,92.79,0,0.0,92.79,5.06,2026-03-08,2026-03-13,Miskolc,Retail Store,Apple Pay,Completed
30064470,49073,472199,1,91.55,0,0.0,91.55,7.21,2025-04-12,2025-04-13,Debrecen,Marketplace,PayPal,Completed
70520683,26644,378969,2,65.89,0,0.0,131.78,6.64,2026-08-12,2026-08-14,Nyíregyháza,Mobile App,Bank Transfer,Completed
31071112,51232,301238,1,25.55,10,2.56,22.99,6.45,2026-01-27,2026-01-28,Budapest,Website,Card,Completed
36859833,20967,245515,3,132.26,15,59.52,337.26,3.97,2026-03-20,2026-03-25,Budapest,Mobile App,Apple Pay,Completed
28712754,51232,827616,1,24.41,20,4.88,19.53,8.33,2025-06-10,2025-06-11,Debrecen,Website,Apple Pay,Completed
25090159,51232,706778,3,25.59,0,0.0,76.77,6.45,2026-02-19,2026-02-22,Budapest,Mobile App,Card,Completed
97855166,15378,559340,1,176.51,0,0.0,176.51,0.0,2025-03-14,2025-03-20,Budapest,Website,Card,Completed
63803905,17471,496240,1,29.2,0,0.0,29.2,5.03,2026-01-28,2026-02-02,Budapest,Website,Bank Transfer,Completed
10627041,15378,273306,1,183.17,10,18.32,164.85,0.0,2025-04-26,2025-04-28,Debrecen,Mobile App,Card,Completed
46266788,20967,195812,1,132.34,0,0.0,132.34,0.0,2025-05-02,2025-05-05,Budapest,Website,Card,Completed
49849755,86989,963120,1,91.32,10,9.13,82.19,4.8,2026-01-11,2026-01-17,Kecskemét,Mobile App,PayPal,Completed
81652364,86989,618831,1,91.42,0,0.0,91.42,0.0,2025-08-11,,Debrecen,Website,Apple Pay,Cancelled
96792615,45415,233768,1,68.23,0,0.0,68.23,5.53,2025-08-10,2025-08-15,Budapest,Website,Google Pay,Completed
45635915,20967,346105,2,128.79,0,0.0,257.58,0.0,2025-07-05,2025-07-08,Pécs,Website,Apple Pay,Completed
52085757,49073,921021,1,92.7,0,0.0,92.7,8.3,2025-09-06,2025-09-11,Budapest,Website,Card,Completed
89817841,39892,841862,1,117.46,10,11.75,105.71,0.0,2025-11-15,2025-11-22,Veszprém,Mobile App,Card,Completed
48604942,20967,951479,3,133.87,0,0.0,401.61,0.0,2025-11-05,2025-11-05,Kecskemét,Website,Card,Completed
50899976,45415,236297,1,71.76,0,0.0,71.76,6.89,2025-03-23,2025-03-29,Veszprém,Marketplace,PayPal,Completed
88374556,37136,720701,2,49.19,10,9.84,88.54,4.52,2026-08-24,2026-08-25,Sopron,Retail Store,Apple Pay,Completed
18312636,95437,184904,3,54.27,0,0.0,162.81,0.0,2026-07-17,2026-07-20,Nyíregyháza,Website,Cash on Delivery,Completed
44875490,77262,460921,1,111.45,0,0.0,111.45,5.06,2025-12-25,2025-12-30,Budapest,Mobile App,Bank Transfer,Completed
17635908,37136,781835,1,49.36,15,7.4,41.96,4.57,2026-01-31,2026-01-31,Debrecen,Website,PayPal,Completed
56232879,20967,886023,4,130.72,20,104.58,418.3,0.0,2026-04-20,2026-04-24,Tatabánya,Website,Card,Returned
44291098,77262,652521,1,110.06,0,0.0,110.06,0.0,2025-10-21,2025-10-22,Budapest,Mobile App,Google Pay,Completed
29594312,85983,955347,1,93.1,0,0.0,93.1,0.0,2025-06-01,,Győr,Retail Store,Card,Cancelled
36599681,17471,730051,2,29.56,0,0.0,59.12,8.68,2025-04-20,2025-04-22,Budapest,Marketplace,Card,Completed
16107072,15378,317060,1,182.73,10,18.27,164.46,0.0,2026-03-25,2026-03-27,Érd,Website,Card,Returned
99769408,49073,226609,2,88.06,10,17.61,158.51,0.0,2025-09-12,2025-09-15,Budapest,Mobile App,Card,Completed
29034761,23801,473332,1,34.18,15,5.13,29.05,5.56,2026-05-11,2026-05-17,Kecskemét,Mobile App,Card,Completed
40424307,45415,988380,1,69.95,20,13.99,55.96,5.88,2025-04-05,2025-04-12,Szeged,Website,Card,Completed
90143318,20967,513992,3,134.83,0,0.0,404.49,0.0,2025-05-06,2025-05-13,Budapest,Website,Card,Completed
55993364,72384,499460,3,59.48,15,26.77,151.67,0.0,2026-05-22,2026-05-23,Szombathely,Website,Card,Returned
34255933,49073,366220,2,90.59,0,0.0,181.18,0.0,2025-12-28,2025-12-29,Érd,Website,Card,Completed
81063549,85983,895377,1,93.36,0,0.0,93.36,4.86,2025-06-15,2025-06-18,Budapest,Website,Card,Completed
74741147,15378,963120,1,179.94,0,0.0,179.94,6.89,2026-04-27,2026-05-04,Szombathely,Mobile App,Cash on Delivery,Completed
86813342,45415,339301,2,68.84,0,0.0,137.68,5.99,2025-01-09,2025-01-11,Eger,Mobile App,Card,Completed
14683729,15378,543130,1,178.49,0,0.0,178.49,0.0,2025-11-13,2025-11-14,Győr,Marketplace,Google Pay,Completed
85118969,15378,693413,1,184.87,15,27.73,157.14,0.0,2025-10-07,2025-10-08,Budapest,Marketplace,Card,Completed
40848105,86989,979755,2,92.45,0,0.0,184.9,0.0,2025-12-04,2025-12-07,Budapest,Mobile App,Google Pay,Completed
88831306,51232,157689,1,24.64,0,0.0,24.64,7.95,2025-03-01,2025-03-02,Budapest,Website,Card,Completed
24686426,86989,875321,1,88.18,0,0.0,88.18,4.1,2025-12-03,2025-12-06,Debrecen,Marketplace,Apple Pay,Returned
30132663,51232,486133,1,24.63,0,0.0,24.63,8.57,2025-05-26,2025-05-28,Debrecen,Website,Card,Completed
56186354,20967,859568,1,129.57,0,0.0,129.57,0.0,2026-06-26,2026-06-27,Debrecen,Website,Card,Completed
91846387,37136,505234,1,49.24,0,0.0,49.24,4.49,2026-03-22,2026-03-22,Budapest,Website,PayPal,Completed
13577511,86989,706778,1,87.52,0,0.0,87.52,4.27,2025-11-24,2025-11-26,Győr,Marketplace,Card,Completed
95146478,51232,385992,2,25.41,0,0.0,50.82,8.69,2025-06-16,2025-06-18,Budapest,Website,PayPal,Completed
70674419,85983,831619,1,92.25,0,0.0,92.25,5.54,2026-01-12,2026-01-14,Nyíregyháza,Website,PayPal,Completed
53620131,86989,384280,1,87.84,10,8.78,79.06,4.7,2025-12-05,2025-12-09,Budapest,Marketplace,Bank Transfer,Completed
60915942,37136,732852,1,51.19,0,0.0,51.19,7.82,2026-01-02,2026-01-03,Budapest,Website,Bank Transfer,Completed
16928555,51232,152946,4,25.54,10,10.22,91.94,6.28,2025-06-12,2025-06-14,Eger,Website,PayPal,Completed
66072026,37136,649042,2,50.58,0,0.0,101.16,0.0,2025-06-07,2025-06-10,Pécs,Website,Card,Completed
85814660,49073,573807,1,89.0,10,8.9,80.1,5.07,2025-12-25,2025-12-28,Budapest,Website,Apple Pay,Completed
12036427,77262,467427,1,114.2,0,0.0,114.2,0.0,2026-02-11,2026-02-12,Győr,Mobile App,Bank Transfer,Completed
53144444,45415,344064,2,68.84,0,0.0,137.68,0.0,2025-03-16,2025-03-18,Debrecen,Website,Card,Completed
37534118,20967,976850,1,134.04,0,0.0,134.04,0.0,2026-08-30,2026-09-02,Sopron,Website,Card,Completed
45690703,49073,510037,3,87.85,20,52.71,210.84,0.0,2025-02-22,2025-02-25,Budapest,Website,Google Pay,Completed
63872062,86989,463432,1,89.08,20,17.82,71.26,7.38,2025-10-08,2025-10-11,Érd,Website,Apple Pay,Completed
38019322,85983,188801,1,97.02,0,0.0,97.02,6.29,2026-01-05,2026-01-09,Miskolc,Website,Google Pay,Completed
70934909,20967,655289,1,133.4,10,13.34,120.06,0.0,2026-08-22,2026-08-26,Budapest,Marketplace,Bank Transfer,Completed
57954014,45415,671028,1,72.73,0,0.0,72.73,7.58,2025-07-25,2025-07-28,Pécs,Mobile App,Card,Completed
53237037,85983,247968,1,96.07,0,0.0,96.07,3.55,2026-08-22,2026-08-24,Budapest,Marketplace,Card,Completed
56814694,26644,969188,3,65.09,0,0.0,195.27,0.0,2025-12-23,,Sopron,Website,PayPal,Cancelled
87516733,51232,369424,2,25.18,20,10.07,40.29,6.5,2025-07-19,2025-07-20,Budapest,Website,Card,Completed
43656514,86989,159374,1,90.28,5,4.51,85.77,4.18,2026-08-03,2026-08-04,Budapest,Mobile App,Card,Completed
53618040,86989,827616,2,88.19,5,8.82,167.56,0.0,2025-02-03,2025-02-06,Budapest,Mobile App,Card,Completed
86239567,17471,384280,2,30.7,0,0.0,61.4,4.12,2025-08-10,2025-08-11,Miskolc,Website,Card,Completed
40614008,86989,570776,2,88.22,0,0.0,176.44,0.0,2025-07-26,2025-07-29,Győr,Marketplace,Card,Completed
97766215,86989,397617,2,92.13,0,0.0,184.26,6.49,2025-08-06,2025-08-08,Győr,Mobile App,Card,Completed
98957556,51232,428612,1,25.03,0,0.0,25.03,4.22,2026-05-04,2026-05-07,Szeged,Mobile App,Card,Completed
79491199,20967,436370,1,129.34,10,12.93,116.41,5.89,2025-02-01,2025-02-03,Budapest,Mobile App,Apple Pay,Completed
53164085,51232,628419,1,25.2,20,5.04,20.16,4.64,2025-03-16,2025-03-23,Debrecen,Marketplace,Card,Completed
48642261,45415,487192,1,69.88,5,3.49,66.39,5.58,2025-08-14,2025-08-15,Pécs,Website,Cash on Delivery,Completed
14933927,45415,380978,1,72.75,0,0.0,72.75,5.74,2025-08-19,2025-08-20,Szeged,Retail Store,Bank Transfer,Completed
16923528,49073,255503,1,89.14,10,8.91,80.23,7.37,2025-10-22,2025-10-25,Kecskemét,Website,Card,Completed
35394648,17471,380978,3,29.33,25,22.0,65.99,4.8,2025-10-18,2025-10-21,Miskolc,Mobile App,Google Pay,Completed
50112337,15378,254929,1,180.77,0,0.0,180.77,6.55,2025-10-15,2025-10-17,Budapest,Website,Google Pay,Completed
82484403,51232,495871,1,25.6,0,0.0,25.6,8.57,2026-05-17,2026-05-19,Győr,Website,Card,Completed
76964889,20967,586787,1,131.0,25,32.75,98.25,8.97,2025-11-03,2025-11-08,Budapest,Marketplace,Card,Completed
67046412,86989,268958,2,87.54,0,0.0,175.08,0.0,2025-11-05,2025-11-07,Debrecen,Website,Apple Pay,Completed
25212039,15378,687791,1,185.88,0,0.0,185.88,0.0,2025-06-27,2025-06-28,Pécs,Mobile App,Apple Pay,Completed
79387981,37136,610661,1,51.21,0,0.0,51.21,4.66,2026-01-17,2026-01-22,Szeged,Website,Card,Completed
39726136,15378,524756,1,179.14,0,0.0,179.14,4.32,2025-08-12,2025-08-13,Tatabánya,Website,Card,Returned
26721118,49073,781835,1,89.3,5,4.46,84.84,7.38,2025-12-01,2025-12-06,Budapest,Website,Google Pay,Completed
20487428,45415,902953,1,72.25,0,0.0,72.25,6.79,2026-06-29,2026-07-02,Eger,Website,Bank Transfer,Completed
52741167,51232,953459,2,24.25,0,0.0,48.5,5.99,2025-03-09,2025-03-15,Nyíregyháza,Website,Google Pay,Completed
45781644,39892,501142,1,119.9,15,17.98,101.92,6.47,2026-07-16,2026-07-21,Sopron,Marketplace,PayPal,Completed
36790163,26644,463225,1,64.17,10,6.42,57.75,3.55,2026-02-26,2026-02-28,Debrecen,Retail Store,Card,Completed
66928909,45415,133982,1,72.6,5,3.63,68.97,6.67,2025-05-05,2025-05-08,Nyíregyháza,Website,Bank Transfer,Completed
76233408,95437,945366,1,56.27,0,0.0,56.27,4.14,2025-09-16,2025-09-17,Érd,Marketplace,Card,Completed
53414971,49073,445644,2,93.35,0,0.0,186.7,0.0,2026-07-15,2026-07-17,Debrecen,Website,Card,Completed
37409952,85983,409141,1,98.42,20,19.68,78.74,6.45,2025-06-05,2025-06-06,Székesfehérvár,Website,Card,Completed
87868271,45415,234812,1,71.48,10,7.15,64.33,6.61,2026-06-10,2026-06-10,Győr,Website,Google Pay,Completed
34944734,20967,878074,1,132.78,10,13.28,119.5,0.0,2025-10-24,2025-10-26,Tatabánya,Website,Card,Completed
15689622,86989,823480,3,92.87,10,27.86,250.75,0.0,2026-05-18,2026-05-20,Budapest,Website,Google Pay,Completed
73666773,26644,981714,1,66.07,20,13.21,52.86,4.54,2025-10-21,2025-10-22,Budapest,Website,Cash on Delivery,Completed
21197910,23801,479585,1,35.78,10,3.58,32.2,8.53,2025-05-19,2025-05-21,Budapest,Marketplace,Apple Pay,Completed
58737816,23801,348650,1,34.34,10,3.43,30.91,4.41,2025-01-14,2025-01-19,Eger,Retail Store,Apple Pay,Completed
84201975,72384,588136,2,62.25,0,0.0,124.5,0.0,2025-05-21,2025-05-23,Pécs,Mobile App,Bank Transfer,Completed
39345584,49073,133884,1,89.64,25,22.41,67.23,6.11,2025-11-30,2025-12-07,Veszprém,Website,Apple Pay,Completed
38681774,85983,349351,1,95.76,10,9.58,86.18,6.56,2026-06-20,2026-06-21,Kecskemét,Mobile App,PayPal,Completed
47589575,37136,987761,1,48.73,0,0.0,48.73,7.64,2025-12-15,2025-12-18,Tatabánya,Website,Bank Transfer,Returned
85695405,45415,242339,1,69.71,0,0.0,69.71,6.32,2026-01-17,2026-01-23,Győr,Website,Card,Completed
64172303,86989,610866,1,91.39,0,0.0,91.39,6.5,2025-12-10,2025-12-14,Miskolc,Website,Card,Completed
82872750,86989,184904,2,90.04,10,18.01,162.07,0.0,2026-04-18,2026-04-21,Székesfehérvár,Marketplace,Cash on Delivery,Completed
35978198,95437,147724,1,53.57,0,0.0,53.57,8.45,2025-04-09,2025-04-11,Budapest,Mobile App,Card,Completed
45220325,49073,672817,1,89.35,0,0.0,89.35,7.13,2025-11-29,2025-12-03,Szeged,Marketplace,Card,Completed
29102189,20967,901875,1,131.33,0,0.0,131.33,0.0,2026-03-08,2026-03-11,Budapest,Website,Google Pay,Completed
53443340,20967,387758,1,130.56,0,0.0,130.56,0.0,2025-09-08,2025-09-09,Pécs,Retail Store,Apple Pay,Completed
19567272,17471,920297,1,29.71,5,1.49,28.22,8.15,2025-08-23,2025-08-25,Debrecen,Retail Store,Card,Completed
82510937,51232,981714,3,24.71,0,0.0,74.13,7.26,2026-03-04,2026-03-07,Pécs,Website,Cash on Delivery,Completed
13163360,95437,172231,2,56.71,10,11.34,102.08,0.0,2026-04-16,2026-04-23,Budapest,Website,Card,Completed
43232303,15378,611887,2,181.87,0,0.0,363.74,5.02,2026-06-12,2026-06-14,Szeged,Website,Apple Pay,Completed
47136093,86989,373166,2,88.65,5,8.87,168.43,7.82,2025-05-30,2025-06-03,Budapest,Website,Apple Pay,Completed
46935180,45415,731977,1,71.7,0,0.0,71.7,5.33,2026-04-20,2026-04-23,Székesfehérvár,Website,Card,Completed
67280922,51232,573807,1,25.56,25,6.39,19.17,7.73,2025-08-14,2025-08-16,Kecskemét,Mobile App,Card,Completed
28662282,26644,962411,1,65.27,15,9.79,55.48,7.93,2025-04-04,2025-04-05,Budapest,Website,Cash on Delivery,Returned
50304234,15378,435780,2,177.5,0,0.0,355.0,5.02,2025-09-23,2025-09-26,Pécs,Retail Store,PayPal,Completed
68298282,86989,940608,2,93.33,0,0.0,186.66,0.0,2025-12-24,2025-12-27,Pécs,Retail Store,Google Pay,Completed
73534789,72384,740779,1,62.14,0,0.0,62.14,3.63,2025-04-13,2025-04-16,Budapest,Website,Card,Completed
32091669,72384,935595,1,58.58,0,0.0,58.58,6.14,2025-08-09,2025-08-10,Miskolc,Mobile App,Card,Completed
79484268,77262,761524,1,113.66,0,0.0,113.66,0.0,2025-05-15,2025-05-17,Budapest,Website,Card,Completed
52672190,45415,705908,1,72.1,10,7.21,64.89,6.95,2026-05-23,2026-05-25,Budapest,Website,Cash on Delivery,Completed
17244468,45415,974369,1,71.53,10,7.15,64.38,8.27,2025-08-22,2025-08-25,Tatabánya,Website,Bank Transfer,Completed
41765059,49073,439383,1,87.86,10,8.79,79.07,6.47,2025-05-27,2025-05-31,Budapest,Retail Store,Card,Completed
25653757,23801,911893,1,35.93,0,0.0,35.93,3.83,2026-04-02,2026-04-03,Budapest,Website,Card,Completed
46692858,86989,356196,1,88.84,15,13.33,75.51,5.43,2026-06-15,2026-06-18,Érd,Retail Store,Apple Pay,Returned
33537561,15378,237642,1,184.63,10,18.46,166.17,0.0,2025-04-02,2025-04-07,Sopron,Retail Store,Apple Pay,Completed
59980147,37136,232212,2,48.55,0,0.0,97.1,8.1,2025-03-10,2025-03-16,Debrecen,Website,Card,Completed
16851754,51232,453566,1,25.7,5,1.29,24.41,7.82,2025-12-22,2025-12-27,Budapest,Website,Apple Pay,Completed
78115676,86989,714879,5,88.3,10,44.15,397.35,0.0,2026-02-22,2026-02-26,Budapest,Marketplace,Cash on Delivery,Completed
57524527,20967,237642,1,134.99,5,6.75,128.24,0.0,2026-05-26,2026-05-30,Kecskemét,Website,PayPal,Completed
19609680,20967,590655,1,129.16,0,0.0,129.16,0.0,2025-10-14,2025-10-15,Budapest,Mobile App,Cash on Delivery,Completed
42038205,77262,756899,1,111.41,0,0.0,111.41,0.0,2025-10-27,2025-10-28,Budapest,Website,Card,Completed
19114064,26644,239226,1,64.89,0,0.0,64.89,0.0,2025-04-30,,Szeged,Mobile App,Apple Pay,Cancelled
81187579,37136,355217,1,50.92,5,2.55,48.37,3.98,2025-10-11,2025-10-14,Debrecen,Website,PayPal,Completed
91431136,86989,397617,1,91.36,0,0.0,91.36,7.79,2025-01-06,2025-01-07,Budapest,Website,PayPal,Completed
22613457,86989,473542,2,89.58,15,26.87,152.29,0.0,2026-06-10,2026-06-13,Debrecen,Retail Store,PayPal,Completed
91946502,86989,894086,1,88.13,10,8.81,79.32,8.94,2025-02-27,2025-03-03,Szombathely,Website,Bank Transfer,Completed
15769914,49073,646402,1,90.06,0,0.0,90.06,5.94,2025-07-08,2025-07-12,Budapest,Website,Apple Pay,Completed
26634656,51232,591244,3,25.97,15,11.69,66.22,8.44,2025-03-21,2025-03-23,Budapest,Marketplace,Apple Pay,Completed
56980771,72384,964696,2,59.79,0,0.0,119.58,0.0,2025-07-23,2025-07-24,Kecskemét,Mobile App,Card,Completed
28667127,85983,410557,1,96.7,25,24.18,72.52,5.49,2026-05-18,2026-05-21,Szombathely,Website,Card,Completed
51012679,20967,242339,5,131.17,0,0.0,655.85,5.01,2025-10-05,2025-10-06,Győr,Website,Apple Pay,Completed
61124260,15378,761079,1,176.82,0,0.0,176.82,3.74,2025-04-23,2025-04-25,Budapest,Retail Store,Card,Completed
16671749,85983,400505,2,94.46,0,0.0,188.92,6.38,2026-01-29,2026-02-01,Budapest,Mobile App,Cash on Delivery,Completed
96336983,51232,460471,1,24.94,0,0.0,24.94,8.95,2026-05-11,2026-05-13,Nyíregyháza,Retail Store,Card,Completed
27483730,20967,159374,1,133.04,0,0.0,133.04,0.0,2025-06-11,2025-06-13,Sopron,Mobile App,Card,Completed
